# Blender v3.1.2 OBJ File: '1x6 diag slope.blend'
# www.blender.org
mtllib 1x6_track.mtl
o slope_track_track_normal.016
v 0.254183 0.025446 -0.255609
v 0.254156 0.041289 -0.255635
v 0.224277 0.041289 -0.225756
v 0.241608 0.041289 -0.243087
v 0.211756 0.025446 -0.213182
v 0.211730 0.041289 -0.213209
v 0.241609 0.071584 -0.243088
v 0.224277 0.071584 -0.225757
v 0.217465 0.071584 -0.218944
v 0.217465 0.085803 -0.218944
v 0.248421 0.085803 -0.249900
v 0.248421 0.071584 -0.249900
v -0.255635 0.025803 0.254156
v -0.255635 0.041289 0.254156
v -0.213209 0.025803 0.211730
v -0.225756 0.041289 0.224277
v -0.213209 0.041289 0.211730
v -0.243087 0.041289 0.241608
v -0.249900 0.071584 0.248421
v -0.249900 0.085803 0.248421
v -0.225757 0.071584 0.224277
v -0.243088 0.071584 0.241609
v -0.218944 0.085803 0.217465
v -0.218944 0.071584 0.217465
v -0.101724 -0.008903 0.305381
v -0.108343 0.070548 0.298762
v -0.129557 0.070548 0.319975
v -0.122937 -0.008903 0.326594
v -0.122791 -0.012413 0.284314
v -0.129411 0.067037 0.277694
v -0.144005 -0.012413 0.305527
v -0.150624 0.067037 0.298907
v 0.319975 0.070548 -0.129557
v 0.298762 0.070548 -0.108344
v 0.305381 -0.008903 -0.101724
v 0.326595 -0.008903 -0.122937
v 0.277694 0.067037 -0.129411
v 0.284314 -0.012413 -0.122792
v 0.298908 0.067037 -0.150624
v 0.305527 -0.012413 -0.144005
v 0.473183 -0.007155 -0.191497
v 0.468219 0.052432 -0.196462
v -0.196462 0.052432 0.468218
v -0.191497 -0.007155 0.473183
v 0.374868 -0.023538 -0.289812
v 0.369904 0.036050 -0.294777
v -0.289812 -0.023538 0.374868
v -0.294777 0.036050 0.369903
v 0.073838 0.020352 0.480943
v 0.067219 0.099802 0.474324
v 0.046006 0.099802 0.495537
v 0.052625 0.020352 0.502156
v 0.052771 0.016841 0.459876
v 0.046151 0.096291 0.453256
v 0.031558 0.016841 0.481089
v 0.024938 0.096291 0.474470
v 0.495537 0.099802 0.046005
v 0.474324 0.099802 0.067218
v 0.480944 0.020352 0.073838
v 0.502157 0.020352 0.052625
v 0.453257 0.096291 0.046151
v 0.459876 0.016841 0.052770
v 0.474470 0.096291 0.024938
v 0.481089 0.016841 0.031557
v 0.648745 0.022099 -0.015935
v 0.643781 0.081687 -0.020900
v -0.020900 0.081687 0.643780
v -0.015935 0.022099 0.648745
v 0.550431 0.005716 -0.114250
v 0.545466 0.065304 -0.119215
v -0.114250 0.005716 0.550430
v -0.119214 0.065304 0.545466
v 0.249400 0.049606 0.656506
v 0.242781 0.129056 0.649886
v 0.221568 0.129056 0.671099
v 0.228187 0.049606 0.677719
v 0.228333 0.046095 0.635438
v 0.221713 0.125546 0.628819
v 0.207120 0.046095 0.656651
v 0.200500 0.125546 0.650032
v 0.671100 0.129056 0.221567
v 0.649886 0.129056 0.242781
v 0.656506 0.049606 0.249400
v 0.677719 0.049606 0.228187
v 0.628819 0.125546 0.221713
v 0.635438 0.046095 0.228333
v 0.650032 0.125546 0.200500
v 0.656652 0.046095 0.207119
v 0.824308 0.051353 0.159627
v 0.819343 0.110941 0.154662
v 0.154663 0.110941 0.819343
v 0.159627 0.051353 0.824307
v 0.725993 0.034971 0.061312
v 0.721028 0.094559 0.056348
v 0.061312 0.034971 0.725993
v 0.056348 0.094559 0.721028
v 0.940096 0.187930 0.455399
v 0.914776 0.202051 0.478366
v 0.915953 0.187930 0.479543
v 0.922765 0.187930 0.472731
v 0.946908 0.187930 0.448587
v 0.945732 0.202051 0.447411
v 0.914005 0.142463 0.489066
v 0.956432 0.142463 0.446640
v 0.955150 0.157843 0.445359
v 0.942603 0.157843 0.457906
v 0.925272 0.157843 0.475237
v 0.912724 0.157843 0.487785
v 0.479543 0.187930 0.915952
v 0.478367 0.202051 0.914776
v 0.455400 0.187930 0.940096
v 0.472731 0.187930 0.922764
v 0.447411 0.202051 0.945731
v 0.448587 0.187930 0.946908
v 0.445359 0.157843 0.955150
v 0.446640 0.142463 0.956431
v 0.475238 0.157843 0.925271
v 0.457906 0.157843 0.942602
v 0.489067 0.142463 0.914005
v 0.487785 0.157843 0.912724
v 0.424963 0.078860 0.832068
v 0.418343 0.158311 0.825448
v 0.397130 0.158311 0.846661
v 0.403749 0.078860 0.853281
v 0.403895 0.075350 0.811000
v 0.397276 0.154800 0.804381
v 0.382682 0.075350 0.832214
v 0.376063 0.154800 0.825594
v 0.846662 0.158311 0.397130
v 0.825449 0.158311 0.418343
v 0.832068 0.078860 0.424962
v 0.853281 0.078860 0.403749
v 0.804381 0.154800 0.397275
v 0.811001 0.075350 0.403895
v 0.825594 0.154800 0.376062
v 0.832214 0.075350 0.382682
v 0.999870 0.080608 0.335189
v 0.994905 0.140195 0.330225
v 0.330225 0.140195 0.994905
v 0.335189 0.080608 0.999870
v 0.901555 0.064225 0.236874
v 0.896590 0.123813 0.231910
v 0.236875 0.064225 0.901555
v 0.231910 0.123813 0.896590
v 0.600525 0.108115 1.007630
v 0.593905 0.187565 1.001011
v 0.572692 0.187565 1.022224
v 0.579312 0.108115 1.028843
v 0.579457 0.104604 0.986562
v 0.572838 0.184054 0.979943
v 0.558244 0.104604 1.007776
v 0.551625 0.184054 1.001156
v 1.022224 0.187565 0.572692
v 1.001011 0.187565 0.593905
v 1.007630 0.108115 0.600525
v 1.028844 0.108115 0.579311
v 0.979943 0.184054 0.572838
v 0.986563 0.104604 0.579457
v 1.001156 0.184054 0.551624
v 1.007776 0.104604 0.558244
v 1.175432 0.109862 0.510751
v 1.170467 0.169450 0.505787
v 0.505787 0.169450 1.170467
v 0.510752 0.109862 1.175432
v 1.077117 0.093480 0.412437
v 1.072153 0.153067 0.407472
v 0.412437 0.093480 1.077117
v 0.407472 0.153067 1.072152
v 0.776087 0.137369 1.183192
v 0.769468 0.216819 1.176573
v 0.748254 0.216819 1.197786
v 0.754874 0.137369 1.204405
v 0.755020 0.133858 1.162125
v 0.748400 0.213309 1.155505
v 0.733806 0.133858 1.183338
v 0.727187 0.213309 1.176718
v 1.197786 0.216819 0.748254
v 1.176573 0.216819 0.769467
v 1.183192 0.137369 0.776087
v 1.204406 0.137369 0.754874
v 1.155506 0.213309 0.748400
v 1.162125 0.133858 0.755019
v 1.176719 0.213309 0.727187
v 1.183338 0.133858 0.733806
v 1.350994 0.139116 0.686314
v 1.346030 0.198704 0.681349
v 0.681349 0.198704 1.346029
v 0.686314 0.139116 1.350994
v 1.252679 0.122734 0.587999
v 1.247715 0.182322 0.583034
v 0.587999 0.122734 1.252679
v 0.583034 0.182322 1.247715
v 0.951649 0.166623 1.358754
v 0.945030 0.246074 1.352135
v 0.923817 0.246074 1.373348
v 0.930436 0.166623 1.379968
v 0.930582 0.163113 1.337687
v 0.923962 0.242563 1.331067
v 0.909369 0.163113 1.358900
v 0.902749 0.242563 1.352281
v 1.373348 0.246074 0.923816
v 1.352135 0.246074 0.945029
v 1.358755 0.166623 0.951649
v 1.379968 0.166623 0.930436
v 1.331068 0.242563 0.923962
v 1.337687 0.163113 0.930582
v 1.352281 0.242563 0.902749
v 1.358900 0.163113 0.909368
v 1.526556 0.168371 0.861876
v 1.521592 0.227959 0.856911
v 0.856912 0.227959 1.521592
v 0.861876 0.168371 1.526556
v 1.428242 0.151988 0.763561
v 1.423277 0.211576 0.758596
v 0.763561 0.151988 1.428241
v 0.758597 0.211576 1.423277
v 1.642345 0.304947 1.157648
v 1.617025 0.319068 1.180615
v 1.618201 0.304947 1.181792
v 1.625014 0.304947 1.174980
v 1.649157 0.304947 1.150836
v 1.647981 0.319068 1.149660
v 1.616254 0.259481 1.191315
v 1.658681 0.259481 1.148889
v 1.657399 0.274860 1.147608
v 1.644852 0.274860 1.160155
v 1.627521 0.274860 1.177486
v 1.614973 0.274860 1.190034
v 1.181792 0.304947 1.618201
v 1.180616 0.319068 1.617025
v 1.157649 0.304947 1.642345
v 1.174980 0.304947 1.625013
v 1.149660 0.319068 1.647980
v 1.150836 0.304947 1.649157
v 1.147608 0.274860 1.657399
v 1.148889 0.259481 1.658680
v 1.177487 0.274860 1.627520
v 1.160155 0.274860 1.644851
v 1.191316 0.259481 1.616254
v 1.190034 0.274860 1.614973
v 1.127212 0.195878 1.534317
v 1.120592 0.275328 1.527697
v 1.099379 0.275328 1.548910
v 1.105998 0.195878 1.555530
v 1.106144 0.192367 1.513249
v 1.099525 0.271818 1.506630
v 1.084931 0.192367 1.534462
v 1.078311 0.271818 1.527843
v 1.548911 0.275328 1.099379
v 1.527697 0.275328 1.120592
v 1.534317 0.195878 1.127211
v 1.555530 0.195878 1.105998
v 1.506630 0.271818 1.099524
v 1.513250 0.192367 1.106144
v 1.527843 0.271818 1.078311
v 1.534463 0.192367 1.084931
v 1.702119 0.197625 1.037438
v 1.697154 0.257213 1.032474
v 1.032474 0.257213 1.697154
v 1.037438 0.197625 1.702119
v 1.603804 0.181243 0.939123
v 1.598839 0.240830 0.934159
v 0.939124 0.181243 1.603804
v 0.934159 0.240830 1.598839
v 1.302774 0.225132 1.709879
v 1.296154 0.304582 1.703259
v 1.274941 0.304582 1.724473
v 1.281561 0.225132 1.731092
v 1.281706 0.221622 1.688812
v 1.275087 0.301072 1.682192
v 1.260493 0.221622 1.710025
v 1.253874 0.301072 1.703405
v 1.724473 0.304582 1.274941
v 1.703260 0.304582 1.296154
v 1.709879 0.225132 1.302773
v 1.731092 0.225132 1.281560
v 1.682192 0.301072 1.275087
v 1.688812 0.221622 1.281706
v 1.703406 0.301072 1.253873
v 1.710025 0.221622 1.260493
v 1.877681 0.226879 1.213000
v 1.872716 0.286467 1.208036
v 1.208036 0.286467 1.872716
v 1.213001 0.226879 1.877681
v 1.779366 0.210497 1.114686
v 1.774402 0.270085 1.109721
v 1.114686 0.210497 1.779366
v 1.109721 0.270085 1.774401
v 1.478336 0.254386 1.885441
v 1.471717 0.333837 1.878822
v 1.450503 0.333837 1.900035
v 1.457123 0.254386 1.906654
v 1.457269 0.250876 1.864374
v 1.450649 0.330326 1.857754
v 1.436055 0.250876 1.885587
v 1.429436 0.330326 1.878967
v 1.900035 0.333837 1.450503
v 1.878822 0.333837 1.471716
v 1.885442 0.254386 1.478336
v 1.906655 0.254386 1.457123
v 1.857754 0.330326 1.450649
v 1.864374 0.250876 1.457268
v 1.878968 0.330326 1.429436
v 1.885587 0.250876 1.436055
v 2.053243 0.256134 1.388563
v 2.048279 0.315722 1.383598
v 1.383598 0.315722 2.048278
v 1.388563 0.256134 2.053243
v 1.954928 0.239751 1.290248
v 1.949964 0.299339 1.285283
v 1.290248 0.239751 1.954928
v 1.285283 0.299339 1.949964
v 1.653898 0.283641 2.061003
v 1.647279 0.363091 2.054384
v 1.626065 0.363091 2.075597
v 1.632685 0.283641 2.082217
v 1.632831 0.280130 2.039936
v 1.626211 0.359581 2.033316
v 1.611618 0.280130 2.061149
v 1.604998 0.359581 2.054530
v 2.075597 0.363091 1.626065
v 2.054384 0.363091 1.647278
v 2.061004 0.283641 1.653898
v 2.082217 0.283641 1.632685
v 2.033317 0.359581 1.626211
v 2.039936 0.280130 1.632831
v 2.054530 0.359581 1.604998
v 2.061150 0.280130 1.611617
v 2.228805 0.285388 1.564125
v 2.223841 0.344976 1.559160
v 1.559160 0.344976 2.223840
v 1.564125 0.285388 2.228805
v 2.130491 0.269006 1.465810
v 2.125526 0.328594 1.460845
v 1.465810 0.269006 2.130490
v 1.460846 0.328594 2.125526
v 2.344594 0.421965 1.859897
v 2.319274 0.436086 1.882864
v 2.320451 0.421965 1.884041
v 2.327263 0.421965 1.877228
v 2.351406 0.421965 1.853085
v 2.350230 0.436086 1.851909
v 2.318503 0.376498 1.893564
v 2.360929 0.376498 1.851138
v 2.359648 0.391878 1.849856
v 2.347101 0.391878 1.862404
v 2.329769 0.391878 1.879735
v 2.317222 0.391878 1.892283
v 1.884041 0.421965 2.320450
v 1.882865 0.436086 2.319274
v 1.859898 0.421965 2.344594
v 1.877229 0.421965 2.327262
v 1.851909 0.436086 2.350229
v 1.853085 0.421965 2.351406
v 1.849857 0.391878 2.359648
v 1.851138 0.376498 2.360929
v 1.879736 0.391878 2.329769
v 1.862404 0.391878 2.347100
v 1.893565 0.376498 2.318503
v 1.892283 0.391878 2.317222
v 1.829461 0.312895 2.236566
v 1.822841 0.392346 2.229946
v 1.801628 0.392346 2.251159
v 1.808247 0.312895 2.257779
v 1.808393 0.309385 2.215498
v 1.801774 0.388835 2.208879
v 1.787180 0.309385 2.236712
v 1.780560 0.388835 2.230092
v 2.251160 0.392346 1.801628
v 2.229946 0.392346 1.822841
v 2.236566 0.312895 1.829460
v 2.257779 0.312895 1.808247
v 2.208879 0.388835 1.801773
v 2.215498 0.309385 1.808393
v 2.230092 0.388835 1.780560
v 2.236712 0.309385 1.787180
v 2.404368 0.314643 1.739687
v 2.399403 0.374230 1.734722
v 1.734723 0.374230 2.399403
v 1.739687 0.314643 2.404367
v 2.306053 0.298260 1.641372
v 2.301088 0.357848 1.636408
v 1.641372 0.298260 2.306052
v 1.636408 0.357848 2.301088
v 2.005023 0.342150 2.412128
v 1.998403 0.421600 2.405508
v 1.977190 0.421600 2.426722
v 1.983809 0.342150 2.433341
v 1.983955 0.338639 2.391060
v 1.977336 0.418089 2.384441
v 1.962742 0.338639 2.412274
v 1.956123 0.418089 2.405654
v 2.426722 0.421600 1.977190
v 2.405509 0.421600 1.998403
v 2.412128 0.342150 2.005022
v 2.433341 0.342150 1.983809
v 2.384441 0.418089 1.977335
v 2.391061 0.338639 1.983955
v 2.405654 0.418089 1.956122
v 2.412274 0.338639 1.962742
v 2.579930 0.343897 1.915249
v 2.574965 0.403485 1.910285
v 1.910285 0.403485 2.574965
v 1.915249 0.343897 2.579929
v 2.481615 0.327514 1.816934
v 2.476650 0.387102 1.811970
v 1.816935 0.327514 2.481615
v 1.811970 0.387102 2.476650
v 2.180585 0.371404 2.587690
v 2.173965 0.450854 2.581071
v 2.152752 0.450854 2.602284
v 2.159372 0.371404 2.608903
v 2.159517 0.367893 2.566622
v 2.152898 0.447344 2.560003
v 2.138304 0.367893 2.587836
v 2.131685 0.447344 2.581216
v 2.602284 0.450854 2.152752
v 2.581071 0.450854 2.173965
v 2.587690 0.371404 2.180585
v 2.608904 0.371404 2.159372
v 2.560003 0.447344 2.152898
v 2.566623 0.367893 2.159517
v 2.581217 0.447344 2.131684
v 2.587836 0.367893 2.138304
v 2.755492 0.373151 2.090811
v 2.750527 0.432739 2.085847
v 2.085847 0.432739 2.750527
v 2.090812 0.373151 2.755492
v 2.657177 0.356769 1.992497
v 2.652213 0.416357 1.987532
v 1.992497 0.356769 2.657177
v 1.987532 0.416357 2.652212
v 2.356147 0.400658 2.763252
v 2.349528 0.480109 2.756633
v 2.328315 0.480109 2.777846
v 2.334934 0.400658 2.784466
v 2.335080 0.397148 2.742185
v 2.328460 0.476598 2.735565
v 2.313867 0.397148 2.763398
v 2.307247 0.476598 2.756779
v 2.777846 0.480109 2.328314
v 2.756633 0.480109 2.349527
v 2.763252 0.400658 2.356147
v 2.784466 0.400658 2.334934
v 2.735566 0.476598 2.328460
v 2.742185 0.397148 2.335079
v 2.756779 0.476598 2.307247
v 2.763398 0.397148 2.313866
v 2.931054 0.402406 2.266374
v 2.926090 0.461993 2.261409
v 2.261409 0.461993 2.926089
v 2.266374 0.402406 2.931054
v 2.832740 0.386023 2.168059
v 2.827775 0.445611 2.163094
v 2.168059 0.386023 2.832739
v 2.163095 0.445611 2.827775
v 3.046843 0.538982 2.562146
v 3.021523 0.553103 2.585113
v 3.022700 0.538982 2.586290
v 3.029512 0.538982 2.579478
v 3.053655 0.538982 2.555334
v 3.052479 0.553103 2.554158
v 3.020752 0.493516 2.595813
v 3.063179 0.493516 2.553387
v 3.061897 0.508895 2.552105
v 3.049350 0.508895 2.564653
v 3.032018 0.508895 2.581984
v 3.019471 0.508895 2.594532
v 2.586290 0.538982 3.022699
v 2.585114 0.553103 3.021523
v 2.562147 0.538982 3.046843
v 2.579478 0.538982 3.029511
v 2.554158 0.553103 3.052478
v 2.555335 0.538982 3.053655
v 2.552106 0.508895 3.061897
v 2.553387 0.493516 3.063178
v 2.581985 0.508895 3.032018
v 2.564653 0.508895 3.049349
v 2.595814 0.493516 3.020752
v 2.594532 0.508895 3.019471
v 2.531709 0.429913 2.938814
v 2.525090 0.509363 2.932195
v 2.503877 0.509363 2.953408
v 2.510496 0.429913 2.960028
v 2.510642 0.426402 2.917747
v 2.504022 0.505853 2.911128
v 2.489429 0.426402 2.938960
v 2.482809 0.505853 2.932341
v 2.953408 0.509363 2.503876
v 2.932195 0.509363 2.525090
v 2.938815 0.429913 2.531709
v 2.960028 0.429913 2.510496
v 2.911128 0.505853 2.504022
v 2.917747 0.426402 2.510642
v 2.932341 0.505853 2.482809
v 2.938961 0.426402 2.489429
v 3.106616 0.431660 2.441936
v 3.101652 0.491248 2.436971
v 2.436971 0.491248 3.101651
v 2.441936 0.431660 3.106616
v 3.008302 0.415278 2.343621
v 3.003337 0.474865 2.338656
v 2.343621 0.415278 3.008301
v 2.338657 0.474865 3.003337
v 2.707272 0.459167 3.114377
v 2.700652 0.538617 3.107757
v 2.679439 0.538617 3.128971
v 2.686059 0.459167 3.135590
v 2.686204 0.455656 3.093309
v 2.679585 0.535107 3.086690
v 2.664991 0.455656 3.114522
v 2.658371 0.535107 3.107903
v 3.128971 0.538617 2.679439
v 3.107758 0.538617 2.700652
v 3.114377 0.459167 2.707271
v 3.135590 0.459167 2.686058
v 3.086690 0.535107 2.679584
v 3.093309 0.455656 2.686204
v 3.107903 0.535107 2.658371
v 3.114523 0.455656 2.664991
v 3.282179 0.460914 2.617498
v 3.277214 0.520502 2.612534
v 2.612534 0.520502 3.277214
v 2.617498 0.460914 3.282178
v 3.183864 0.444532 2.519183
v 3.178899 0.504120 2.514219
v 2.519184 0.444532 3.183864
v 2.514219 0.504120 3.178899
v 2.882834 0.488421 3.289939
v 2.876214 0.567872 3.283319
v 2.855001 0.567872 3.304533
v 2.861621 0.488421 3.311152
v 2.861766 0.484911 3.268871
v 2.855147 0.564361 3.262252
v 2.840553 0.484911 3.290085
v 2.833934 0.564361 3.283465
v 3.304533 0.567872 2.855001
v 3.283320 0.567872 2.876214
v 3.289939 0.488421 2.882833
v 3.311152 0.488421 2.861620
v 3.262252 0.564361 2.855146
v 3.268872 0.484911 2.861766
v 3.283465 0.564361 2.833933
v 3.290085 0.484911 2.840553
v 3.457741 0.490169 2.793060
v 3.452776 0.549757 2.788096
v 2.788096 0.549757 3.452776
v 2.793061 0.490169 3.457741
v 3.359426 0.473786 2.694746
v 3.354462 0.533374 2.689781
v 2.694746 0.473786 3.359426
v 2.689781 0.533374 3.354461
v 3.058396 0.517676 3.465501
v 3.051776 0.597126 3.458882
v 3.030563 0.597126 3.480095
v 3.037183 0.517676 3.486714
v 3.037328 0.514165 3.444433
v 3.030709 0.593616 3.437814
v 3.016115 0.514165 3.465647
v 3.009496 0.593616 3.459027
v 3.480095 0.597126 3.030563
v 3.458882 0.597126 3.051776
v 3.465501 0.517676 3.058396
v 3.486715 0.517676 3.037183
v 3.437814 0.593616 3.030709
v 3.444434 0.514165 3.037328
v 3.459028 0.593616 3.009495
v 3.465647 0.514165 3.016115
v 3.633303 0.519423 2.968622
v 3.628338 0.579011 2.963658
v 2.963658 0.579011 3.628338
v 2.968623 0.519423 3.633303
v 3.534988 0.503041 2.870308
v 3.530024 0.562628 2.865343
v 2.870308 0.503041 3.534988
v 2.865343 0.562628 3.530023
v 3.749092 0.656000 3.264395
v 3.723772 0.670121 3.287362
v 3.724948 0.656000 3.288539
v 3.731761 0.656000 3.281726
v 3.755904 0.656000 3.257583
v 3.754727 0.670121 3.256406
v 3.723001 0.610533 3.298062
v 3.765428 0.610533 3.255636
v 3.764146 0.625913 3.254354
v 3.751599 0.625913 3.266902
v 3.734267 0.625913 3.284233
v 3.721720 0.625913 3.296781
v 3.288539 0.656000 3.724948
v 3.287362 0.670121 3.723772
v 3.264395 0.656000 3.749091
v 3.281727 0.656000 3.731760
v 3.256407 0.670121 3.754727
v 3.257583 0.656000 3.755904
v 3.254355 0.625913 3.764146
v 3.255636 0.610533 3.765427
v 3.284234 0.625913 3.734267
v 3.266902 0.625913 3.751598
v 3.298062 0.610533 3.723001
v 3.296781 0.625913 3.721720
v 3.233958 0.546930 3.641063
v 3.227339 0.626380 3.634444
v 3.206126 0.626380 3.655657
v 3.212745 0.546930 3.662277
v 3.212891 0.543420 3.619996
v 3.206271 0.622870 3.613376
v 3.191678 0.543420 3.641209
v 3.185058 0.622870 3.634590
v 3.655658 0.626380 3.206125
v 3.634444 0.626380 3.227339
v 3.641064 0.546930 3.233958
v 3.662277 0.546930 3.212745
v 3.613377 0.622870 3.206271
v 3.619996 0.543420 3.212890
v 3.634590 0.622870 3.185058
v 3.641209 0.543420 3.191677
v 3.808866 0.548677 3.144185
v 3.803901 0.608265 3.139220
v 3.139220 0.608265 3.803900
v 3.144185 0.548677 3.808865
v 3.710551 0.532295 3.045870
v 3.705586 0.591883 3.040905
v 3.045870 0.532295 3.710550
v 3.040906 0.591883 3.705586
v 3.409521 0.576184 3.816626
v 3.402901 0.655635 3.810006
v 3.381688 0.655635 3.831219
v 3.388307 0.576184 3.837839
v 3.388453 0.572674 3.795558
v 3.381833 0.652124 3.788939
v 3.367240 0.572674 3.816771
v 3.360620 0.652124 3.810152
v 3.831220 0.655635 3.381687
v 3.810006 0.655635 3.402901
v 3.816626 0.576184 3.409520
v 3.837839 0.576184 3.388307
v 3.788939 0.652124 3.381833
v 3.795558 0.572674 3.388453
v 3.810152 0.652124 3.360620
v 3.816772 0.572674 3.367239
v 3.984428 0.577932 3.319747
v 3.979463 0.637520 3.314782
v 3.314783 0.637520 3.979463
v 3.319747 0.577932 3.984427
v 3.886113 0.561549 3.221432
v 3.881148 0.621137 3.216468
v 3.221432 0.561549 3.886112
v 3.216468 0.621137 3.881148
v 3.585083 0.605439 3.992188
v 3.578463 0.684889 3.985568
v 3.557250 0.684889 4.006782
v 3.563869 0.605439 4.013401
v 3.564015 0.601928 3.971120
v 3.557395 0.681379 3.964501
v 3.542802 0.601928 3.992333
v 3.536182 0.681379 3.985714
v 4.006782 0.684889 3.557250
v 3.985569 0.684889 3.578463
v 3.992188 0.605439 3.585082
v 4.013401 0.605439 3.563869
v 3.964501 0.681379 3.557395
v 3.971120 0.601928 3.564015
v 3.985714 0.681379 3.536182
v 3.992334 0.601928 3.542802
v 4.159990 0.607186 3.495309
v 4.155025 0.666774 3.490345
v 3.490345 0.666774 4.155025
v 3.495309 0.607186 4.159989
v 4.061675 0.590804 3.396994
v 4.056710 0.650392 3.392030
v 3.396995 0.590804 4.061675
v 3.392030 0.650392 4.056710
v 3.760645 0.634693 4.167750
v 3.754025 0.714144 4.161130
v 3.732812 0.714144 4.182343
v 3.739432 0.634693 4.188963
v 3.739577 0.631183 4.146682
v 3.732958 0.710633 4.140063
v 3.718364 0.631183 4.167895
v 3.711745 0.710633 4.161276
v 4.182344 0.714144 3.732812
v 4.161131 0.714144 3.754025
v 4.167750 0.634693 3.760644
v 4.188963 0.634693 3.739431
v 4.140063 0.710633 3.732957
v 4.146683 0.631183 3.739577
v 4.161276 0.710633 3.711744
v 4.167896 0.631183 3.718364
v 4.335552 0.636441 3.670871
v 4.330587 0.696028 3.665907
v 3.665907 0.696028 4.330587
v 3.670872 0.636441 4.335552
v 4.237237 0.620058 3.572557
v 4.232273 0.679646 3.567592
v 3.572557 0.620058 4.237237
v 3.567592 0.679646 4.232273
v 4.451341 0.773017 3.966644
v 4.426021 0.787138 3.989611
v 4.427197 0.773017 3.990788
v 4.434010 0.773017 3.983975
v 4.458153 0.773017 3.959832
v 4.456976 0.787138 3.958655
v 4.425250 0.727551 4.000311
v 4.467677 0.727551 3.957885
v 4.466395 0.742930 3.956604
v 4.453847 0.742930 3.969151
v 4.436516 0.742930 3.986482
v 4.423969 0.742930 3.999030
v 3.990788 0.773017 4.427197
v 3.989611 0.787138 4.426021
v 3.966645 0.773017 4.451341
v 3.983976 0.773017 4.434010
v 3.958656 0.787138 4.456976
v 3.959832 0.773017 4.458153
v 3.956604 0.742930 4.466395
v 3.957885 0.727551 4.467676
v 3.986483 0.742930 4.436516
v 3.969151 0.742930 4.453847
v 4.000311 0.727551 4.425250
v 3.999030 0.742930 4.423968
v 3.936207 0.663948 4.343312
v 3.929588 0.743398 4.336693
v 3.908375 0.743398 4.357906
v 3.914994 0.663948 4.364525
v 3.915140 0.660437 4.322245
v 3.908520 0.739887 4.315625
v 3.893926 0.660437 4.343458
v 3.887307 0.739887 4.336838
v 4.357906 0.743398 3.908374
v 4.336693 0.743398 3.929587
v 4.343313 0.663948 3.936207
v 4.364526 0.663948 3.914994
v 4.315626 0.739887 3.908520
v 4.322245 0.660437 3.915139
v 4.336839 0.739887 3.887306
v 4.343458 0.660437 3.893926
v 4.511114 0.665695 3.846433
v 4.506149 0.725283 3.841469
v 3.841469 0.725283 4.506149
v 3.846434 0.665695 4.511114
v 4.412799 0.649312 3.748119
v 4.407835 0.708900 3.743154
v 3.748119 0.649312 4.412799
v 3.743154 0.708900 4.407835
v 4.111770 0.693202 4.518875
v 4.105150 0.772652 4.512255
v 4.083937 0.772652 4.533468
v 4.090556 0.693202 4.540088
v 4.090702 0.689691 4.497807
v 4.084083 0.769142 4.491188
v 4.069489 0.689691 4.519020
v 4.062869 0.769142 4.512401
v 4.533469 0.772652 4.083937
v 4.512256 0.772652 4.105150
v 4.518875 0.693202 4.111769
v 4.540088 0.693202 4.090556
v 4.491188 0.769142 4.084082
v 4.497808 0.689691 4.090702
v 4.512401 0.769142 4.062869
v 4.519021 0.689691 4.069489
v 4.686677 0.694949 4.021996
v 4.681712 0.754537 4.017031
v 4.017032 0.754537 4.681712
v 4.021996 0.694949 4.686676
v 4.588362 0.678567 3.923681
v 4.583397 0.738155 3.918716
v 3.923681 0.678567 4.588361
v 3.918717 0.738155 4.583397
v 4.287332 0.722456 4.694437
v 4.280712 0.801907 4.687817
v 4.259499 0.801907 4.709030
v 4.266118 0.722456 4.715650
v 4.266264 0.718946 4.673369
v 4.259645 0.798396 4.666749
v 4.245050 0.718946 4.694582
v 4.238431 0.798396 4.687963
v 4.709031 0.801907 4.259499
v 4.687818 0.801907 4.280712
v 4.694437 0.722456 4.287331
v 4.715650 0.722456 4.266118
v 4.666750 0.798396 4.259644
v 4.673369 0.718946 4.266263
v 4.687963 0.798396 4.238431
v 4.694582 0.718946 4.245050
v 4.862239 0.724204 4.197558
v 4.857274 0.783791 4.192594
v 4.192594 0.783791 4.857274
v 4.197558 0.724204 4.862238
v 4.763924 0.707821 4.099243
v 4.758959 0.767409 4.094279
v 4.099244 0.707821 4.763924
v 4.094279 0.767409 4.758959
v 4.462894 0.751711 4.869999
v 4.456275 0.831161 4.863379
v 4.435061 0.831161 4.884593
v 4.441680 0.751711 4.891212
v 4.441826 0.748200 4.848931
v 4.435207 0.827650 4.842312
v 4.420613 0.748200 4.870144
v 4.413993 0.827650 4.863525
v 4.884593 0.831161 4.435061
v 4.863380 0.831161 4.456274
v 4.869999 0.751711 4.462893
v 4.891212 0.751711 4.441680
v 4.842312 0.827650 4.435206
v 4.848932 0.748200 4.441826
v 4.863525 0.827650 4.413993
v 4.870145 0.748200 4.420613
v 5.037801 0.753458 4.373120
v 5.032836 0.813046 4.368155
v 4.368155 0.813046 5.032836
v 4.373120 0.753458 5.037800
v 4.939486 0.737076 4.274805
v 4.934521 0.796663 4.269841
v 4.274806 0.737076 4.939486
v 4.269841 0.796663 4.934521
v 5.153589 0.890034 4.668893
v 5.128269 0.904156 4.691860
v 5.129446 0.890034 4.693036
v 5.136258 0.890034 4.686224
v 5.160402 0.890034 4.662081
v 5.159225 0.904156 4.660904
v 5.127499 0.844568 4.702560
v 5.169925 0.844568 4.660133
v 5.168644 0.859948 4.658852
v 5.156096 0.859948 4.671400
v 5.138765 0.859948 4.688731
v 5.126217 0.859948 4.701278
v 4.693037 0.890034 5.129446
v 4.691860 0.904156 5.128269
v 4.668893 0.890034 5.153589
v 4.686224 0.890034 5.136258
v 4.660904 0.904156 5.159225
v 4.662081 0.890034 5.160401
v 4.658852 0.859948 5.168643
v 4.660134 0.844568 5.169925
v 4.688731 0.859948 5.138764
v 4.671400 0.859948 5.156096
v 4.702560 0.844568 5.127499
v 4.701279 0.859948 5.126217
v 4.638456 0.780965 5.045561
v 4.631837 0.860415 5.038942
v 4.610623 0.860415 5.060155
v 4.617243 0.780965 5.066774
v 4.617389 0.777454 5.024494
v 4.610769 0.856905 5.017874
v 4.596175 0.777454 5.045707
v 4.589556 0.856905 5.039087
v 5.060155 0.860415 4.610623
v 5.038942 0.860415 4.631836
v 5.045562 0.780965 4.638456
v 5.066775 0.780965 4.617243
v 5.017875 0.856905 4.610769
v 5.024494 0.777454 4.617388
v 5.039088 0.856905 4.589556
v 5.045707 0.777454 4.596175
v 5.213363 0.782712 4.548682
v 5.208398 0.842300 4.543718
v 4.543718 0.842300 5.208398
v 4.548683 0.782712 5.213363
v 5.115048 0.766330 4.450367
v 5.110084 0.825918 4.445403
v 4.450368 0.766330 5.115048
v 4.445403 0.825918 5.110084
v 4.814018 0.810219 5.221123
v 4.807399 0.889670 5.214504
v 4.786185 0.889670 5.235717
v 4.792805 0.810219 5.242336
v 4.792951 0.806709 5.200056
v 4.786331 0.886159 5.193436
v 4.771737 0.806709 5.221269
v 4.765118 0.886159 5.214649
v 5.235717 0.889670 4.786185
v 5.214504 0.889670 4.807398
v 5.221124 0.810219 4.814018
v 5.242337 0.810219 4.792805
v 5.193437 0.886159 4.786331
v 5.200056 0.806709 4.792950
v 5.214650 0.886159 4.765118
v 5.221269 0.806709 4.771737
v 5.388926 0.811967 4.724245
v 5.383961 0.871554 4.719280
v 4.719280 0.871554 5.383961
v 4.724245 0.811967 5.388925
v 5.290611 0.795584 4.625930
v 5.285646 0.855172 4.620965
v 4.625930 0.795584 5.290610
v 4.620966 0.855172 5.285646
v 4.989581 0.839474 5.396686
v 4.982961 0.918924 5.390066
v 4.961748 0.918924 5.411279
v 4.968367 0.839474 5.417899
v 4.968513 0.835963 5.375618
v 4.961894 0.915413 5.368999
v 4.947299 0.835963 5.396831
v 4.940680 0.915413 5.390212
v 5.411280 0.918924 4.961748
v 5.390067 0.918924 4.982961
v 5.396686 0.839474 4.989580
v 5.417899 0.839474 4.968367
v 5.368999 0.915413 4.961893
v 5.375618 0.835963 4.968513
v 5.390212 0.915413 4.940680
v 5.396832 0.835963 4.947299
v 5.564487 0.841221 4.899806
v 5.559523 0.900809 4.894842
v 4.894842 0.900809 5.559523
v 4.899807 0.841221 5.564487
v 5.466173 0.824839 4.801492
v 5.461208 0.884426 4.796527
v 4.801492 0.824839 5.466172
v 4.796528 0.884426 5.461208
v 5.165143 0.868728 5.572248
v 5.158523 0.948178 5.565628
v 5.137310 0.948178 5.586841
v 5.143929 0.868728 5.593461
v 5.144075 0.865218 5.551180
v 5.137455 0.944668 5.544560
v 5.122861 0.865218 5.572393
v 5.116242 0.944668 5.565773
v 5.586842 0.948178 5.137310
v 5.565629 0.948178 5.158523
v 5.572248 0.868728 5.165142
v 5.593461 0.868728 5.143929
v 5.544561 0.944668 5.137455
v 5.551180 0.865218 5.144074
v 5.565774 0.944668 5.116242
v 5.572393 0.865218 5.122861
v 5.740050 0.870475 5.075369
v 5.735085 0.930063 5.070405
v 5.070405 0.930063 5.735085
v 5.075369 0.870475 5.740049
v 5.641735 0.854093 4.977054
v 5.636770 0.913681 4.972090
v 4.977055 0.854093 5.641735
v 4.972090 0.913681 5.636770
v 5.855838 1.007052 5.371141
v 5.830518 1.021173 5.394108
v 5.831695 1.007052 5.395285
v 5.838507 1.007052 5.388473
v 5.862650 1.007052 5.364329
v 5.861474 1.021173 5.363153
v 5.829747 0.961585 5.404809
v 5.872174 0.961585 5.362382
v 5.870893 0.976965 5.361101
v 5.858345 0.976965 5.373648
v 5.841013 0.976965 5.390979
v 5.828466 0.976965 5.403527
v 5.395285 1.007052 5.831694
v 5.394109 1.021173 5.830518
v 5.371142 1.007052 5.855838
v 5.388473 1.007052 5.838507
v 5.363153 1.021173 5.861474
v 5.364329 1.007052 5.862650
v 5.361101 0.976965 5.870892
v 5.362382 0.961585 5.872173
v 5.390980 0.976965 5.841013
v 5.373649 0.976965 5.858345
v 5.404809 0.961585 5.829747
v 5.403527 0.976965 5.828465
v 5.340705 0.897982 5.747810
v 5.334085 0.977433 5.741190
v 5.312872 0.977433 5.762403
v 5.319491 0.897982 5.769023
v 5.319637 0.894472 5.726742
v 5.313018 0.973922 5.720123
v 5.298424 0.894472 5.747955
v 5.291804 0.973922 5.741336
v 5.762404 0.977433 5.312872
v 5.741191 0.977433 5.334085
v 5.747810 0.897982 5.340704
v 5.769023 0.897982 5.319491
v 5.720123 0.973922 5.313017
v 5.726743 0.894472 5.319637
v 5.741336 0.973922 5.291804
v 5.747956 0.894472 5.298424
v 5.915612 0.899730 5.250931
v 5.910647 0.959318 5.245967
v 5.245967 0.959318 5.910647
v 5.250932 0.899730 5.915612
v 5.817297 0.883347 5.152617
v 5.812333 0.942935 5.147652
v 5.152617 0.883347 5.817297
v 5.147653 0.942935 5.812333
v 5.516267 0.927237 5.923372
v 5.509648 1.006687 5.916753
v 5.488434 1.006687 5.937966
v 5.495054 0.927237 5.944585
v 5.495200 0.923726 5.902305
v 5.488581 1.003177 5.895686
v 5.473987 0.923726 5.923518
v 5.467367 1.003177 5.916899
v 5.937966 1.006687 5.488434
v 5.916753 1.006687 5.509647
v 5.923373 0.927237 5.516267
v 5.944586 0.927237 5.495054
v 5.895686 1.003177 5.488580
v 5.902306 0.923726 5.495200
v 5.916899 1.003177 5.467367
v 5.923519 0.923726 5.473987
v 6.091175 0.928984 5.426494
v 6.086210 0.988572 5.421529
v 5.421530 0.988572 6.086210
v 5.426494 0.928984 6.091174
v 5.992859 0.912602 5.328178
v 5.987895 0.972189 5.323214
v 5.328179 0.912602 5.992859
v 5.323215 0.972189 5.987895
v 5.691829 0.956491 6.098934
v 5.685210 1.035942 6.092315
v 5.663996 1.035942 6.113528
v 5.670616 0.956491 6.120147
v 5.670762 0.952981 6.077867
v 5.664143 1.032431 6.071248
v 5.649549 0.952981 6.099080
v 5.642929 1.032431 6.092461
v 6.113528 1.035942 5.663996
v 6.092315 1.035942 5.685209
v 6.098935 0.956491 5.691829
v 6.120148 0.956491 5.670616
v 6.071248 1.032431 5.664142
v 6.077868 0.952981 5.670762
v 6.092461 1.032431 5.642929
v 6.099081 0.952981 5.649549
v 6.266737 0.958239 5.602056
v 6.261772 1.017826 5.597092
v 5.597092 1.017826 6.261772
v 5.602057 0.958239 6.266737
v 6.168422 0.941856 5.503741
v 6.163457 1.001444 5.498776
v 5.503741 0.941856 6.168421
v 5.498776 1.001444 6.163457
v 6.241516 1.071584 5.756820
v 6.217372 1.085803 5.780963
v 6.217372 1.071584 5.780963
v 6.224185 1.071584 5.774151
v 6.248328 1.071584 5.750007
v 6.248328 1.085803 5.750007
v 6.211637 1.025803 5.786698
v 6.254063 1.025803 5.744272
v 6.254063 1.041289 5.744272
v 6.241515 1.041289 5.756820
v 6.224185 1.041289 5.774150
v 6.211637 1.041289 5.786698
v 5.780963 1.071584 6.217372
v 5.780963 1.085803 6.217372
v 5.756819 1.071584 6.241515
v 5.774150 1.071584 6.224185
v 5.750007 1.085803 6.248328
v 5.750007 1.071584 6.248328
v 5.744272 1.041289 6.254063
v 5.744272 1.025803 6.254063
v 5.774150 1.041289 6.224185
v 5.756818 1.041289 6.241515
v 5.786698 1.025803 6.211637
v 5.786698 1.041289 6.211637
vt 0.980908 0.014240
vt 0.959024 0.014240
vt 0.943180 0.014240
vt 0.943180 0.000413
vt 0.996752 0.000413
vt 0.996752 0.014240
vt 0.959024 0.041289
vt 0.980908 0.041289
vt 0.989510 0.041289
vt 0.989510 0.053985
vt 0.950422 0.053985
vt 0.950422 0.041289
vt 0.000000 0.025761
vt 0.000000 0.012881
vt 0.905875 0.012881
vt 0.905875 0.025761
vt 0.000200 0.281378
vt 0.906075 0.281378
vt 0.906075 0.297453
vt 0.000200 0.297453
vt 0.905753 0.210448
vt -0.000122 0.210448
vt -0.000122 0.156096
vt 0.905753 0.156096
vt 0.905875 0.012881
vt 0.000000 0.012881
vt 0.000000 0.000000
vt 0.905875 0.000000
vt 0.996752 0.000413
vt 0.943180 0.000413
vt 0.980908 0.014240
vt 0.996752 0.014240
vt 0.943180 0.014240
vt 0.959024 0.014240
vt 0.950422 0.041289
vt 0.950422 0.053985
vt 0.980908 0.041289
vt 0.959024 0.041289
vt 0.989510 0.053985
vt 0.989510 0.041289
vt 0.000000 0.025761
vt 0.905875 0.025761
vt 0.905875 0.012881
vt 0.000000 0.012881
vt 0.905875 0.089593
vt 0.905875 0.062150
vt 0.000000 0.062150
vt 0.000000 0.089593
vt -0.000122 0.156096
vt -0.000122 0.210448
vt 0.905753 0.210448
vt 0.905753 0.156096
vt 0.906075 0.312903
vt 0.906075 0.296828
vt 0.000200 0.296828
vt 0.000200 0.312903
vt 0.999050 0.183297
vt 0.999050 0.342604
vt 0.939310 0.342604
vt 0.939310 0.183297
vt 0.999050 0.183297
vt 0.999050 0.342604
vt 0.939310 0.342604
vt 0.939310 0.183297
vt 0.999050 0.183297
vt 0.999050 0.342604
vt 0.939310 0.342604
vt 0.939310 0.183297
vt 0.999050 0.183297
vt 0.999050 0.342604
vt 0.939310 0.342604
vt 0.939310 0.183297
vt 0.985655 0.132863
vt 0.985655 0.179437
vt 0.939081 0.179437
vt 0.939081 0.132863
vt 0.939310 0.342604
vt 0.999050 0.342604
vt 0.999050 0.183297
vt 0.939310 0.183297
vt 0.939310 0.342604
vt 0.999050 0.342604
vt 0.999050 0.183297
vt 0.939310 0.183297
vt 0.939310 0.342604
vt 0.999050 0.342604
vt 0.999050 0.183297
vt 0.939310 0.183297
vt 0.939310 0.342604
vt 0.999050 0.342604
vt 0.999050 0.183297
vt 0.939310 0.183297
vt 0.939081 0.179437
vt 0.985655 0.179437
vt 0.985655 0.132863
vt 0.939081 0.132863
vt 0.979692 0.781451
vt 0.979692 0.844034
vt -0.000781 0.844034
vt -0.000781 0.781451
vt 0.145247 0.656284
vt 0.145247 0.718868
vt -0.000781 0.718868
vt -0.000781 0.656284
vt 0.979692 0.718868
vt 0.979692 0.781451
vt -0.000781 0.781451
vt -0.000781 0.718868
vt 0.302823 0.656284
vt 0.302823 0.718868
vt 0.156795 0.718868
vt 0.156795 0.656284
vt 1.000000 0.851064
vt 1.000000 1.000000
vt 0.000000 1.000000
vt 0.000000 0.851064
vt 0.998987 0.504118
vt 0.998987 0.652658
vt 0.001647 0.652658
vt 0.001647 0.504118
vt 0.000512 0.321630
vt 0.000512 0.330358
vt 0.906387 0.330358
vt 0.906387 0.321630
vt 0.906387 0.321630
vt 0.906387 0.312903
vt 0.000512 0.312903
vt 0.000512 0.321630
vt 0.999050 0.183297
vt 0.999050 0.342604
vt 0.939310 0.342604
vt 0.939310 0.183297
vt 0.999050 0.183297
vt 0.999050 0.342604
vt 0.939310 0.342604
vt 0.939310 0.183297
vt 0.999050 0.183297
vt 0.999050 0.342604
vt 0.939310 0.342604
vt 0.939310 0.183297
vt 0.999050 0.183297
vt 0.999050 0.342604
vt 0.939310 0.342604
vt 0.939310 0.183297
vt 0.985655 0.132863
vt 0.985655 0.179437
vt 0.939081 0.179437
vt 0.939081 0.132863
vt 0.939310 0.342604
vt 0.999050 0.342604
vt 0.999050 0.183297
vt 0.939310 0.183297
vt 0.939310 0.342604
vt 0.999050 0.342604
vt 0.999050 0.183297
vt 0.939310 0.183297
vt 0.939310 0.342604
vt 0.999050 0.342604
vt 0.999050 0.183297
vt 0.939310 0.183297
vt 0.939310 0.342604
vt 0.999050 0.342604
vt 0.999050 0.183297
vt 0.939310 0.183297
vt 0.939081 0.179437
vt 0.985655 0.179437
vt 0.985655 0.132863
vt 0.939081 0.132863
vt 0.979692 0.781451
vt 0.979692 0.844034
vt -0.000781 0.844034
vt -0.000781 0.781451
vt 0.145247 0.656284
vt 0.145247 0.718868
vt -0.000781 0.718868
vt -0.000781 0.656284
vt 0.979692 0.718868
vt 0.979692 0.781451
vt -0.000781 0.781451
vt -0.000781 0.718868
vt 0.302823 0.656284
vt 0.302823 0.718868
vt 0.156795 0.718868
vt 0.156795 0.656284
vt 1.000000 0.851064
vt 1.000000 1.000000
vt 0.000000 1.000000
vt 0.000000 0.851064
vt 0.998987 0.504118
vt 0.998987 0.652658
vt 0.001647 0.652658
vt 0.001647 0.504118
vt 0.905875 0.048121
vt 0.905875 0.062150
vt 0.000000 0.062150
vt 0.000000 0.048121
vt 0.000200 0.219937
vt 0.906075 0.219937
vt 0.906075 0.259595
vt 0.000200 0.259595
vt 0.000000 0.034093
vt 0.905875 0.034093
vt 0.905875 0.048121
vt 0.000000 0.048121
vt 0.000200 0.219937
vt 0.000200 0.259595
vt 0.906075 0.259595
vt 0.906075 0.219937
vt 0.000200 0.281378
vt 0.000200 0.297453
vt 0.906075 0.297453
vt 0.906075 0.281378
vt 0.905875 0.048121
vt 0.000000 0.048121
vt 0.000000 0.062150
vt 0.905875 0.062150
vt 0.999050 0.183297
vt 0.999050 0.342604
vt 0.939310 0.342604
vt 0.939310 0.183297
vt 0.999050 0.183297
vt 0.999050 0.342604
vt 0.939310 0.342604
vt 0.939310 0.183297
vt 0.999050 0.183297
vt 0.999050 0.342604
vt 0.939310 0.342604
vt 0.939310 0.183297
vt 0.999050 0.183297
vt 0.999050 0.342604
vt 0.939310 0.342604
vt 0.939310 0.183297
vt 0.985655 0.132863
vt 0.985655 0.179437
vt 0.939081 0.179437
vt 0.939081 0.132863
vt 0.939310 0.342604
vt 0.999050 0.342604
vt 0.999050 0.183297
vt 0.939310 0.183297
vt 0.939310 0.342604
vt 0.999050 0.342604
vt 0.999050 0.183297
vt 0.939310 0.183297
vt 0.939310 0.342604
vt 0.999050 0.342604
vt 0.999050 0.183297
vt 0.939310 0.183297
vt 0.939310 0.342604
vt 0.999050 0.342604
vt 0.999050 0.183297
vt 0.939310 0.183297
vt 0.939081 0.179437
vt 0.985655 0.179437
vt 0.985655 0.132863
vt 0.939081 0.132863
vt 0.979692 0.781451
vt 0.979692 0.844034
vt -0.000781 0.844034
vt -0.000781 0.781451
vt 0.145247 0.656284
vt 0.145247 0.718868
vt -0.000781 0.718868
vt -0.000781 0.656284
vt 0.979692 0.718868
vt 0.979692 0.781451
vt -0.000781 0.781451
vt -0.000781 0.718868
vt 0.302823 0.656284
vt 0.302823 0.718868
vt 0.156795 0.718868
vt 0.156795 0.656284
vt 1.000000 0.851064
vt 1.000000 1.000000
vt 0.000000 1.000000
vt 0.000000 0.851064
vt 0.998987 0.504118
vt 0.998987 0.652658
vt 0.001647 0.652658
vt 0.001647 0.504118
vt 0.000200 0.296828
vt 0.906075 0.296828
vt 0.906075 0.312903
vt 0.000200 0.312903
vt 0.905875 0.089593
vt 0.000000 0.089593
vt 0.000000 0.062150
vt 0.905875 0.062150
vt 0.906387 0.321630
vt 0.000512 0.321630
vt 0.000512 0.312903
vt 0.906387 0.312903
vt 0.000000 0.121202
vt 0.000000 0.093759
vt 0.905875 0.093759
vt 0.905875 0.121202
vt 0.906387 0.330358
vt 0.000512 0.330358
vt 0.000512 0.321630
vt 0.906387 0.321630
vt 0.000000 0.034093
vt 0.000000 0.048121
vt 0.905875 0.048121
vt 0.905875 0.034093
vt 0.905875 0.012881
vt 0.905875 0.000000
vt 0.000000 0.000000
vt 0.000000 0.012881
vt 0.000000 0.121202
vt 0.905875 0.121202
vt 0.905875 0.093759
vt 0.000000 0.093759
vt 0.999050 0.183297
vt 0.999050 0.342604
vt 0.939310 0.342604
vt 0.939310 0.183297
vt 0.999050 0.183297
vt 0.999050 0.342604
vt 0.939310 0.342604
vt 0.939310 0.183297
vt 0.999050 0.183297
vt 0.999050 0.342604
vt 0.939310 0.342604
vt 0.939310 0.183297
vt 0.999050 0.183297
vt 0.999050 0.342604
vt 0.939310 0.342604
vt 0.939310 0.183297
vt 0.985655 0.132863
vt 0.985655 0.179437
vt 0.939081 0.179437
vt 0.939081 0.132863
vt 0.939310 0.342604
vt 0.999050 0.342604
vt 0.999050 0.183297
vt 0.939310 0.183297
vt 0.939310 0.342604
vt 0.999050 0.342604
vt 0.999050 0.183297
vt 0.939310 0.183297
vt 0.939310 0.342604
vt 0.999050 0.342604
vt 0.999050 0.183297
vt 0.939310 0.183297
vt 0.939310 0.342604
vt 0.999050 0.342604
vt 0.999050 0.183297
vt 0.939310 0.183297
vt 0.939081 0.179437
vt 0.985655 0.179437
vt 0.985655 0.132863
vt 0.939081 0.132863
vt 0.979692 0.781451
vt 0.979692 0.844034
vt -0.000781 0.844034
vt -0.000781 0.781451
vt 0.145247 0.656284
vt 0.145247 0.718868
vt -0.000781 0.718868
vt -0.000781 0.656284
vt 0.979692 0.718868
vt 0.979692 0.781451
vt -0.000781 0.781451
vt -0.000781 0.718868
vt 0.302823 0.656284
vt 0.302823 0.718868
vt 0.156795 0.718868
vt 0.156795 0.656284
vt 1.000000 0.851064
vt 1.000000 1.000000
vt 0.000000 1.000000
vt 0.000000 0.851064
vt 0.998987 0.504118
vt 0.998987 0.652658
vt 0.001647 0.652658
vt 0.001647 0.504118
vt 0.905875 0.048121
vt 0.000000 0.048121
vt 0.000000 0.062150
vt 0.905875 0.062150
vt 0.000200 0.219937
vt 0.906075 0.219937
vt 0.906075 0.259595
vt 0.000200 0.259595
vt 0.000512 0.312903
vt 0.000512 0.321630
vt 0.906387 0.321630
vt 0.906387 0.312903
vt 0.000000 0.062150
vt 0.000000 0.048121
vt 0.905875 0.048121
vt 0.905875 0.062150
vt 0.000000 0.121202
vt 0.905875 0.121202
vt 0.905875 0.093759
vt 0.000000 0.093759
vt 0.906387 0.321630
vt 0.000512 0.321630
vt 0.000512 0.312903
vt 0.906387 0.312903
vt 0.000200 0.281378
vt 0.000200 0.297453
vt 0.906075 0.297453
vt 0.906075 0.281378
vt 0.000000 0.034093
vt 0.000000 0.048121
vt 0.905875 0.048121
vt 0.905875 0.034093
vt 0.905753 0.210448
vt -0.000122 0.210448
vt -0.000122 0.156096
vt 0.905753 0.156096
vt 0.999050 0.183297
vt 0.999050 0.342604
vt 0.939310 0.342604
vt 0.939310 0.183297
vt 0.999050 0.183297
vt 0.999050 0.342604
vt 0.939310 0.342604
vt 0.939310 0.183297
vt 0.999050 0.183297
vt 0.999050 0.342604
vt 0.939310 0.342604
vt 0.939310 0.183297
vt 0.999050 0.183297
vt 0.999050 0.342604
vt 0.939310 0.342604
vt 0.939310 0.183297
vt 0.985655 0.132863
vt 0.985655 0.179437
vt 0.939081 0.179437
vt 0.939081 0.132863
vt 0.939310 0.342604
vt 0.999050 0.342604
vt 0.999050 0.183297
vt 0.939310 0.183297
vt 0.939310 0.342604
vt 0.999050 0.342604
vt 0.999050 0.183297
vt 0.939310 0.183297
vt 0.939310 0.342604
vt 0.999050 0.342604
vt 0.999050 0.183297
vt 0.939310 0.183297
vt 0.939310 0.342604
vt 0.999050 0.342604
vt 0.999050 0.183297
vt 0.939310 0.183297
vt 0.939081 0.179437
vt 0.985655 0.179437
vt 0.985655 0.132863
vt 0.939081 0.132863
vt 0.979692 0.781451
vt 0.979692 0.844034
vt -0.000781 0.844034
vt -0.000781 0.781451
vt 0.145247 0.656284
vt 0.145247 0.718868
vt -0.000781 0.718868
vt -0.000781 0.656284
vt 0.979692 0.718868
vt 0.979692 0.781451
vt -0.000781 0.781451
vt -0.000781 0.718868
vt 0.302823 0.656284
vt 0.302823 0.718868
vt 0.156795 0.718868
vt 0.156795 0.656284
vt 1.000000 0.851064
vt 1.000000 1.000000
vt 0.000000 1.000000
vt 0.000000 0.851064
vt 0.998987 0.504118
vt 0.998987 0.652658
vt 0.001647 0.652658
vt 0.001647 0.504118
vt 0.906075 0.312903
vt 0.906075 0.296828
vt 0.000200 0.296828
vt 0.000200 0.312903
vt 0.905753 0.210448
vt 0.905753 0.156096
vt -0.000122 0.156096
vt -0.000122 0.210448
vt 0.906387 0.330358
vt 0.906387 0.321630
vt 0.000512 0.321630
vt 0.000512 0.330358
vt 0.000000 0.062150
vt 0.000000 0.089593
vt 0.905875 0.089593
vt 0.905875 0.062150
vt 0.999050 0.183297
vt 0.999050 0.342604
vt 0.939310 0.342604
vt 0.939310 0.183297
vt 0.999050 0.183297
vt 0.999050 0.342604
vt 0.939310 0.342604
vt 0.939310 0.183297
vt 0.999050 0.183297
vt 0.999050 0.342604
vt 0.939310 0.342604
vt 0.939310 0.183297
vt 0.999050 0.183297
vt 0.999050 0.342604
vt 0.939310 0.342604
vt 0.939310 0.183297
vt 0.985655 0.132863
vt 0.985655 0.179437
vt 0.939081 0.179437
vt 0.939081 0.132863
vt 0.939310 0.342604
vt 0.999050 0.342604
vt 0.999050 0.183297
vt 0.939310 0.183297
vt 0.939310 0.342604
vt 0.999050 0.342604
vt 0.999050 0.183297
vt 0.939310 0.183297
vt 0.939310 0.342604
vt 0.999050 0.342604
vt 0.999050 0.183297
vt 0.939310 0.183297
vt 0.939310 0.342604
vt 0.999050 0.342604
vt 0.999050 0.183297
vt 0.939310 0.183297
vt 0.939081 0.179437
vt 0.985655 0.179437
vt 0.985655 0.132863
vt 0.939081 0.132863
vt 0.979692 0.781451
vt 0.979692 0.844034
vt -0.000781 0.844034
vt -0.000781 0.781451
vt 0.145247 0.656284
vt 0.145247 0.718868
vt -0.000781 0.718868
vt -0.000781 0.656284
vt 0.979692 0.718868
vt 0.979692 0.781451
vt -0.000781 0.781451
vt -0.000781 0.718868
vt 0.302823 0.656284
vt 0.302823 0.718868
vt 0.156795 0.718868
vt 0.156795 0.656284
vt 1.000000 0.851064
vt 1.000000 1.000000
vt 0.000000 1.000000
vt 0.000000 0.851064
vt 0.998987 0.504118
vt 0.998987 0.652658
vt 0.001647 0.652658
vt 0.001647 0.504118
vt 0.906387 0.330358
vt 0.000512 0.330358
vt 0.000512 0.321630
vt 0.906387 0.321630
vt 0.905875 0.012881
vt 0.000000 0.012881
vt 0.000000 0.000000
vt 0.905875 0.000000
vt 0.000000 0.025761
vt 0.905875 0.025761
vt 0.905875 0.012881
vt 0.000000 0.012881
vt 0.000000 0.034093
vt 0.905875 0.034093
vt 0.905875 0.048121
vt 0.000000 0.048121
vt 0.000200 0.219937
vt 0.000200 0.259595
vt 0.906075 0.259595
vt 0.906075 0.219937
vt 0.905875 0.025761
vt 0.000000 0.025761
vt 0.000000 0.012881
vt 0.905875 0.012881
vt 0.000200 0.281378
vt 0.906075 0.281378
vt 0.906075 0.297453
vt 0.000200 0.297453
vt 0.999050 0.183297
vt 0.999050 0.342604
vt 0.939310 0.342604
vt 0.939310 0.183297
vt 0.999050 0.183297
vt 0.999050 0.342604
vt 0.939310 0.342604
vt 0.939310 0.183297
vt 0.999050 0.183297
vt 0.999050 0.342604
vt 0.939310 0.342604
vt 0.939310 0.183297
vt 0.999050 0.183297
vt 0.999050 0.342604
vt 0.939310 0.342604
vt 0.939310 0.183297
vt 0.985655 0.132863
vt 0.985655 0.179437
vt 0.939081 0.179437
vt 0.939081 0.132863
vt 0.939310 0.342604
vt 0.999050 0.342604
vt 0.999050 0.183297
vt 0.939310 0.183297
vt 0.939310 0.342604
vt 0.999050 0.342604
vt 0.999050 0.183297
vt 0.939310 0.183297
vt 0.939310 0.342604
vt 0.999050 0.342604
vt 0.999050 0.183297
vt 0.939310 0.183297
vt 0.939310 0.342604
vt 0.999050 0.342604
vt 0.999050 0.183297
vt 0.939310 0.183297
vt 0.939081 0.179437
vt 0.985655 0.179437
vt 0.985655 0.132863
vt 0.939081 0.132863
vt 0.979692 0.781451
vt 0.979692 0.844034
vt -0.000781 0.844034
vt -0.000781 0.781451
vt 0.145247 0.656284
vt 0.145247 0.718868
vt -0.000781 0.718868
vt -0.000781 0.656284
vt 0.979692 0.718868
vt 0.979692 0.781451
vt -0.000781 0.781451
vt -0.000781 0.718868
vt 0.302823 0.656284
vt 0.302823 0.718868
vt 0.156795 0.718868
vt 0.156795 0.656284
vt 1.000000 0.851064
vt 1.000000 1.000000
vt 0.000000 1.000000
vt 0.000000 0.851064
vt 0.998987 0.504118
vt 0.998987 0.652658
vt 0.001647 0.652658
vt 0.001647 0.504118
vt 0.000200 0.296828
vt 0.906075 0.296828
vt 0.906075 0.312903
vt 0.000200 0.312903
vt 0.905875 0.089593
vt 0.000000 0.089593
vt 0.000000 0.062150
vt 0.905875 0.062150
vt 0.905875 0.121202
vt 0.000000 0.121202
vt 0.000000 0.093759
vt 0.905875 0.093759
vt 0.905875 0.012881
vt 0.905875 0.000000
vt 0.000000 0.000000
vt 0.000000 0.012881
vt 0.999050 0.183297
vt 0.999050 0.342604
vt 0.939310 0.342604
vt 0.939310 0.183297
vt 0.999050 0.183297
vt 0.999050 0.342604
vt 0.939310 0.342604
vt 0.939310 0.183297
vt 0.999050 0.183297
vt 0.999050 0.342604
vt 0.939310 0.342604
vt 0.939310 0.183297
vt 0.999050 0.183297
vt 0.999050 0.342604
vt 0.939310 0.342604
vt 0.939310 0.183297
vt 0.985655 0.132863
vt 0.985655 0.179437
vt 0.939081 0.179437
vt 0.939081 0.132863
vt 0.939310 0.342604
vt 0.999050 0.342604
vt 0.999050 0.183297
vt 0.939310 0.183297
vt 0.939310 0.342604
vt 0.999050 0.342604
vt 0.999050 0.183297
vt 0.939310 0.183297
vt 0.939310 0.342604
vt 0.999050 0.342604
vt 0.999050 0.183297
vt 0.939310 0.183297
vt 0.939310 0.342604
vt 0.999050 0.342604
vt 0.999050 0.183297
vt 0.939310 0.183297
vt 0.939081 0.179437
vt 0.985655 0.179437
vt 0.985655 0.132863
vt 0.939081 0.132863
vt 0.979692 0.781451
vt 0.979692 0.844034
vt -0.000781 0.844034
vt -0.000781 0.781451
vt 0.145247 0.656284
vt 0.145247 0.718868
vt -0.000781 0.718868
vt -0.000781 0.656284
vt 0.979692 0.718868
vt 0.979692 0.781451
vt -0.000781 0.781451
vt -0.000781 0.718868
vt 0.302823 0.656284
vt 0.302823 0.718868
vt 0.156795 0.718868
vt 0.156795 0.656284
vt 1.000000 0.851064
vt 1.000000 1.000000
vt 0.000000 1.000000
vt 0.000000 0.851064
vt 0.998987 0.504118
vt 0.998987 0.652658
vt 0.001647 0.652658
vt 0.001647 0.504118
vt 0.000000 0.025761
vt 0.905875 0.025761
vt 0.905875 0.012881
vt 0.000000 0.012881
vt 0.905753 0.210448
vt -0.000122 0.210448
vt -0.000122 0.156096
vt 0.905753 0.156096
vt 0.000200 0.219937
vt 0.906075 0.219937
vt 0.906075 0.259595
vt 0.000200 0.259595
vt 0.000000 0.034093
vt 0.905875 0.034093
vt 0.905875 0.048121
vt 0.000000 0.048121
vt 0.000000 0.062150
vt 0.000000 0.048121
vt 0.905875 0.048121
vt 0.905875 0.062150
vt 0.000000 0.121202
vt 0.905875 0.121202
vt 0.905875 0.093759
vt 0.000000 0.093759
vt 0.906387 0.321630
vt 0.000512 0.321630
vt 0.000512 0.312903
vt 0.906387 0.312903
vt 0.905875 0.089593
vt 0.905875 0.062150
vt 0.000000 0.062150
vt 0.000000 0.089593
vt 0.905875 0.012881
vt 0.905875 0.000000
vt 0.000000 0.000000
vt 0.000000 0.012881
vt 0.000200 0.296828
vt 0.906075 0.296828
vt 0.906075 0.312903
vt 0.000200 0.312903
vt 0.999050 0.183297
vt 0.999050 0.342604
vt 0.939310 0.342604
vt 0.939310 0.183297
vt 0.999050 0.183297
vt 0.999050 0.342604
vt 0.939310 0.342604
vt 0.939310 0.183297
vt 0.999050 0.183297
vt 0.999050 0.342604
vt 0.939310 0.342604
vt 0.939310 0.183297
vt 0.999050 0.183297
vt 0.999050 0.342604
vt 0.939310 0.342604
vt 0.939310 0.183297
vt 0.985655 0.132863
vt 0.985655 0.179437
vt 0.939081 0.179437
vt 0.939081 0.132863
vt 0.939310 0.342604
vt 0.999050 0.342604
vt 0.999050 0.183297
vt 0.939310 0.183297
vt 0.939310 0.342604
vt 0.999050 0.342604
vt 0.999050 0.183297
vt 0.939310 0.183297
vt 0.939310 0.342604
vt 0.999050 0.342604
vt 0.999050 0.183297
vt 0.939310 0.183297
vt 0.939310 0.342604
vt 0.999050 0.342604
vt 0.999050 0.183297
vt 0.939310 0.183297
vt 0.939081 0.179437
vt 0.985655 0.179437
vt 0.985655 0.132863
vt 0.939081 0.132863
vt 0.979692 0.781451
vt 0.979692 0.844034
vt -0.000781 0.844034
vt -0.000781 0.781451
vt 0.145247 0.656284
vt 0.145247 0.718868
vt -0.000781 0.718868
vt -0.000781 0.656284
vt 0.979692 0.718868
vt 0.979692 0.781451
vt -0.000781 0.781451
vt -0.000781 0.718868
vt 0.302823 0.656284
vt 0.302823 0.718868
vt 0.156795 0.718868
vt 0.156795 0.656284
vt 1.000000 0.851064
vt 1.000000 1.000000
vt 0.000000 1.000000
vt 0.000000 0.851064
vt 0.998987 0.504118
vt 0.998987 0.652658
vt 0.001647 0.652658
vt 0.001647 0.504118
vt 0.000200 0.281378
vt 0.000200 0.297453
vt 0.906075 0.297453
vt 0.906075 0.281378
vt 0.905875 0.089593
vt 0.000000 0.089593
vt 0.000000 0.062150
vt 0.905875 0.062150
vt 0.000000 0.034093
vt 0.000000 0.048121
vt 0.905875 0.048121
vt 0.905875 0.034093
vt 0.999050 0.183297
vt 0.999050 0.342604
vt 0.939310 0.342604
vt 0.939310 0.183297
vt 0.999050 0.183297
vt 0.999050 0.342604
vt 0.939310 0.342604
vt 0.939310 0.183297
vt 0.999050 0.183297
vt 0.999050 0.342604
vt 0.939310 0.342604
vt 0.939310 0.183297
vt 0.999050 0.183297
vt 0.999050 0.342604
vt 0.939310 0.342604
vt 0.939310 0.183297
vt 0.985655 0.132863
vt 0.985655 0.179437
vt 0.939081 0.179437
vt 0.939081 0.132863
vt 0.939310 0.342604
vt 0.999050 0.342604
vt 0.999050 0.183297
vt 0.939310 0.183297
vt 0.939310 0.342604
vt 0.999050 0.342604
vt 0.999050 0.183297
vt 0.939310 0.183297
vt 0.939310 0.342604
vt 0.999050 0.342604
vt 0.999050 0.183297
vt 0.939310 0.183297
vt 0.939310 0.342604
vt 0.999050 0.342604
vt 0.999050 0.183297
vt 0.939310 0.183297
vt 0.939081 0.179437
vt 0.985655 0.179437
vt 0.985655 0.132863
vt 0.939081 0.132863
vt 0.979692 0.781451
vt 0.979692 0.844034
vt -0.000781 0.844034
vt -0.000781 0.781451
vt 0.145247 0.656284
vt 0.145247 0.718868
vt -0.000781 0.718868
vt -0.000781 0.656284
vt 0.979692 0.718868
vt 0.979692 0.781451
vt -0.000781 0.781451
vt -0.000781 0.718868
vt 0.302823 0.656284
vt 0.302823 0.718868
vt 0.156795 0.718868
vt 0.156795 0.656284
vt 1.000000 0.851064
vt 1.000000 1.000000
vt 0.000000 1.000000
vt 0.000000 0.851064
vt 0.998987 0.504118
vt 0.998987 0.652658
vt 0.001647 0.652658
vt 0.001647 0.504118
vt 0.906387 0.330358
vt 0.000512 0.330358
vt 0.000512 0.321630
vt 0.906387 0.321630
vt 0.905875 0.048121
vt 0.000000 0.048121
vt 0.000000 0.062150
vt 0.905875 0.062150
vt 0.000200 0.281378
vt 0.906075 0.281378
vt 0.906075 0.297453
vt 0.000200 0.297453
vt 0.000200 0.219937
vt 0.000200 0.259595
vt 0.906075 0.259595
vt 0.906075 0.219937
vt 0.905753 0.210448
vt 0.905753 0.156096
vt -0.000122 0.156096
vt -0.000122 0.210448
vt 0.905875 0.012881
vt 0.000000 0.012881
vt 0.000000 0.000000
vt 0.905875 0.000000
vt 0.999050 0.183297
vt 0.999050 0.342604
vt 0.939310 0.342604
vt 0.939310 0.183297
vt 0.999050 0.183297
vt 0.999050 0.342604
vt 0.939310 0.342604
vt 0.939310 0.183297
vt 0.999050 0.183297
vt 0.999050 0.342604
vt 0.939310 0.342604
vt 0.939310 0.183297
vt 0.999050 0.183297
vt 0.999050 0.342604
vt 0.939310 0.342604
vt 0.939310 0.183297
vt 0.985655 0.132863
vt 0.985655 0.179437
vt 0.939081 0.179437
vt 0.939081 0.132863
vt 0.939310 0.342604
vt 0.999050 0.342604
vt 0.999050 0.183297
vt 0.939310 0.183297
vt 0.939310 0.342604
vt 0.999050 0.342604
vt 0.999050 0.183297
vt 0.939310 0.183297
vt 0.939310 0.342604
vt 0.999050 0.342604
vt 0.999050 0.183297
vt 0.939310 0.183297
vt 0.939310 0.342604
vt 0.999050 0.342604
vt 0.999050 0.183297
vt 0.939310 0.183297
vt 0.939081 0.179437
vt 0.985655 0.179437
vt 0.985655 0.132863
vt 0.939081 0.132863
vt 0.979692 0.781451
vt 0.979692 0.844034
vt -0.000781 0.844034
vt -0.000781 0.781451
vt 0.145247 0.656284
vt 0.145247 0.718868
vt -0.000781 0.718868
vt -0.000781 0.656284
vt 0.979692 0.718868
vt 0.979692 0.781451
vt -0.000781 0.781451
vt -0.000781 0.718868
vt 0.302823 0.656284
vt 0.302823 0.718868
vt 0.156795 0.718868
vt 0.156795 0.656284
vt 1.000000 0.851064
vt 1.000000 1.000000
vt 0.000000 1.000000
vt 0.000000 0.851064
vt 0.998987 0.504118
vt 0.998987 0.652658
vt 0.001647 0.652658
vt 0.001647 0.504118
vt 0.000512 0.312903
vt 0.000512 0.321630
vt 0.906387 0.321630
vt 0.906387 0.312903
vt 0.906075 0.312903
vt 0.906075 0.296828
vt 0.000200 0.296828
vt 0.000200 0.312903
vt 0.000000 0.121202
vt 0.000000 0.093759
vt 0.905875 0.093759
vt 0.905875 0.121202
vt 0.906387 0.330358
vt 0.906387 0.321630
vt 0.000512 0.321630
vt 0.000512 0.330358
vt 0.905875 0.025761
vt 0.000000 0.025761
vt 0.000000 0.012881
vt 0.905875 0.012881
vt 0.999050 0.183297
vt 0.999050 0.342604
vt 0.939310 0.342604
vt 0.939310 0.183297
vt 0.999050 0.183297
vt 0.999050 0.342604
vt 0.939310 0.342604
vt 0.939310 0.183297
vt 0.999050 0.183297
vt 0.999050 0.342604
vt 0.939310 0.342604
vt 0.939310 0.183297
vt 0.999050 0.183297
vt 0.999050 0.342604
vt 0.939310 0.342604
vt 0.939310 0.183297
vt 0.985655 0.132863
vt 0.985655 0.179437
vt 0.939081 0.179437
vt 0.939081 0.132863
vt 0.939310 0.342604
vt 0.999050 0.342604
vt 0.999050 0.183297
vt 0.939310 0.183297
vt 0.939310 0.342604
vt 0.999050 0.342604
vt 0.999050 0.183297
vt 0.939310 0.183297
vt 0.939310 0.342604
vt 0.999050 0.342604
vt 0.999050 0.183297
vt 0.939310 0.183297
vt 0.939310 0.342604
vt 0.999050 0.342604
vt 0.999050 0.183297
vt 0.939310 0.183297
vt 0.939081 0.179437
vt 0.985655 0.179437
vt 0.985655 0.132863
vt 0.939081 0.132863
vt 0.979692 0.781451
vt 0.979692 0.844034
vt -0.000781 0.844034
vt -0.000781 0.781451
vt 0.145247 0.656284
vt 0.145247 0.718868
vt -0.000781 0.718868
vt -0.000781 0.656284
vt 0.979692 0.718868
vt 0.979692 0.781451
vt -0.000781 0.781451
vt -0.000781 0.718868
vt 0.302823 0.656284
vt 0.302823 0.718868
vt 0.156795 0.718868
vt 0.156795 0.656284
vt 1.000000 0.851064
vt 1.000000 1.000000
vt 0.000000 1.000000
vt 0.000000 0.851064
vt 0.998987 0.504118
vt 0.998987 0.652658
vt 0.001647 0.652658
vt 0.001647 0.504118
vt 0.000512 0.312903
vt 0.000512 0.321630
vt 0.906387 0.321630
vt 0.906387 0.312903
vt 0.000000 0.062150
vt 0.000000 0.048121
vt 0.905875 0.048121
vt 0.905875 0.062150
vt 0.000000 0.034093
vt 0.905875 0.034093
vt 0.905875 0.048121
vt 0.000000 0.048121
vt 0.906075 0.312903
vt 0.906075 0.296828
vt 0.000200 0.296828
vt 0.000200 0.312903
vt 0.906387 0.321630
vt 0.000512 0.321630
vt 0.000512 0.312903
vt 0.906387 0.312903
vt 0.000200 0.281378
vt 0.906075 0.281378
vt 0.906075 0.297453
vt 0.000200 0.297453
vt 0.906387 0.330358
vt 0.906387 0.321630
vt 0.000512 0.321630
vt 0.000512 0.330358
vt 0.000000 0.034093
vt 0.000000 0.048121
vt 0.905875 0.048121
vt 0.905875 0.034093
vt 0.999050 0.183297
vt 0.999050 0.342604
vt 0.939310 0.342604
vt 0.939310 0.183297
vt 0.999050 0.183297
vt 0.999050 0.342604
vt 0.939310 0.342604
vt 0.939310 0.183297
vt 0.999050 0.183297
vt 0.999050 0.342604
vt 0.939310 0.342604
vt 0.939310 0.183297
vt 0.999050 0.183297
vt 0.999050 0.342604
vt 0.939310 0.342604
vt 0.939310 0.183297
vt 0.985655 0.132863
vt 0.985655 0.179437
vt 0.939081 0.179437
vt 0.939081 0.132863
vt 0.939310 0.342604
vt 0.999050 0.342604
vt 0.999050 0.183297
vt 0.939310 0.183297
vt 0.939310 0.342604
vt 0.999050 0.342604
vt 0.999050 0.183297
vt 0.939310 0.183297
vt 0.939310 0.342604
vt 0.999050 0.342604
vt 0.999050 0.183297
vt 0.939310 0.183297
vt 0.939310 0.342604
vt 0.999050 0.342604
vt 0.999050 0.183297
vt 0.939310 0.183297
vt 0.939081 0.179437
vt 0.985655 0.179437
vt 0.985655 0.132863
vt 0.939081 0.132863
vt 0.979692 0.781451
vt 0.979692 0.844034
vt -0.000781 0.844034
vt -0.000781 0.781451
vt 0.145247 0.656284
vt 0.145247 0.718868
vt -0.000781 0.718868
vt -0.000781 0.656284
vt 0.979692 0.718868
vt 0.979692 0.781451
vt -0.000781 0.781451
vt -0.000781 0.718868
vt 0.302823 0.656284
vt 0.302823 0.718868
vt 0.156795 0.718868
vt 0.156795 0.656284
vt 1.000000 0.851064
vt 1.000000 1.000000
vt 0.000000 1.000000
vt 0.000000 0.851064
vt 0.998987 0.504118
vt 0.998987 0.652658
vt 0.001647 0.652658
vt 0.001647 0.504118
vt 0.000200 0.219937
vt 0.906075 0.219937
vt 0.906075 0.259595
vt 0.000200 0.259595
vt 0.905753 0.210448
vt 0.905753 0.156096
vt -0.000122 0.156096
vt -0.000122 0.210448
vt 0.906075 0.219937
vt 0.000200 0.219937
vt 0.000200 0.259595
vt 0.906075 0.259595
vt 0.905875 0.089593
vt 0.000000 0.089593
vt 0.000000 0.062150
vt 0.905875 0.062150
vt 0.999050 0.183297
vt 0.999050 0.342604
vt 0.939310 0.342604
vt 0.939310 0.183297
vt 0.999050 0.183297
vt 0.999050 0.342604
vt 0.939310 0.342604
vt 0.939310 0.183297
vt 0.999050 0.183297
vt 0.999050 0.342604
vt 0.939310 0.342604
vt 0.939310 0.183297
vt 0.999050 0.183297
vt 0.999050 0.342604
vt 0.939310 0.342604
vt 0.939310 0.183297
vt 0.985655 0.132863
vt 0.985655 0.179437
vt 0.939081 0.179437
vt 0.939081 0.132863
vt 0.939310 0.342604
vt 0.999050 0.342604
vt 0.999050 0.183297
vt 0.939310 0.183297
vt 0.939310 0.342604
vt 0.999050 0.342604
vt 0.999050 0.183297
vt 0.939310 0.183297
vt 0.939310 0.342604
vt 0.999050 0.342604
vt 0.999050 0.183297
vt 0.939310 0.183297
vt 0.939310 0.342604
vt 0.999050 0.342604
vt 0.999050 0.183297
vt 0.939310 0.183297
vt 0.939081 0.179437
vt 0.985655 0.179437
vt 0.985655 0.132863
vt 0.939081 0.132863
vt 0.979692 0.781451
vt 0.979692 0.844034
vt -0.000781 0.844034
vt -0.000781 0.781451
vt 0.145247 0.656284
vt 0.145247 0.718868
vt -0.000781 0.718868
vt -0.000781 0.656284
vt 0.979692 0.718868
vt 0.979692 0.781451
vt -0.000781 0.781451
vt -0.000781 0.718868
vt 0.302823 0.656284
vt 0.302823 0.718868
vt 0.156795 0.718868
vt 0.156795 0.656284
vt 1.000000 0.851064
vt 1.000000 1.000000
vt 0.000000 1.000000
vt 0.000000 0.851064
vt 0.998987 0.504118
vt 0.998987 0.652658
vt 0.001647 0.652658
vt 0.001647 0.504118
vt 0.905753 0.210448
vt -0.000122 0.210448
vt -0.000122 0.156096
vt 0.905753 0.156096
vt 0.906387 0.330358
vt 0.000512 0.330358
vt 0.000512 0.321630
vt 0.906387 0.321630
vt 0.905875 0.012881
vt 0.000000 0.012881
vt 0.000000 0.000000
vt 0.905875 0.000000
vt 0.000000 0.025761
vt 0.905875 0.025761
vt 0.905875 0.012881
vt 0.000000 0.012881
vt 0.000000 0.121202
vt 0.905875 0.121202
vt 0.905875 0.093759
vt 0.000000 0.093759
vt 0.905875 0.025761
vt 0.000000 0.025761
vt 0.000000 0.012881
vt 0.905875 0.012881
vt 0.999050 0.183297
vt 0.999050 0.342604
vt 0.939310 0.342604
vt 0.939310 0.183297
vt 0.999050 0.183297
vt 0.999050 0.342604
vt 0.939310 0.342604
vt 0.939310 0.183297
vt 0.999050 0.183297
vt 0.999050 0.342604
vt 0.939310 0.342604
vt 0.939310 0.183297
vt 0.999050 0.183297
vt 0.999050 0.342604
vt 0.939310 0.342604
vt 0.939310 0.183297
vt 0.985655 0.132863
vt 0.985655 0.179437
vt 0.939081 0.179437
vt 0.939081 0.132863
vt 0.939310 0.342604
vt 0.999050 0.342604
vt 0.999050 0.183297
vt 0.939310 0.183297
vt 0.939310 0.342604
vt 0.999050 0.342604
vt 0.999050 0.183297
vt 0.939310 0.183297
vt 0.939310 0.342604
vt 0.999050 0.342604
vt 0.999050 0.183297
vt 0.939310 0.183297
vt 0.939310 0.342604
vt 0.999050 0.342604
vt 0.999050 0.183297
vt 0.939310 0.183297
vt 0.939081 0.179437
vt 0.985655 0.179437
vt 0.985655 0.132863
vt 0.939081 0.132863
vt 0.979692 0.781451
vt 0.979692 0.844034
vt -0.000781 0.844034
vt -0.000781 0.781451
vt 0.145247 0.656284
vt 0.145247 0.718868
vt -0.000781 0.718868
vt -0.000781 0.656284
vt 0.979692 0.718868
vt 0.979692 0.781451
vt -0.000781 0.781451
vt -0.000781 0.718868
vt 0.302823 0.656284
vt 0.302823 0.718868
vt 0.156795 0.718868
vt 0.156795 0.656284
vt 1.000000 0.851064
vt 1.000000 1.000000
vt 0.000000 1.000000
vt 0.000000 0.851064
vt 0.998987 0.504118
vt 0.998987 0.652658
vt 0.001647 0.652658
vt 0.001647 0.504118
vt 0.905875 0.089593
vt 0.905875 0.062150
vt 0.000000 0.062150
vt 0.000000 0.089593
vt 0.000200 0.296828
vt 0.906075 0.296828
vt 0.906075 0.312903
vt 0.000200 0.312903
vt 0.000000 0.121202
vt 0.000000 0.093759
vt 0.905875 0.093759
vt 0.905875 0.121202
vt 0.905875 0.048121
vt 0.000000 0.048121
vt 0.000000 0.062150
vt 0.905875 0.062150
vt 0.905875 0.012881
vt 0.905875 0.000000
vt 0.000000 0.000000
vt 0.000000 0.012881
vt 0.000200 0.281378
vt 0.000200 0.297453
vt 0.906075 0.297453
vt 0.906075 0.281378
vt 0.999050 0.183297
vt 0.999050 0.342604
vt 0.939310 0.342604
vt 0.939310 0.183297
vt 0.999050 0.183297
vt 0.999050 0.342604
vt 0.939310 0.342604
vt 0.939310 0.183297
vt 0.999050 0.183297
vt 0.999050 0.342604
vt 0.939310 0.342604
vt 0.939310 0.183297
vt 0.999050 0.183297
vt 0.999050 0.342604
vt 0.939310 0.342604
vt 0.939310 0.183297
vt 0.985655 0.132863
vt 0.985655 0.179437
vt 0.939081 0.179437
vt 0.939081 0.132863
vt 0.939310 0.342604
vt 0.999050 0.342604
vt 0.999050 0.183297
vt 0.939310 0.183297
vt 0.939310 0.342604
vt 0.999050 0.342604
vt 0.999050 0.183297
vt 0.939310 0.183297
vt 0.939310 0.342604
vt 0.999050 0.342604
vt 0.999050 0.183297
vt 0.939310 0.183297
vt 0.939310 0.342604
vt 0.999050 0.342604
vt 0.999050 0.183297
vt 0.939310 0.183297
vt 0.939081 0.179437
vt 0.985655 0.179437
vt 0.985655 0.132863
vt 0.939081 0.132863
vt 0.979692 0.781451
vt 0.979692 0.844034
vt -0.000781 0.844034
vt -0.000781 0.781451
vt 0.145247 0.656284
vt 0.145247 0.718868
vt -0.000781 0.718868
vt -0.000781 0.656284
vt 0.979692 0.718868
vt 0.979692 0.781451
vt -0.000781 0.781451
vt -0.000781 0.718868
vt 0.302823 0.656284
vt 0.302823 0.718868
vt 0.156795 0.718868
vt 0.156795 0.656284
vt 1.000000 0.851064
vt 1.000000 1.000000
vt 0.000000 1.000000
vt 0.000000 0.851064
vt 0.998987 0.504118
vt 0.998987 0.652658
vt 0.001647 0.652658
vt 0.001647 0.504118
vt 0.905875 0.048121
vt 0.000000 0.048121
vt 0.000000 0.062150
vt 0.905875 0.062150
vt 0.000200 0.219937
vt 0.906075 0.219937
vt 0.906075 0.259595
vt 0.000200 0.259595
vt 0.000512 0.312903
vt 0.000512 0.321630
vt 0.906387 0.321630
vt 0.906387 0.312903
vt 0.000000 0.062150
vt 0.000000 0.048121
vt 0.905875 0.048121
vt 0.905875 0.062150
vt 0.000200 0.281378
vt 0.000200 0.297453
vt 0.906075 0.297453
vt 0.906075 0.281378
vt 0.000000 0.034093
vt 0.905875 0.034093
vt 0.905875 0.048121
vt 0.000000 0.048121
vt 0.906387 0.321630
vt 0.000512 0.321630
vt 0.000512 0.312903
vt 0.906387 0.312903
vt 0.905875 0.012881
vt 0.905875 0.000000
vt 0.000000 0.000000
vt 0.000000 0.012881
vt 0.905875 0.121202
vt 0.000000 0.121202
vt 0.000000 0.093759
vt 0.905875 0.093759
vt 0.999050 0.183297
vt 0.999050 0.342604
vt 0.939310 0.342604
vt 0.939310 0.183297
vt 0.999050 0.183297
vt 0.999050 0.342604
vt 0.939310 0.342604
vt 0.939310 0.183297
vt 0.999050 0.183297
vt 0.999050 0.342604
vt 0.939310 0.342604
vt 0.939310 0.183297
vt 0.999050 0.183297
vt 0.999050 0.342604
vt 0.939310 0.342604
vt 0.939310 0.183297
vt 0.985655 0.132863
vt 0.985655 0.179437
vt 0.939081 0.179437
vt 0.939081 0.132863
vt 0.939310 0.342604
vt 0.999050 0.342604
vt 0.999050 0.183297
vt 0.939310 0.183297
vt 0.939310 0.342604
vt 0.999050 0.342604
vt 0.999050 0.183297
vt 0.939310 0.183297
vt 0.939310 0.342604
vt 0.999050 0.342604
vt 0.999050 0.183297
vt 0.939310 0.183297
vt 0.939310 0.342604
vt 0.999050 0.342604
vt 0.999050 0.183297
vt 0.939310 0.183297
vt 0.939081 0.179437
vt 0.985655 0.179437
vt 0.985655 0.132863
vt 0.939081 0.132863
vt 0.979692 0.781451
vt 0.979692 0.844034
vt -0.000781 0.844034
vt -0.000781 0.781451
vt 0.145247 0.656284
vt 0.145247 0.718868
vt -0.000781 0.718868
vt -0.000781 0.656284
vt 0.979692 0.718868
vt 0.979692 0.781451
vt -0.000781 0.781451
vt -0.000781 0.718868
vt 0.302823 0.656284
vt 0.302823 0.718868
vt 0.156795 0.718868
vt 0.156795 0.656284
vt 1.000000 0.851064
vt 1.000000 1.000000
vt 0.000000 1.000000
vt 0.000000 0.851064
vt 0.998987 0.504118
vt 0.998987 0.652658
vt 0.001647 0.652658
vt 0.001647 0.504118
vt 0.905875 0.089593
vt 0.000000 0.089593
vt 0.000000 0.062150
vt 0.905875 0.062150
vt 0.905753 0.210448
vt 0.905753 0.156096
vt -0.000122 0.156096
vt -0.000122 0.210448
vt 0.000000 0.034093
vt 0.000000 0.048121
vt 0.905875 0.048121
vt 0.905875 0.034093
vt 0.999050 0.183297
vt 0.999050 0.342604
vt 0.939310 0.342604
vt 0.939310 0.183297
vt 0.999050 0.183297
vt 0.999050 0.342604
vt 0.939310 0.342604
vt 0.939310 0.183297
vt 0.999050 0.183297
vt 0.999050 0.342604
vt 0.939310 0.342604
vt 0.939310 0.183297
vt 0.999050 0.183297
vt 0.999050 0.342604
vt 0.939310 0.342604
vt 0.939310 0.183297
vt 0.985655 0.132863
vt 0.985655 0.179437
vt 0.939081 0.179437
vt 0.939081 0.132863
vt 0.939310 0.342604
vt 0.999050 0.342604
vt 0.999050 0.183297
vt 0.939310 0.183297
vt 0.939310 0.342604
vt 0.999050 0.342604
vt 0.999050 0.183297
vt 0.939310 0.183297
vt 0.939310 0.342604
vt 0.999050 0.342604
vt 0.999050 0.183297
vt 0.939310 0.183297
vt 0.939310 0.342604
vt 0.999050 0.342604
vt 0.999050 0.183297
vt 0.939310 0.183297
vt 0.939081 0.179437
vt 0.985655 0.179437
vt 0.985655 0.132863
vt 0.939081 0.132863
vt 0.979692 0.781451
vt 0.979692 0.844034
vt -0.000781 0.844034
vt -0.000781 0.781451
vt 0.145247 0.656284
vt 0.145247 0.718868
vt -0.000781 0.718868
vt -0.000781 0.656284
vt 0.979692 0.718868
vt 0.979692 0.781451
vt -0.000781 0.781451
vt -0.000781 0.718868
vt 0.302823 0.656284
vt 0.302823 0.718868
vt 0.156795 0.718868
vt 0.156795 0.656284
vt 1.000000 0.851064
vt 1.000000 1.000000
vt 0.000000 1.000000
vt 0.000000 0.851064
vt 0.998987 0.504118
vt 0.998987 0.652658
vt 0.001647 0.652658
vt 0.001647 0.504118
vt 0.905753 0.210448
vt -0.000122 0.210448
vt -0.000122 0.156096
vt 0.905753 0.156096
vt 0.906387 0.330358
vt 0.000512 0.330358
vt 0.000512 0.321630
vt 0.906387 0.321630
vt 0.905875 0.012881
vt 0.000000 0.012881
vt 0.000000 0.000000
vt 0.905875 0.000000
vt 0.000000 0.025761
vt 0.905875 0.025761
vt 0.905875 0.012881
vt 0.000000 0.012881
vt 0.000000 0.121202
vt 0.905875 0.121202
vt 0.905875 0.093759
vt 0.000000 0.093759
vt 0.000200 0.219937
vt 0.000200 0.259595
vt 0.906075 0.259595
vt 0.906075 0.219937
vt 0.905875 0.025761
vt 0.000000 0.025761
vt 0.000000 0.012881
vt 0.905875 0.012881
vt 0.000200 0.281378
vt 0.906075 0.281378
vt 0.906075 0.297453
vt 0.000200 0.297453
vt 0.999050 0.183297
vt 0.999050 0.342604
vt 0.939310 0.342604
vt 0.939310 0.183297
vt 0.999050 0.183297
vt 0.999050 0.342604
vt 0.939310 0.342604
vt 0.939310 0.183297
vt 0.999050 0.183297
vt 0.999050 0.342604
vt 0.939310 0.342604
vt 0.939310 0.183297
vt 0.999050 0.183297
vt 0.999050 0.342604
vt 0.939310 0.342604
vt 0.939310 0.183297
vt 0.985655 0.132863
vt 0.985655 0.179437
vt 0.939081 0.179437
vt 0.939081 0.132863
vt 0.939310 0.342604
vt 0.999050 0.342604
vt 0.999050 0.183297
vt 0.939310 0.183297
vt 0.939310 0.342604
vt 0.999050 0.342604
vt 0.999050 0.183297
vt 0.939310 0.183297
vt 0.939310 0.342604
vt 0.999050 0.342604
vt 0.999050 0.183297
vt 0.939310 0.183297
vt 0.939310 0.342604
vt 0.999050 0.342604
vt 0.999050 0.183297
vt 0.939310 0.183297
vt 0.939081 0.179437
vt 0.985655 0.179437
vt 0.985655 0.132863
vt 0.939081 0.132863
vt 0.979692 0.781451
vt 0.979692 0.844034
vt -0.000781 0.844034
vt -0.000781 0.781451
vt 0.145247 0.656284
vt 0.145247 0.718868
vt -0.000781 0.718868
vt -0.000781 0.656284
vt 0.979692 0.718868
vt 0.979692 0.781451
vt -0.000781 0.781451
vt -0.000781 0.718868
vt 0.302823 0.656284
vt 0.302823 0.718868
vt 0.156795 0.718868
vt 0.156795 0.656284
vt 1.000000 0.851064
vt 1.000000 1.000000
vt 0.000000 1.000000
vt 0.000000 0.851064
vt 0.998987 0.504118
vt 0.998987 0.652658
vt 0.001647 0.652658
vt 0.001647 0.504118
vt 0.000200 0.296828
vt 0.906075 0.296828
vt 0.906075 0.312903
vt 0.000200 0.312903
vt 0.000000 0.062150
vt 0.000000 0.089593
vt 0.905875 0.089593
vt 0.905875 0.062150
vt 0.906075 0.312903
vt 0.906075 0.296828
vt 0.000200 0.296828
vt 0.000200 0.312903
vt 0.906387 0.330358
vt 0.906387 0.321630
vt 0.000512 0.321630
vt 0.000512 0.330358
vt 0.999050 0.183297
vt 0.999050 0.342604
vt 0.939310 0.342604
vt 0.939310 0.183297
vt 0.999050 0.183297
vt 0.999050 0.342604
vt 0.939310 0.342604
vt 0.939310 0.183297
vt 0.999050 0.183297
vt 0.999050 0.342604
vt 0.939310 0.342604
vt 0.939310 0.183297
vt 0.999050 0.183297
vt 0.999050 0.342604
vt 0.939310 0.342604
vt 0.939310 0.183297
vt 0.985655 0.132863
vt 0.985655 0.179437
vt 0.939081 0.179437
vt 0.939081 0.132863
vt 0.939310 0.342604
vt 0.999050 0.342604
vt 0.999050 0.183297
vt 0.939310 0.183297
vt 0.939310 0.342604
vt 0.999050 0.342604
vt 0.999050 0.183297
vt 0.939310 0.183297
vt 0.939310 0.342604
vt 0.999050 0.342604
vt 0.999050 0.183297
vt 0.939310 0.183297
vt 0.939310 0.342604
vt 0.999050 0.342604
vt 0.999050 0.183297
vt 0.939310 0.183297
vt 0.939081 0.179437
vt 0.985655 0.179437
vt 0.985655 0.132863
vt 0.939081 0.132863
vt 0.979692 0.781451
vt 0.979692 0.844034
vt -0.000781 0.844034
vt -0.000781 0.781451
vt 0.145247 0.656284
vt 0.145247 0.718868
vt -0.000781 0.718868
vt -0.000781 0.656284
vt 0.979692 0.718868
vt 0.979692 0.781451
vt -0.000781 0.781451
vt -0.000781 0.718868
vt 0.302823 0.656284
vt 0.302823 0.718868
vt 0.156795 0.718868
vt 0.156795 0.656284
vt 1.000000 0.851064
vt 1.000000 1.000000
vt 0.000000 1.000000
vt 0.000000 0.851064
vt 0.998987 0.504118
vt 0.998987 0.652658
vt 0.001647 0.652658
vt 0.001647 0.504118
vt 0.905875 0.048121
vt 0.000000 0.048121
vt 0.000000 0.062150
vt 0.905875 0.062150
vt 0.000200 0.219937
vt 0.906075 0.219937
vt 0.906075 0.259595
vt 0.000200 0.259595
vt 0.000512 0.312903
vt 0.000512 0.321630
vt 0.906387 0.321630
vt 0.906387 0.312903
vt 0.000000 0.062150
vt 0.000000 0.048121
vt 0.905875 0.048121
vt 0.905875 0.062150
vt 0.000200 0.281378
vt 0.000200 0.297453
vt 0.906075 0.297453
vt 0.906075 0.281378
vt 0.000000 0.034093
vt 0.905875 0.034093
vt 0.905875 0.048121
vt 0.000000 0.048121
vt 0.906387 0.321630
vt 0.000512 0.321630
vt 0.000512 0.312903
vt 0.906387 0.312903
vt 0.905875 0.012881
vt 0.905875 0.000000
vt 0.000000 0.000000
vt 0.000000 0.012881
vt 0.905875 0.121202
vt 0.000000 0.121202
vt 0.000000 0.093759
vt 0.905875 0.093759
vt 0.999050 0.183297
vt 0.999050 0.342604
vt 0.939310 0.342604
vt 0.939310 0.183297
vt 0.999050 0.183297
vt 0.999050 0.342604
vt 0.939310 0.342604
vt 0.939310 0.183297
vt 0.999050 0.183297
vt 0.999050 0.342604
vt 0.939310 0.342604
vt 0.939310 0.183297
vt 0.999050 0.183297
vt 0.999050 0.342604
vt 0.939310 0.342604
vt 0.939310 0.183297
vt 0.985655 0.132863
vt 0.985655 0.179437
vt 0.939081 0.179437
vt 0.939081 0.132863
vt 0.939310 0.342604
vt 0.999050 0.342604
vt 0.999050 0.183297
vt 0.939310 0.183297
vt 0.939310 0.342604
vt 0.999050 0.342604
vt 0.999050 0.183297
vt 0.939310 0.183297
vt 0.939310 0.342604
vt 0.999050 0.342604
vt 0.999050 0.183297
vt 0.939310 0.183297
vt 0.939310 0.342604
vt 0.999050 0.342604
vt 0.999050 0.183297
vt 0.939310 0.183297
vt 0.939081 0.179437
vt 0.985655 0.179437
vt 0.985655 0.132863
vt 0.939081 0.132863
vt 0.979692 0.781451
vt 0.979692 0.844034
vt -0.000781 0.844034
vt -0.000781 0.781451
vt 0.145247 0.656284
vt 0.145247 0.718868
vt -0.000781 0.718868
vt -0.000781 0.656284
vt 0.979692 0.718868
vt 0.979692 0.781451
vt -0.000781 0.781451
vt -0.000781 0.718868
vt 0.302823 0.656284
vt 0.302823 0.718868
vt 0.156795 0.718868
vt 0.156795 0.656284
vt 1.000000 0.851064
vt 1.000000 1.000000
vt 0.000000 1.000000
vt 0.000000 0.851064
vt 0.998987 0.504118
vt 0.998987 0.652658
vt 0.001647 0.652658
vt 0.001647 0.504118
vt 0.905875 0.089593
vt 0.000000 0.089593
vt 0.000000 0.062150
vt 0.905875 0.062150
vt 0.905753 0.210448
vt 0.905753 0.156096
vt -0.000122 0.156096
vt -0.000122 0.210448
vt 0.000000 0.034093
vt 0.000000 0.048121
vt 0.905875 0.048121
vt 0.905875 0.034093
vt 0.999050 0.183297
vt 0.999050 0.342604
vt 0.939310 0.342604
vt 0.939310 0.183297
vt 0.999050 0.183297
vt 0.999050 0.342604
vt 0.939310 0.342604
vt 0.939310 0.183297
vt 0.999050 0.183297
vt 0.999050 0.342604
vt 0.939310 0.342604
vt 0.939310 0.183297
vt 0.999050 0.183297
vt 0.999050 0.342604
vt 0.939310 0.342604
vt 0.939310 0.183297
vt 0.985655 0.132863
vt 0.985655 0.179437
vt 0.939081 0.179437
vt 0.939081 0.132863
vt 0.939310 0.342604
vt 0.999050 0.342604
vt 0.999050 0.183297
vt 0.939310 0.183297
vt 0.939310 0.342604
vt 0.999050 0.342604
vt 0.999050 0.183297
vt 0.939310 0.183297
vt 0.939310 0.342604
vt 0.999050 0.342604
vt 0.999050 0.183297
vt 0.939310 0.183297
vt 0.939310 0.342604
vt 0.999050 0.342604
vt 0.999050 0.183297
vt 0.939310 0.183297
vt 0.939081 0.179437
vt 0.985655 0.179437
vt 0.985655 0.132863
vt 0.939081 0.132863
vt 0.979692 0.781451
vt 0.979692 0.844034
vt -0.000781 0.844034
vt -0.000781 0.781451
vt 0.145247 0.656284
vt 0.145247 0.718868
vt -0.000781 0.718868
vt -0.000781 0.656284
vt 0.979692 0.718868
vt 0.979692 0.781451
vt -0.000781 0.781451
vt -0.000781 0.718868
vt 0.302823 0.656284
vt 0.302823 0.718868
vt 0.156795 0.718868
vt 0.156795 0.656284
vt 1.000000 0.851064
vt 1.000000 1.000000
vt 0.000000 1.000000
vt 0.000000 0.851064
vt 0.998987 0.504118
vt 0.998987 0.652658
vt 0.001647 0.652658
vt 0.001647 0.504118
vt 0.905753 0.210448
vt -0.000122 0.210448
vt -0.000122 0.156096
vt 0.905753 0.156096
vt 0.906387 0.330358
vt 0.000512 0.330358
vt 0.000512 0.321630
vt 0.906387 0.321630
vt 0.905875 0.012881
vt 0.000000 0.012881
vt 0.000000 0.000000
vt 0.905875 0.000000
vt 0.000000 0.025761
vt 0.905875 0.025761
vt 0.905875 0.012881
vt 0.000000 0.012881
vt 0.000000 0.121202
vt 0.905875 0.121202
vt 0.905875 0.093759
vt 0.000000 0.093759
vt 0.000200 0.219937
vt 0.000200 0.259595
vt 0.906075 0.259595
vt 0.906075 0.219937
vt 0.905875 0.025761
vt 0.000000 0.025761
vt 0.000000 0.012881
vt 0.905875 0.012881
vt 0.000200 0.281378
vt 0.906075 0.281378
vt 0.906075 0.297453
vt 0.000200 0.297453
vt 0.999050 0.183297
vt 0.999050 0.342604
vt 0.939310 0.342604
vt 0.939310 0.183297
vt 0.999050 0.183297
vt 0.999050 0.342604
vt 0.939310 0.342604
vt 0.939310 0.183297
vt 0.999050 0.183297
vt 0.999050 0.342604
vt 0.939310 0.342604
vt 0.939310 0.183297
vt 0.999050 0.183297
vt 0.999050 0.342604
vt 0.939310 0.342604
vt 0.939310 0.183297
vt 0.985655 0.132863
vt 0.985655 0.179437
vt 0.939081 0.179437
vt 0.939081 0.132863
vt 0.939310 0.342604
vt 0.999050 0.342604
vt 0.999050 0.183297
vt 0.939310 0.183297
vt 0.939310 0.342604
vt 0.999050 0.342604
vt 0.999050 0.183297
vt 0.939310 0.183297
vt 0.939310 0.342604
vt 0.999050 0.342604
vt 0.999050 0.183297
vt 0.939310 0.183297
vt 0.939310 0.342604
vt 0.999050 0.342604
vt 0.999050 0.183297
vt 0.939310 0.183297
vt 0.939081 0.179437
vt 0.985655 0.179437
vt 0.985655 0.132863
vt 0.939081 0.132863
vt 0.979692 0.781451
vt 0.979692 0.844034
vt -0.000781 0.844034
vt -0.000781 0.781451
vt 0.145247 0.656284
vt 0.145247 0.718868
vt -0.000781 0.718868
vt -0.000781 0.656284
vt 0.979692 0.718868
vt 0.979692 0.781451
vt -0.000781 0.781451
vt -0.000781 0.718868
vt 0.302823 0.656284
vt 0.302823 0.718868
vt 0.156795 0.718868
vt 0.156795 0.656284
vt 1.000000 0.851064
vt 1.000000 1.000000
vt 0.000000 1.000000
vt 0.000000 0.851064
vt 0.998987 0.504118
vt 0.998987 0.652658
vt 0.001647 0.652658
vt 0.001647 0.504118
vt 0.000200 0.296828
vt 0.906075 0.296828
vt 0.906075 0.312903
vt 0.000200 0.312903
vt 0.000000 0.062150
vt 0.000000 0.089593
vt 0.905875 0.089593
vt 0.905875 0.062150
vt 0.906075 0.312903
vt 0.906075 0.296828
vt 0.000200 0.296828
vt 0.000200 0.312903
vt 0.906387 0.330358
vt 0.906387 0.321630
vt 0.000512 0.321630
vt 0.000512 0.330358
vt 0.999050 0.183297
vt 0.999050 0.342604
vt 0.939310 0.342604
vt 0.939310 0.183297
vt 0.999050 0.183297
vt 0.999050 0.342604
vt 0.939310 0.342604
vt 0.939310 0.183297
vt 0.999050 0.183297
vt 0.999050 0.342604
vt 0.939310 0.342604
vt 0.939310 0.183297
vt 0.999050 0.183297
vt 0.999050 0.342604
vt 0.939310 0.342604
vt 0.939310 0.183297
vt 0.985655 0.132863
vt 0.985655 0.179437
vt 0.939081 0.179437
vt 0.939081 0.132863
vt 0.939310 0.342604
vt 0.999050 0.342604
vt 0.999050 0.183297
vt 0.939310 0.183297
vt 0.939310 0.342604
vt 0.999050 0.342604
vt 0.999050 0.183297
vt 0.939310 0.183297
vt 0.939310 0.342604
vt 0.999050 0.342604
vt 0.999050 0.183297
vt 0.939310 0.183297
vt 0.939310 0.342604
vt 0.999050 0.342604
vt 0.999050 0.183297
vt 0.939310 0.183297
vt 0.939081 0.179437
vt 0.985655 0.179437
vt 0.985655 0.132863
vt 0.939081 0.132863
vt 0.979692 0.781451
vt 0.979692 0.844034
vt -0.000781 0.844034
vt -0.000781 0.781451
vt 0.145247 0.656284
vt 0.145247 0.718868
vt -0.000781 0.718868
vt -0.000781 0.656284
vt 0.979692 0.718868
vt 0.979692 0.781451
vt -0.000781 0.781451
vt -0.000781 0.718868
vt 0.302823 0.656284
vt 0.302823 0.718868
vt 0.156795 0.718868
vt 0.156795 0.656284
vt 1.000000 0.851064
vt 1.000000 1.000000
vt 0.000000 1.000000
vt 0.000000 0.851064
vt 0.998987 0.504118
vt 0.998987 0.652658
vt 0.001647 0.652658
vt 0.001647 0.504118
vt 0.905875 0.048121
vt 0.000000 0.048121
vt 0.000000 0.062150
vt 0.905875 0.062150
vt 0.905875 0.089593
vt 0.000000 0.089593
vt 0.000000 0.062150
vt 0.905875 0.062150
vt 0.000512 0.312903
vt 0.000512 0.321630
vt 0.906387 0.321630
vt 0.906387 0.312903
vt 0.000000 0.062150
vt 0.000000 0.048121
vt 0.905875 0.048121
vt 0.905875 0.062150
vt 0.000000 0.121202
vt 0.905875 0.121202
vt 0.905875 0.093759
vt 0.000000 0.093759
vt 0.000200 0.219937
vt 0.906075 0.219937
vt 0.906075 0.259595
vt 0.000200 0.259595
vt 0.906387 0.321630
vt 0.000512 0.321630
vt 0.000512 0.312903
vt 0.906387 0.312903
vt 0.000200 0.281378
vt 0.000200 0.297453
vt 0.906075 0.297453
vt 0.906075 0.281378
vt 0.905875 0.012881
vt 0.905875 0.000000
vt 0.000000 0.000000
vt 0.000000 0.012881
vt 0.000000 0.034093
vt 0.905875 0.034093
vt 0.905875 0.048121
vt 0.000000 0.048121
vt 0.999050 0.183297
vt 0.999050 0.342604
vt 0.939310 0.342604
vt 0.939310 0.183297
vt 0.999050 0.183297
vt 0.999050 0.342604
vt 0.939310 0.342604
vt 0.939310 0.183297
vt 0.999050 0.183297
vt 0.999050 0.342604
vt 0.939310 0.342604
vt 0.939310 0.183297
vt 0.999050 0.183297
vt 0.999050 0.342604
vt 0.939310 0.342604
vt 0.939310 0.183297
vt 0.985655 0.132863
vt 0.985655 0.179437
vt 0.939081 0.179437
vt 0.939081 0.132863
vt 0.939310 0.342604
vt 0.999050 0.342604
vt 0.999050 0.183297
vt 0.939310 0.183297
vt 0.939310 0.342604
vt 0.999050 0.342604
vt 0.999050 0.183297
vt 0.939310 0.183297
vt 0.939310 0.342604
vt 0.999050 0.342604
vt 0.999050 0.183297
vt 0.939310 0.183297
vt 0.939310 0.342604
vt 0.999050 0.342604
vt 0.999050 0.183297
vt 0.939310 0.183297
vt 0.939081 0.179437
vt 0.985655 0.179437
vt 0.985655 0.132863
vt 0.939081 0.132863
vt 0.979692 0.781451
vt 0.979692 0.844034
vt -0.000781 0.844034
vt -0.000781 0.781451
vt 0.145247 0.656284
vt 0.145247 0.718868
vt -0.000781 0.718868
vt -0.000781 0.656284
vt 0.979692 0.718868
vt 0.979692 0.781451
vt -0.000781 0.781451
vt -0.000781 0.718868
vt 0.302823 0.656284
vt 0.302823 0.718868
vt 0.156795 0.718868
vt 0.156795 0.656284
vt 1.000000 0.851064
vt 1.000000 1.000000
vt 0.000000 1.000000
vt 0.000000 0.851064
vt 0.998987 0.504118
vt 0.998987 0.652658
vt 0.001647 0.652658
vt 0.001647 0.504118
vt 0.905875 0.121202
vt 0.000000 0.121202
vt 0.000000 0.093759
vt 0.905875 0.093759
vt 0.905753 0.210448
vt 0.905753 0.156096
vt -0.000122 0.156096
vt -0.000122 0.210448
vt 0.000000 0.062150
vt 0.000000 0.089593
vt 0.905875 0.089593
vt 0.905875 0.062150
vt 0.999050 0.183297
vt 0.999050 0.342604
vt 0.939310 0.342604
vt 0.939310 0.183297
vt 0.999050 0.183297
vt 0.999050 0.342604
vt 0.939310 0.342604
vt 0.939310 0.183297
vt 0.999050 0.183297
vt 0.999050 0.342604
vt 0.939310 0.342604
vt 0.939310 0.183297
vt 0.999050 0.183297
vt 0.999050 0.342604
vt 0.939310 0.342604
vt 0.939310 0.183297
vt 0.985655 0.132863
vt 0.985655 0.179437
vt 0.939081 0.179437
vt 0.939081 0.132863
vt 0.939310 0.342604
vt 0.999050 0.342604
vt 0.999050 0.183297
vt 0.939310 0.183297
vt 0.939310 0.342604
vt 0.999050 0.342604
vt 0.999050 0.183297
vt 0.939310 0.183297
vt 0.939310 0.342604
vt 0.999050 0.342604
vt 0.999050 0.183297
vt 0.939310 0.183297
vt 0.939310 0.342604
vt 0.999050 0.342604
vt 0.999050 0.183297
vt 0.939310 0.183297
vt 0.939081 0.179437
vt 0.985655 0.179437
vt 0.985655 0.132863
vt 0.939081 0.132863
vt 0.979692 0.781451
vt 0.979692 0.844034
vt -0.000781 0.844034
vt -0.000781 0.781451
vt 0.145247 0.656284
vt 0.145247 0.718868
vt -0.000781 0.718868
vt -0.000781 0.656284
vt 0.979692 0.718868
vt 0.979692 0.781451
vt -0.000781 0.781451
vt -0.000781 0.718868
vt 0.302823 0.656284
vt 0.302823 0.718868
vt 0.156795 0.718868
vt 0.156795 0.656284
vt 1.000000 0.851064
vt 1.000000 1.000000
vt 0.000000 1.000000
vt 0.000000 0.851064
vt 0.998987 0.504118
vt 0.998987 0.652658
vt 0.001647 0.652658
vt 0.001647 0.504118
vt 0.905753 0.210448
vt -0.000122 0.210448
vt -0.000122 0.156096
vt 0.905753 0.156096
vt 0.906387 0.330358
vt 0.000512 0.330358
vt 0.000512 0.321630
vt 0.906387 0.321630
vt 0.905875 0.012881
vt 0.000000 0.012881
vt 0.000000 0.000000
vt 0.905875 0.000000
vt 0.000000 0.025761
vt 0.905875 0.025761
vt 0.905875 0.012881
vt 0.000000 0.012881
vt 0.000200 0.219937
vt 0.000200 0.259595
vt 0.906075 0.259595
vt 0.906075 0.219937
vt 0.905875 0.025761
vt 0.000000 0.025761
vt 0.000000 0.012881
vt 0.905875 0.012881
vt 0.000200 0.281378
vt 0.906075 0.281378
vt 0.906075 0.297453
vt 0.000200 0.297453
vt 0.999050 0.183297
vt 0.999050 0.342604
vt 0.939310 0.342604
vt 0.939310 0.183297
vt 0.999050 0.183297
vt 0.999050 0.342604
vt 0.939310 0.342604
vt 0.939310 0.183297
vt 0.999050 0.183297
vt 0.999050 0.342604
vt 0.939310 0.342604
vt 0.939310 0.183297
vt 0.999050 0.183297
vt 0.999050 0.342604
vt 0.939310 0.342604
vt 0.939310 0.183297
vt 0.985655 0.132863
vt 0.985655 0.179437
vt 0.939081 0.179437
vt 0.939081 0.132863
vt 0.939310 0.342604
vt 0.999050 0.342604
vt 0.999050 0.183297
vt 0.939310 0.183297
vt 0.939310 0.342604
vt 0.999050 0.342604
vt 0.999050 0.183297
vt 0.939310 0.183297
vt 0.939310 0.342604
vt 0.999050 0.342604
vt 0.999050 0.183297
vt 0.939310 0.183297
vt 0.939310 0.342604
vt 0.999050 0.342604
vt 0.999050 0.183297
vt 0.939310 0.183297
vt 0.939081 0.179437
vt 0.985655 0.179437
vt 0.985655 0.132863
vt 0.939081 0.132863
vt 0.979692 0.781451
vt 0.979692 0.844034
vt -0.000781 0.844034
vt -0.000781 0.781451
vt 0.145247 0.656284
vt 0.145247 0.718868
vt -0.000781 0.718868
vt -0.000781 0.656284
vt 0.979692 0.718868
vt 0.979692 0.781451
vt -0.000781 0.781451
vt -0.000781 0.718868
vt 0.302823 0.656284
vt 0.302823 0.718868
vt 0.156795 0.718868
vt 0.156795 0.656284
vt 1.000000 0.851064
vt 1.000000 1.000000
vt 0.000000 1.000000
vt 0.000000 0.851064
vt 0.998987 0.504118
vt 0.998987 0.652658
vt 0.001647 0.652658
vt 0.001647 0.504118
vt 0.000200 0.296828
vt 0.906075 0.296828
vt 0.906075 0.312903
vt 0.000200 0.312903
vt 0.000000 0.034093
vt 0.000000 0.048121
vt 0.905875 0.048121
vt 0.905875 0.034093
vt 0.906075 0.312903
vt 0.906075 0.296828
vt 0.000200 0.296828
vt 0.000200 0.312903
vt 0.906387 0.330358
vt 0.906387 0.321630
vt 0.000512 0.321630
vt 0.000512 0.330358
vt 0.999050 0.183297
vt 0.999050 0.342604
vt 0.939310 0.342604
vt 0.939310 0.183297
vt 0.999050 0.183297
vt 0.999050 0.342604
vt 0.939310 0.342604
vt 0.939310 0.183297
vt 0.999050 0.183297
vt 0.999050 0.342604
vt 0.939310 0.342604
vt 0.939310 0.183297
vt 0.999050 0.183297
vt 0.999050 0.342604
vt 0.939310 0.342604
vt 0.939310 0.183297
vt 0.985655 0.132863
vt 0.985655 0.179437
vt 0.939081 0.179437
vt 0.939081 0.132863
vt 0.939310 0.342604
vt 0.999050 0.342604
vt 0.999050 0.183297
vt 0.939310 0.183297
vt 0.939310 0.342604
vt 0.999050 0.342604
vt 0.999050 0.183297
vt 0.939310 0.183297
vt 0.939310 0.342604
vt 0.999050 0.342604
vt 0.999050 0.183297
vt 0.939310 0.183297
vt 0.939310 0.342604
vt 0.999050 0.342604
vt 0.999050 0.183297
vt 0.939310 0.183297
vt 0.939081 0.179437
vt 0.985655 0.179437
vt 0.985655 0.132863
vt 0.939081 0.132863
vt 0.979692 0.781451
vt 0.979692 0.844034
vt -0.000781 0.844034
vt -0.000781 0.781451
vt 0.145247 0.656284
vt 0.145247 0.718868
vt -0.000781 0.718868
vt -0.000781 0.656284
vt 0.979692 0.718868
vt 0.979692 0.781451
vt -0.000781 0.781451
vt -0.000781 0.718868
vt 0.302823 0.656284
vt 0.302823 0.718868
vt 0.156795 0.718868
vt 0.156795 0.656284
vt 1.000000 0.851064
vt 1.000000 1.000000
vt 0.000000 1.000000
vt 0.000000 0.851064
vt 0.998987 0.504118
vt 0.998987 0.652658
vt 0.001647 0.652658
vt 0.001647 0.504118
vt -0.000122 0.156096
vt -0.000122 0.210448
vt 0.905753 0.210448
vt 0.905753 0.156096
vt 0.905875 0.012881
vt 0.905875 0.000000
vt 0.000000 0.000000
vt 0.000000 0.012881
vt 0.000000 0.121202
vt 0.905875 0.121202
vt 0.905875 0.093759
vt 0.000000 0.093759
vt 0.906387 0.321630
vt 0.906387 0.312903
vt 0.000512 0.312903
vt 0.000512 0.321630
vt 0.905875 0.089593
vt 0.905875 0.062150
vt 0.000000 0.062150
vt 0.000000 0.089593
vt 0.905875 0.089593
vt 0.000000 0.089593
vt 0.000000 0.062150
vt 0.905875 0.062150
vt 0.000200 0.296828
vt 0.906075 0.296828
vt 0.906075 0.312903
vt 0.000200 0.312903
vt 0.000000 0.034093
vt 0.000000 0.048121
vt 0.905875 0.048121
vt 0.905875 0.034093
vt 0.905753 0.210448
vt -0.000122 0.210448
vt -0.000122 0.156096
vt 0.905753 0.156096
vt 0.999050 0.183297
vt 0.999050 0.342604
vt 0.939310 0.342604
vt 0.939310 0.183297
vt 0.999050 0.183297
vt 0.999050 0.342604
vt 0.939310 0.342604
vt 0.939310 0.183297
vt 0.999050 0.183297
vt 0.999050 0.342604
vt 0.939310 0.342604
vt 0.939310 0.183297
vt 0.999050 0.183297
vt 0.999050 0.342604
vt 0.939310 0.342604
vt 0.939310 0.183297
vt 0.985655 0.132863
vt 0.985655 0.179437
vt 0.939081 0.179437
vt 0.939081 0.132863
vt 0.939310 0.342604
vt 0.999050 0.342604
vt 0.999050 0.183297
vt 0.939310 0.183297
vt 0.939310 0.342604
vt 0.999050 0.342604
vt 0.999050 0.183297
vt 0.939310 0.183297
vt 0.939310 0.342604
vt 0.999050 0.342604
vt 0.999050 0.183297
vt 0.939310 0.183297
vt 0.939310 0.342604
vt 0.999050 0.342604
vt 0.999050 0.183297
vt 0.939310 0.183297
vt 0.939081 0.179437
vt 0.985655 0.179437
vt 0.985655 0.132863
vt 0.939081 0.132863
vt 0.979692 0.781451
vt 0.979692 0.844034
vt -0.000781 0.844034
vt -0.000781 0.781451
vt 0.145247 0.656284
vt 0.145247 0.718868
vt -0.000781 0.718868
vt -0.000781 0.656284
vt 0.979692 0.718868
vt 0.979692 0.781451
vt -0.000781 0.781451
vt -0.000781 0.718868
vt 0.302823 0.656284
vt 0.302823 0.718868
vt 0.156795 0.718868
vt 0.156795 0.656284
vt 1.000000 0.851064
vt 1.000000 1.000000
vt 0.000000 1.000000
vt 0.000000 0.851064
vt 0.998987 0.504118
vt 0.998987 0.652658
vt 0.001647 0.652658
vt 0.001647 0.504118
vt 0.000000 0.034093
vt 0.905875 0.034093
vt 0.905875 0.048121
vt 0.000000 0.048121
vt 0.000200 0.219937
vt 0.906075 0.219937
vt 0.906075 0.259595
vt 0.000200 0.259595
vt 0.906075 0.219937
vt 0.000200 0.219937
vt 0.000200 0.259595
vt 0.906075 0.259595
vt 0.999050 0.183297
vt 0.999050 0.342604
vt 0.939310 0.342604
vt 0.939310 0.183297
vt 0.999050 0.183297
vt 0.999050 0.342604
vt 0.939310 0.342604
vt 0.939310 0.183297
vt 0.999050 0.183297
vt 0.999050 0.342604
vt 0.939310 0.342604
vt 0.939310 0.183297
vt 0.999050 0.183297
vt 0.999050 0.342604
vt 0.939310 0.342604
vt 0.939310 0.183297
vt 0.985655 0.132863
vt 0.985655 0.179437
vt 0.939081 0.179437
vt 0.939081 0.132863
vt 0.939310 0.342604
vt 0.999050 0.342604
vt 0.999050 0.183297
vt 0.939310 0.183297
vt 0.939310 0.342604
vt 0.999050 0.342604
vt 0.999050 0.183297
vt 0.939310 0.183297
vt 0.939310 0.342604
vt 0.999050 0.342604
vt 0.999050 0.183297
vt 0.939310 0.183297
vt 0.939310 0.342604
vt 0.999050 0.342604
vt 0.999050 0.183297
vt 0.939310 0.183297
vt 0.939081 0.179437
vt 0.985655 0.179437
vt 0.985655 0.132863
vt 0.939081 0.132863
vt 0.979692 0.781451
vt 0.979692 0.844034
vt -0.000781 0.844034
vt -0.000781 0.781451
vt 0.145247 0.656284
vt 0.145247 0.718868
vt -0.000781 0.718868
vt -0.000781 0.656284
vt 0.979692 0.718868
vt 0.979692 0.781451
vt -0.000781 0.781451
vt -0.000781 0.718868
vt 0.302823 0.656284
vt 0.302823 0.718868
vt 0.156795 0.718868
vt 0.156795 0.656284
vt 1.000000 0.851064
vt 1.000000 1.000000
vt 0.000000 1.000000
vt 0.000000 0.851064
vt 0.998987 0.504118
vt 0.998987 0.652658
vt 0.001647 0.652658
vt 0.001647 0.504118
vt 0.905875 0.121202
vt 0.000000 0.121202
vt 0.000000 0.093759
vt 0.905875 0.093759
vt 0.000000 0.062150
vt 0.000000 0.048121
vt 0.905875 0.048121
vt 0.905875 0.062150
vt 0.000000 0.025761
vt 0.000000 0.012881
vt 0.905875 0.012881
vt 0.905875 0.025761
vt 0.000200 0.281378
vt 0.000200 0.297453
vt 0.906075 0.297453
vt 0.906075 0.281378
vt 0.905875 0.048121
vt 0.000000 0.048121
vt 0.000000 0.062150
vt 0.905875 0.062150
vt 0.000000 0.121202
vt 0.905875 0.121202
vt 0.905875 0.093759
vt 0.000000 0.093759
vt 0.999050 0.183297
vt 0.999050 0.342604
vt 0.939310 0.342604
vt 0.939310 0.183297
vt 0.999050 0.183297
vt 0.999050 0.342604
vt 0.939310 0.342604
vt 0.939310 0.183297
vt 0.999050 0.183297
vt 0.999050 0.342604
vt 0.939310 0.342604
vt 0.939310 0.183297
vt 0.999050 0.183297
vt 0.999050 0.342604
vt 0.939310 0.342604
vt 0.939310 0.183297
vt 0.985655 0.132863
vt 0.985655 0.179437
vt 0.939081 0.179437
vt 0.939081 0.132863
vt 0.939310 0.342604
vt 0.999050 0.342604
vt 0.999050 0.183297
vt 0.939310 0.183297
vt 0.939310 0.342604
vt 0.999050 0.342604
vt 0.999050 0.183297
vt 0.939310 0.183297
vt 0.939310 0.342604
vt 0.999050 0.342604
vt 0.999050 0.183297
vt 0.939310 0.183297
vt 0.939310 0.342604
vt 0.999050 0.342604
vt 0.999050 0.183297
vt 0.939310 0.183297
vt 0.939081 0.179437
vt 0.985655 0.179437
vt 0.985655 0.132863
vt 0.939081 0.132863
vt 0.979692 0.781451
vt 0.979692 0.844034
vt -0.000781 0.844034
vt -0.000781 0.781451
vt 0.145247 0.656284
vt 0.145247 0.718868
vt -0.000781 0.718868
vt -0.000781 0.656284
vt 0.979692 0.718868
vt 0.979692 0.781451
vt -0.000781 0.781451
vt -0.000781 0.718868
vt 0.302823 0.656284
vt 0.302823 0.718868
vt 0.156795 0.718868
vt 0.156795 0.656284
vt 1.000000 0.851064
vt 1.000000 1.000000
vt 0.000000 1.000000
vt 0.000000 0.851064
vt 0.998987 0.504118
vt 0.998987 0.652658
vt 0.001647 0.652658
vt 0.001647 0.504118
vt 0.906387 0.321630
vt 0.000512 0.321630
vt 0.000512 0.312903
vt 0.906387 0.312903
vt 0.000000 0.025761
vt 0.905875 0.025761
vt 0.905875 0.012881
vt 0.000000 0.012881
vt 0.906387 0.330358
vt 0.906387 0.321630
vt 0.000512 0.321630
vt 0.000512 0.330358
vt 0.905875 0.012881
vt 0.000000 0.012881
vt 0.000000 0.000000
vt 0.905875 0.000000
vt 0.906075 0.312903
vt 0.906075 0.296828
vt 0.000200 0.296828
vt 0.000200 0.312903
vt 0.000200 0.281378
vt 0.906075 0.281378
vt 0.906075 0.297453
vt 0.000200 0.297453
vt 0.906387 0.330358
vt 0.000512 0.330358
vt 0.000512 0.321630
vt 0.906387 0.321630
vt 0.999050 0.183297
vt 0.999050 0.342604
vt 0.939310 0.342604
vt 0.939310 0.183297
vt 0.999050 0.183297
vt 0.999050 0.342604
vt 0.939310 0.342604
vt 0.939310 0.183297
vt 0.999050 0.183297
vt 0.999050 0.342604
vt 0.939310 0.342604
vt 0.939310 0.183297
vt 0.999050 0.183297
vt 0.999050 0.342604
vt 0.939310 0.342604
vt 0.939310 0.183297
vt 0.985655 0.132863
vt 0.985655 0.179437
vt 0.939081 0.179437
vt 0.939081 0.132863
vt 0.939310 0.342604
vt 0.999050 0.342604
vt 0.999050 0.183297
vt 0.939310 0.183297
vt 0.939310 0.342604
vt 0.999050 0.342604
vt 0.999050 0.183297
vt 0.939310 0.183297
vt 0.939310 0.342604
vt 0.999050 0.342604
vt 0.999050 0.183297
vt 0.939310 0.183297
vt 0.939310 0.342604
vt 0.999050 0.342604
vt 0.999050 0.183297
vt 0.939310 0.183297
vt 0.939081 0.179437
vt 0.985655 0.179437
vt 0.985655 0.132863
vt 0.939081 0.132863
vt 0.979692 0.781451
vt 0.979692 0.844034
vt -0.000781 0.844034
vt -0.000781 0.781451
vt 0.145247 0.656284
vt 0.145247 0.718868
vt -0.000781 0.718868
vt -0.000781 0.656284
vt 0.979692 0.718868
vt 0.979692 0.781451
vt -0.000781 0.781451
vt -0.000781 0.718868
vt 0.302823 0.656284
vt 0.302823 0.718868
vt 0.156795 0.718868
vt 0.156795 0.656284
vt 1.000000 0.851064
vt 1.000000 1.000000
vt 0.000000 1.000000
vt 0.000000 0.851064
vt 0.998987 0.504118
vt 0.998987 0.652658
vt 0.001647 0.652658
vt 0.001647 0.504118
vt 0.905875 0.121202
vt 0.000000 0.121202
vt 0.000000 0.093759
vt 0.905875 0.093759
vt 0.000000 0.062150
vt 0.000000 0.048121
vt 0.905875 0.048121
vt 0.905875 0.062150
vt 0.906387 0.330358
vt 0.000512 0.330358
vt 0.000512 0.321630
vt 0.906387 0.321630
vt -0.000122 0.156096
vt -0.000122 0.210448
vt 0.905753 0.210448
vt 0.905753 0.156096
vt 0.905875 0.034093
vt 0.000000 0.034093
vt 0.000000 0.048121
vt 0.905875 0.048121
vt 0.905875 0.089593
vt 0.000000 0.089593
vt 0.000000 0.062150
vt 0.905875 0.062150
vt 0.000512 0.312903
vt 0.000512 0.321630
vt 0.906387 0.321630
vt 0.906387 0.312903
vt 0.000200 0.281378
vt 0.906075 0.281378
vt 0.906075 0.297453
vt 0.000200 0.297453
vt 0.000000 0.034093
vt 0.905875 0.034093
vt 0.905875 0.048121
vt 0.000000 0.048121
vt 0.000000 0.000000
vt 0.000000 0.012881
vt 0.905875 0.012881
vt 0.905875 0.000000
vt 0.000512 0.321630
vt 0.000512 0.330358
vt 0.906387 0.330358
vt 0.906387 0.321630
vt 0.906075 0.312903
vt 0.906075 0.296828
vt 0.000200 0.296828
vt 0.000200 0.312903
vt 0.906075 0.219937
vt 0.000200 0.219937
vt 0.000200 0.259595
vt 0.906075 0.259595
vt 0.905875 0.048121
vt 0.000000 0.048121
vt 0.000000 0.062150
vt 0.905875 0.062150
vt 0.000200 0.219937
vt 0.906075 0.219937
vt 0.906075 0.259595
vt 0.000200 0.259595
vt 0.000000 0.062150
vt 0.000000 0.089593
vt 0.905875 0.089593
vt 0.905875 0.062150
vt 0.905875 0.012881
vt 0.000000 0.012881
vt 0.000000 0.000000
vt 0.905875 0.000000
vt 0.000200 0.296828
vt 0.906075 0.296828
vt 0.906075 0.312903
vt 0.000200 0.312903
vt 0.906075 0.297453
vt 0.906075 0.281378
vt 0.000200 0.281378
vt 0.000200 0.297453
vt 0.000000 0.025761
vt 0.905875 0.025761
vt 0.905875 0.012881
vt 0.000000 0.012881
vt 0.905875 0.025761
vt 0.000000 0.025761
vt 0.000000 0.012881
vt 0.905875 0.012881
vt 0.906387 0.321630
vt 0.000512 0.321630
vt 0.000512 0.312903
vt 0.906387 0.312903
vt 0.905753 0.210448
vt -0.000122 0.210448
vt -0.000122 0.156096
vt 0.905753 0.156096
vt 0.999050 0.183297
vt 0.999050 0.342604
vt 0.939310 0.342604
vt 0.939310 0.183297
vt 0.999050 0.183297
vt 0.999050 0.342604
vt 0.939310 0.342604
vt 0.939310 0.183297
vt 0.999050 0.183297
vt 0.999050 0.342604
vt 0.939310 0.342604
vt 0.939310 0.183297
vt 0.999050 0.183297
vt 0.999050 0.342604
vt 0.939310 0.342604
vt 0.939310 0.183297
vt 0.985655 0.132863
vt 0.985655 0.179437
vt 0.939081 0.179437
vt 0.939081 0.132863
vt 0.939310 0.342604
vt 0.999050 0.342604
vt 0.999050 0.183297
vt 0.939310 0.183297
vt 0.939310 0.342604
vt 0.999050 0.342604
vt 0.999050 0.183297
vt 0.939310 0.183297
vt 0.939310 0.342604
vt 0.999050 0.342604
vt 0.999050 0.183297
vt 0.939310 0.183297
vt 0.939310 0.342604
vt 0.999050 0.342604
vt 0.999050 0.183297
vt 0.939310 0.183297
vt 0.939081 0.179437
vt 0.985655 0.179437
vt 0.985655 0.132863
vt 0.939081 0.132863
vt 0.979692 0.781451
vt 0.979692 0.844034
vt -0.000781 0.844034
vt -0.000781 0.781451
vt 0.145247 0.656284
vt 0.145247 0.718868
vt -0.000781 0.718868
vt -0.000781 0.656284
vt 0.979692 0.718868
vt 0.979692 0.781451
vt -0.000781 0.781451
vt -0.000781 0.718868
vt 0.302823 0.656284
vt 0.302823 0.718868
vt 0.156795 0.718868
vt 0.156795 0.656284
vt 1.000000 0.851064
vt 1.000000 1.000000
vt 0.000000 1.000000
vt 0.000000 0.851064
vt 0.998987 0.504118
vt 0.998987 0.652658
vt 0.001647 0.652658
vt 0.001647 0.504118
vt 0.999050 0.183297
vt 0.999050 0.342604
vt 0.939310 0.342604
vt 0.939310 0.183297
vt 0.999050 0.183297
vt 0.999050 0.342604
vt 0.939310 0.342604
vt 0.939310 0.183297
vt 0.999050 0.183297
vt 0.999050 0.342604
vt 0.939310 0.342604
vt 0.939310 0.183297
vt 0.999050 0.183297
vt 0.999050 0.342604
vt 0.939310 0.342604
vt 0.939310 0.183297
vt 0.985655 0.132863
vt 0.985655 0.179437
vt 0.939081 0.179437
vt 0.939081 0.132863
vt 0.939310 0.342604
vt 0.999050 0.342604
vt 0.999050 0.183297
vt 0.939310 0.183297
vt 0.939310 0.342604
vt 0.999050 0.342604
vt 0.999050 0.183297
vt 0.939310 0.183297
vt 0.939310 0.342604
vt 0.999050 0.342604
vt 0.999050 0.183297
vt 0.939310 0.183297
vt 0.939310 0.342604
vt 0.999050 0.342604
vt 0.999050 0.183297
vt 0.939310 0.183297
vt 0.939081 0.179437
vt 0.985655 0.179437
vt 0.985655 0.132863
vt 0.939081 0.132863
vt 0.979692 0.781451
vt 0.979692 0.844034
vt -0.000781 0.844034
vt -0.000781 0.781451
vt 0.145247 0.656284
vt 0.145247 0.718868
vt -0.000781 0.718868
vt -0.000781 0.656284
vt 0.979692 0.718868
vt 0.979692 0.781451
vt -0.000781 0.781451
vt -0.000781 0.718868
vt 0.302823 0.656284
vt 0.302823 0.718868
vt 0.156795 0.718868
vt 0.156795 0.656284
vt 1.000000 0.851064
vt 1.000000 1.000000
vt 0.000000 1.000000
vt 0.000000 0.851064
vt 0.998987 0.504118
vt 0.998987 0.652658
vt 0.001647 0.652658
vt 0.001647 0.504118
vt 0.980127 0.103062
vt 0.949641 0.115757
vt 0.949641 0.103062
vt 0.958243 0.103062
vt 0.988729 0.103062
vt 0.988729 0.115757
vt 0.942399 0.062186
vt 0.995971 0.062186
vt 0.995971 0.076013
vt 0.980127 0.076013
vt 0.958243 0.076013
vt 0.942399 0.076013
vt 0.949641 0.103062
vt 0.949641 0.115757
vt 0.980127 0.103062
vt 0.958243 0.103062
vt 0.988729 0.115757
vt 0.988729 0.103062
vt 0.995971 0.076013
vt 0.995971 0.062186
vt 0.958243 0.076013
vt 0.980127 0.076013
vt 0.942399 0.062186
vt 0.942399 0.076013
vn -0.7071 -0.0016 -0.7071
vn -0.7071 -0.0024 -0.7071
vn -0.7071 0.0000 -0.7071
vn -0.7071 0.0000 0.7071
vn -0.0818 0.9933 -0.0818
vn -0.0833 0.9930 -0.0833
vn 0.0827 -0.9931 0.0827
vn 0.7071 -0.0000 -0.7071
vn 0.0825 -0.9932 0.0825
vn 0.0819 -0.9933 0.0819
vn -0.0828 0.9931 -0.0828
vn -0.0822 0.9932 -0.0822
vn 0.7022 0.1170 0.7022
vn -0.7022 -0.1170 -0.7022
vn -0.0827 0.9931 -0.0827
vn 0.7023 0.1170 0.7022
vn -0.7022 -0.1170 -0.7023
vn -0.7023 -0.1170 -0.7022
vn 0.7022 0.1170 0.7023
vn 0.0833 -0.9930 0.0833
vn 0.0841 -0.9929 0.0841
vn 0.0831 -0.9931 0.0831
vn 0.0828 -0.9931 0.0828
vn -0.0838 0.9930 -0.0838
vn -0.0827 0.9931 -0.0828
vn -0.0832 0.9931 -0.0832
vn -0.0826 0.9932 -0.0826
vn -0.0830 0.9931 -0.0830
vn -0.0838 0.9929 -0.0838
vn 0.7071 -0.0000 0.7071
vn 0.7071 0.0001 0.7071
usemtl Material.001
s 1
f 3/1/1 4/2/1 2/3/2 1/4/2
f 1/4/2 5/5/2 6/6/2 3/1/1
f 7/7/3 8/8/3 9/9/3 10/10/3
f 10/10/3 11/11/3 12/12/3 7/7/3
f 4/2/1 3/1/1 8/8/3 7/7/3
f 10/13/4 9/14/4 99/15/4 98/16/4
f 4/17/5 106/18/6 105/19/6 2/20/5
f 1/21/7 104/22/7 103/23/7 5/24/7
f 11/25/8 102/26/8 101/27/8 12/28/8
f 15/29/3 13/30/3 16/31/3 17/32/3
f 14/33/3 18/34/3 16/31/3 13/30/3
f 19/35/3 20/36/3 21/37/3 22/38/3
f 23/39/3 24/40/3 21/37/3 20/36/3
f 22/38/3 21/37/3 16/31/3 18/34/3
f 23/41/8 110/42/8 109/43/8 24/44/8
f 22/45/4 18/46/4 118/47/4 111/48/4
f 119/49/9 116/50/9 13/51/10 15/52/10
f 117/53/11 120/54/11 17/55/12 16/56/12
f 25/57/13 26/58/13 27/59/13 28/60/13
f 29/61/8 30/62/8 26/63/8 25/64/8
f 31/65/14 32/66/14 30/67/14 29/68/14
f 28/69/4 27/70/4 32/71/4 31/72/4
f 26/73/15 30/74/15 32/75/15 27/76/15
f 33/77/13 34/78/13 35/79/13 36/80/13
f 34/81/4 37/82/4 38/83/4 35/84/4
f 37/85/14 39/86/14 40/87/14 38/88/14
f 39/89/8 33/90/8 36/91/8 40/92/8
f 39/93/15 37/94/15 34/95/15 33/96/15
f 41/97/13 42/98/13 43/99/13 44/100/13
f 45/101/8 46/102/8 42/103/8 41/104/8
f 47/105/14 48/106/14 46/107/14 45/108/14
f 44/109/4 43/110/4 48/111/4 47/112/4
f 42/113/15 46/114/15 48/115/15 43/116/15
f 45/117/7 41/118/7 44/119/7 47/120/7
f 109/121/7 112/122/7 21/123/7 24/124/7
f 19/125/7 22/126/7 111/127/7 114/128/7
f 49/129/13 50/130/13 51/131/13 52/132/13
f 53/133/8 54/134/8 50/135/8 49/136/8
f 55/137/14 56/138/14 54/139/14 53/140/14
f 52/141/4 51/142/4 56/143/4 55/144/4
f 50/145/15 54/146/15 56/147/15 51/148/15
f 57/149/13 58/150/13 59/151/13 60/152/13
f 58/153/4 61/154/4 62/155/4 59/156/4
f 61/157/14 63/158/14 64/159/14 62/160/14
f 63/161/8 57/162/8 60/163/8 64/164/8
f 63/165/15 61/166/15 58/167/15 57/168/15
f 65/169/13 66/170/13 67/171/13 68/172/13
f 69/173/8 70/174/8 66/175/8 65/176/8
f 71/177/14 72/178/14 70/179/14 69/180/14
f 68/181/4 67/182/4 72/183/4 71/184/4
f 66/185/15 70/186/15 72/187/15 67/188/15
f 69/189/7 65/190/7 68/191/7 71/192/7
f 1/193/8 2/194/8 105/195/8 104/196/8
f 10/197/11 98/198/11 102/199/11 11/200/11
f 5/201/4 103/202/4 108/203/4 6/204/4
f 23/205/11 20/206/11 113/207/11 110/208/11
f 18/209/12 14/210/12 115/211/11 118/212/11
f 13/213/4 116/214/4 115/215/4 14/216/4
f 73/217/16 74/218/16 75/219/16 76/220/16
f 77/221/8 78/222/8 74/223/8 73/224/8
f 79/225/17 80/226/17 78/227/17 77/228/17
f 76/229/4 75/230/4 80/231/4 79/232/4
f 74/233/15 78/234/15 80/235/15 75/236/15
f 81/237/13 82/238/13 83/239/13 84/240/13
f 82/241/4 85/242/4 86/243/4 83/244/4
f 85/245/14 87/246/14 88/247/14 86/248/14
f 87/249/8 81/250/8 84/251/8 88/252/8
f 87/253/15 85/254/15 82/255/15 81/256/15
f 89/257/13 90/258/13 91/259/13 92/260/13
f 93/261/8 94/262/8 90/263/8 89/264/8
f 95/265/14 96/266/14 94/267/14 93/268/14
f 92/269/4 91/270/4 96/271/4 95/272/4
f 90/273/15 94/274/15 96/275/15 91/276/15
f 93/277/7 89/278/7 92/279/7 95/280/7
f 6/281/5 108/282/6 107/283/6 3/284/5
f 7/285/8 97/286/8 106/287/8 4/288/8
f 12/289/7 101/290/7 97/291/7 7/292/7
f 8/293/4 3/294/4 107/295/4 100/296/4
f 8/297/7 100/298/7 99/299/7 9/300/7
f 15/301/8 17/302/8 120/303/8 119/304/8
f 20/305/4 19/306/4 114/307/4 113/308/4
f 21/309/8 112/310/8 117/311/8 16/312/8
f 121/313/13 122/314/13 123/315/13 124/316/13
f 125/317/8 126/318/8 122/319/8 121/320/8
f 127/321/14 128/322/14 126/323/14 125/324/14
f 124/325/4 123/326/4 128/327/4 127/328/4
f 122/329/15 126/330/15 128/331/15 123/332/15
f 129/333/13 130/334/13 131/335/13 132/336/13
f 130/337/4 133/338/4 134/339/4 131/340/4
f 133/341/14 135/342/14 136/343/14 134/344/14
f 135/345/8 129/346/8 132/347/8 136/348/8
f 135/349/15 133/350/15 130/351/15 129/352/15
f 137/353/13 138/354/13 139/355/13 140/356/13
f 141/357/8 142/358/8 138/359/8 137/360/8
f 143/361/14 144/362/14 142/363/14 141/364/14
f 140/365/4 139/366/4 144/367/4 143/368/4
f 138/369/15 142/370/15 144/371/15 139/372/15
f 141/373/7 137/374/7 140/375/7 143/376/7
f 116/377/4 236/378/4 235/379/4 115/380/4
f 98/381/15 218/382/15 222/383/15 102/384/15
f 231/385/7 234/386/7 114/387/7 111/388/7
f 225/389/8 224/390/8 104/391/8 105/392/8
f 112/393/8 232/394/8 237/395/8 117/396/8
f 101/397/7 221/398/7 217/399/7 97/400/7
f 118/401/15 115/402/15 235/403/15 238/404/15
f 119/405/8 120/406/8 240/407/8 239/408/8
f 104/409/7 224/410/7 223/411/7 103/412/7
f 145/413/13 146/414/13 147/415/13 148/416/13
f 149/417/8 150/418/8 146/419/8 145/420/8
f 151/421/14 152/422/14 150/423/14 149/424/14
f 148/425/4 147/426/4 152/427/4 151/428/4
f 146/429/15 150/430/15 152/431/15 147/432/15
f 153/433/13 154/434/13 155/435/13 156/436/13
f 154/437/4 157/438/4 158/439/4 155/440/4
f 157/441/14 159/442/14 160/443/14 158/444/14
f 159/445/8 153/446/8 156/447/8 160/448/8
f 159/449/15 157/450/15 154/451/15 153/452/15
f 161/453/13 162/454/13 163/455/13 164/456/13
f 165/457/8 166/458/8 162/459/8 161/460/8
f 167/461/14 168/462/14 166/463/14 165/464/14
f 164/465/4 163/466/4 168/467/4 167/468/4
f 162/469/15 166/470/15 168/471/15 163/472/15
f 165/473/7 161/474/7 164/475/7 167/476/7
f 237/477/15 240/478/15 120/479/15 117/480/15
f 116/481/7 119/482/7 239/483/7 236/484/7
f 112/485/7 109/486/7 229/487/7 232/488/7
f 238/489/4 231/490/4 111/491/4 118/492/4
f 169/493/13 170/494/13 171/495/13 172/496/13
f 173/497/8 174/498/8 170/499/8 169/500/8
f 175/501/18 176/502/18 174/503/18 173/504/18
f 172/505/4 171/506/4 176/507/4 175/508/4
f 170/509/15 174/510/15 176/511/15 171/512/15
f 177/513/13 178/514/13 179/515/13 180/516/13
f 178/517/4 181/518/4 182/519/4 179/520/4
f 181/521/14 183/522/14 184/523/14 182/524/14
f 183/525/8 177/526/8 180/527/8 184/528/8
f 183/529/15 181/530/15 178/531/15 177/532/15
f 185/533/13 186/534/13 187/535/13 188/536/13
f 189/537/8 190/538/8 186/539/8 185/540/8
f 191/541/14 192/542/14 190/543/14 189/544/14
f 188/545/4 187/546/4 192/547/4 191/548/4
f 186/549/15 190/550/15 192/551/15 187/552/15
f 189/553/7 185/554/7 188/555/7 191/556/7
f 100/557/7 220/558/7 219/559/7 99/560/7
f 102/561/8 222/562/8 221/563/8 101/564/8
f 110/565/8 230/566/8 229/567/8 109/568/8
f 103/569/4 223/570/4 228/571/4 108/572/4
f 110/573/15 113/574/15 233/575/15 230/576/15
f 218/577/4 98/578/4 99/579/4 219/580/4
f 106/581/15 226/582/15 225/583/15 105/584/15
f 193/585/16 194/586/16 195/587/16 196/588/16
f 197/589/8 198/590/8 194/591/8 193/592/8
f 199/593/14 200/594/14 198/595/14 197/596/14
f 196/597/4 195/598/4 200/599/4 199/600/4
f 194/601/15 198/602/15 200/603/15 195/604/15
f 201/605/19 202/606/19 203/607/19 204/608/19
f 202/609/4 205/610/4 206/611/4 203/612/4
f 205/613/14 207/614/14 208/615/14 206/616/14
f 207/617/8 201/618/8 204/619/8 208/620/8
f 207/621/15 205/622/15 202/623/15 201/624/15
f 209/625/13 210/626/13 211/627/13 212/628/13
f 213/629/8 214/630/8 210/631/8 209/632/8
f 215/633/14 216/634/14 214/635/14 213/636/14
f 212/637/4 211/638/4 216/639/4 215/640/4
f 210/641/15 214/642/15 216/643/15 211/644/15
f 213/645/7 209/646/7 212/647/7 215/648/7
f 108/649/15 228/650/15 227/651/15 107/652/15
f 97/653/8 217/654/8 226/655/8 106/656/8
f 220/657/4 100/658/4 107/659/4 227/660/4
f 113/661/4 114/662/4 234/663/4 233/664/4
f 241/665/13 242/666/13 243/667/13 244/668/13
f 245/669/8 246/670/8 242/671/8 241/672/8
f 247/673/14 248/674/14 246/675/14 245/676/14
f 244/677/4 243/678/4 248/679/4 247/680/4
f 242/681/15 246/682/15 248/683/15 243/684/15
f 249/685/16 250/686/16 251/687/16 252/688/16
f 250/689/4 253/690/4 254/691/4 251/692/4
f 253/693/14 255/694/14 256/695/14 254/696/14
f 255/697/8 249/698/8 252/699/8 256/700/8
f 255/701/15 253/702/15 250/703/15 249/704/15
f 257/705/13 258/706/13 259/707/13 260/708/13
f 261/709/8 262/710/8 258/711/8 257/712/8
f 263/713/14 264/714/14 262/715/14 261/716/14
f 260/717/4 259/718/4 264/719/4 263/720/4
f 258/721/15 262/722/15 264/723/15 259/724/15
f 261/725/7 257/726/7 260/727/7 263/728/7
f 230/729/8 350/730/8 349/731/8 229/732/8
f 224/733/7 344/734/7 343/735/7 223/736/7
f 218/737/15 338/738/15 342/739/15 222/740/15
f 223/741/4 343/742/4 348/743/4 228/744/4
f 345/745/8 344/746/8 224/747/8 225/748/8
f 232/749/8 352/750/8 357/751/8 237/752/8
f 221/753/7 341/754/7 337/755/7 217/756/7
f 231/757/4 238/758/4 358/759/4 351/760/4
f 233/761/4 234/762/4 354/763/4 353/764/4
f 228/765/15 348/766/15 347/767/15 227/768/15
f 265/769/16 266/770/16 267/771/16 268/772/16
f 269/773/8 270/774/8 266/775/8 265/776/8
f 271/777/14 272/778/14 270/779/14 269/780/14
f 268/781/4 267/782/4 272/783/4 271/784/4
f 266/785/15 270/786/15 272/787/15 267/788/15
f 273/789/13 274/790/13 275/791/13 276/792/13
f 274/793/4 277/794/4 278/795/4 275/796/4
f 277/797/17 279/798/17 280/799/17 278/800/17
f 279/801/8 273/802/8 276/803/8 280/804/8
f 279/805/15 277/806/15 274/807/15 273/808/15
f 281/809/13 282/810/13 283/811/13 284/812/13
f 285/813/8 286/814/8 282/815/8 281/816/8
f 287/817/14 288/818/14 286/819/14 285/820/14
f 284/821/4 283/822/4 288/823/4 287/824/4
f 282/825/15 286/826/15 288/827/15 283/828/15
f 285/829/7 281/830/7 284/831/7 287/832/7
f 238/833/15 235/834/15 355/835/15 358/836/15
f 217/837/8 337/838/8 346/839/8 226/840/8
f 239/841/8 240/842/8 360/843/8 359/844/8
f 289/845/13 290/846/13 291/847/13 292/848/13
f 293/849/8 294/850/8 290/851/8 289/852/8
f 295/853/18 296/854/18 294/855/18 293/856/18
f 292/857/4 291/858/4 296/859/4 295/860/4
f 290/861/15 294/862/15 296/863/15 291/864/15
f 297/865/13 298/866/13 299/867/13 300/868/13
f 298/869/4 301/870/4 302/871/4 299/872/4
f 301/873/14 303/874/14 304/875/14 302/876/14
f 303/877/8 297/878/8 300/879/8 304/880/8
f 303/881/15 301/882/15 298/883/15 297/884/15
f 305/885/13 306/886/13 307/887/13 308/888/13
f 309/889/8 310/890/8 306/891/8 305/892/8
f 311/893/14 312/894/14 310/895/14 309/896/14
f 308/897/4 307/898/4 312/899/4 311/900/4
f 306/901/15 310/902/15 312/903/15 307/904/15
f 309/905/7 305/906/7 308/907/7 311/908/7
f 220/909/7 340/910/7 339/911/7 219/912/7
f 236/913/4 356/914/4 355/915/4 235/916/4
f 226/917/15 346/918/15 345/919/15 225/920/15
f 230/921/15 233/922/15 353/923/15 350/924/15
f 236/925/7 239/926/7 359/927/7 356/928/7
f 222/929/8 342/930/8 341/931/8 221/932/8
f 313/933/16 314/934/16 315/935/16 316/936/16
f 317/937/8 318/938/8 314/939/8 313/940/8
f 319/941/17 320/942/17 318/943/17 317/944/17
f 316/945/4 315/946/4 320/947/4 319/948/4
f 314/949/15 318/950/15 320/951/15 315/952/15
f 321/953/16 322/954/16 323/955/16 324/956/16
f 322/957/4 325/958/4 326/959/4 323/960/4
f 325/961/18 327/962/18 328/963/18 326/964/18
f 327/965/8 321/966/8 324/967/8 328/968/8
f 327/969/15 325/970/15 322/971/15 321/972/15
f 329/973/13 330/974/13 331/975/13 332/976/13
f 333/977/8 334/978/8 330/979/8 329/980/8
f 335/981/14 336/982/14 334/983/14 333/984/14
f 332/985/4 331/986/4 336/987/4 335/988/4
f 330/989/15 334/990/15 336/991/15 331/992/15
f 333/993/7 329/994/7 332/995/7 335/996/7
f 351/997/7 354/998/7 234/999/7 231/1000/7
f 357/1001/15 360/1002/15 240/1003/15 237/1004/15
f 220/1005/4 227/1006/4 347/1007/4 340/1008/4
f 232/1009/7 229/1010/7 349/1011/7 352/1012/7
f 338/1013/4 218/1014/4 219/1015/4 339/1016/4
f 361/1017/16 362/1018/16 363/1019/16 364/1020/16
f 365/1021/8 366/1022/8 362/1023/8 361/1024/8
f 367/1025/14 368/1026/14 366/1027/14 365/1028/14
f 364/1029/4 363/1030/4 368/1031/4 367/1032/4
f 362/1033/15 366/1034/15 368/1035/15 363/1036/15
f 369/1037/19 370/1038/19 371/1039/19 372/1040/19
f 370/1041/4 373/1042/4 374/1043/4 371/1044/4
f 373/1045/17 375/1046/17 376/1047/17 374/1048/17
f 375/1049/8 369/1050/8 372/1051/8 376/1052/8
f 375/1053/15 373/1054/15 370/1055/15 369/1056/15
f 377/1057/13 378/1058/13 379/1059/13 380/1060/13
f 381/1061/8 382/1062/8 378/1063/8 377/1064/8
f 383/1065/14 384/1066/14 382/1067/14 381/1068/14
f 380/1069/4 379/1070/4 384/1071/4 383/1072/4
f 378/1073/15 382/1074/15 384/1075/15 379/1076/15
f 381/1077/7 377/1078/7 380/1079/7 383/1080/7
f 471/1081/7 474/1082/7 354/1083/7 351/1084/7
f 465/1085/8 464/1086/8 344/1087/8 345/1088/8
f 343/1089/4 463/1090/4 468/1091/4 348/1092/4
f 477/1093/15 480/1094/15 360/1095/15 357/1096/15
f 341/1097/7 461/1098/7 457/1099/7 337/1100/7
f 346/1101/15 466/1102/15 465/1103/15 345/1104/15
f 352/1105/7 349/1106/7 469/1107/7 472/1108/7
f 359/1109/8 360/1110/8 480/1111/8 479/1112/8
f 385/1113/13 386/1114/13 387/1115/13 388/1116/13
f 389/1117/8 390/1118/8 386/1119/8 385/1120/8
f 391/1121/18 392/1122/18 390/1123/18 389/1124/18
f 388/1125/4 387/1126/4 392/1127/4 391/1128/4
f 386/1129/15 390/1130/15 392/1131/15 387/1132/15
f 393/1133/19 394/1134/19 395/1135/19 396/1136/19
f 394/1137/4 397/1138/4 398/1139/4 395/1140/4
f 397/1141/17 399/1142/17 400/1143/17 398/1144/17
f 399/1145/8 393/1146/8 396/1147/8 400/1148/8
f 399/1149/15 397/1150/15 394/1151/15 393/1152/15
f 401/1153/13 402/1154/13 403/1155/13 404/1156/13
f 405/1157/8 406/1158/8 402/1159/8 401/1160/8
f 407/1161/14 408/1162/14 406/1163/14 405/1164/14
f 404/1165/4 403/1166/4 408/1167/4 407/1168/4
f 402/1169/15 406/1170/15 408/1171/15 403/1172/15
f 405/1173/7 401/1174/7 404/1175/7 407/1176/7
f 338/1177/15 458/1178/15 462/1179/15 342/1180/15
f 356/1181/7 359/1182/7 479/1183/7 476/1184/7
f 470/1185/15 350/1186/15 353/1187/15 473/1188/15
f 337/1189/8 457/1190/8 466/1191/8 346/1192/8
f 409/1193/16 410/1194/16 411/1195/16 412/1196/16
f 413/1197/8 414/1198/8 410/1199/8 409/1200/8
f 415/1201/18 416/1202/18 414/1203/18 413/1204/18
f 412/1205/4 411/1206/4 416/1207/4 415/1208/4
f 410/1209/15 414/1210/15 416/1211/15 411/1212/15
f 417/1213/16 418/1214/16 419/1215/16 420/1216/16
f 418/1217/4 421/1218/4 422/1219/4 419/1220/4
f 421/1221/18 423/1222/18 424/1223/18 422/1224/18
f 423/1225/8 417/1226/8 420/1227/8 424/1228/8
f 423/1229/15 421/1230/15 418/1231/15 417/1232/15
f 425/1233/13 426/1234/13 427/1235/13 428/1236/13
f 429/1237/8 430/1238/8 426/1239/8 425/1240/8
f 431/1241/14 432/1242/14 430/1243/14 429/1244/14
f 428/1245/4 427/1246/4 432/1247/4 431/1248/4
f 426/1249/15 430/1250/15 432/1251/15 427/1252/15
f 429/1253/7 425/1254/7 428/1255/7 431/1256/7
f 344/1257/7 464/1258/7 463/1259/7 343/1260/7
f 340/1261/7 460/1262/7 459/1263/7 339/1264/7
f 342/1265/8 462/1266/8 461/1267/8 341/1268/8
f 350/1269/8 470/1270/8 469/1271/8 349/1272/8
f 352/1273/8 472/1274/8 477/1275/8 357/1276/8
f 458/1277/4 338/1278/4 339/1279/4 459/1280/4
f 433/1281/13 434/1282/13 435/1283/13 436/1284/13
f 437/1285/8 438/1286/8 434/1287/8 433/1288/8
f 439/1289/18 440/1290/18 438/1291/18 437/1292/18
f 436/1293/4 435/1294/4 440/1295/4 439/1296/4
f 434/1297/15 438/1298/15 440/1299/15 435/1300/15
f 441/1301/19 442/1302/19 443/1303/19 444/1304/19
f 442/1305/4 445/1306/4 446/1307/4 443/1308/4
f 445/1309/18 447/1310/18 448/1311/18 446/1312/18
f 447/1313/8 441/1314/8 444/1315/8 448/1316/8
f 447/1317/15 445/1318/15 442/1319/15 441/1320/15
f 449/1321/13 450/1322/13 451/1323/13 452/1324/13
f 453/1325/8 454/1326/8 450/1327/8 449/1328/8
f 455/1329/14 456/1330/14 454/1331/14 453/1332/14
f 452/1333/4 451/1334/4 456/1335/4 455/1336/4
f 450/1337/15 454/1338/15 456/1339/15 451/1340/15
f 453/1341/7 449/1342/7 452/1343/7 455/1344/7
f 351/1345/4 358/1346/4 478/1347/4 471/1348/4
f 348/1349/15 468/1350/15 467/1351/15 347/1352/15
f 340/1353/4 347/1354/4 467/1355/4 460/1356/4
f 356/1357/4 476/1358/4 475/1359/4 355/1360/4
f 353/1361/4 354/1362/4 474/1363/4 473/1364/4
f 358/1365/15 355/1366/15 475/1367/15 478/1368/15
f 481/1369/16 482/1370/16 483/1371/16 484/1372/16
f 485/1373/8 486/1374/8 482/1375/8 481/1376/8
f 487/1377/14 488/1378/14 486/1379/14 485/1380/14
f 484/1381/4 483/1382/4 488/1383/4 487/1384/4
f 482/1385/15 486/1386/15 488/1387/15 483/1388/15
f 489/1389/16 490/1390/16 491/1391/16 492/1392/16
f 490/1393/4 493/1394/4 494/1395/4 491/1396/4
f 493/1397/17 495/1398/17 496/1399/17 494/1400/17
f 495/1401/8 489/1402/8 492/1403/8 496/1404/8
f 495/1405/15 493/1406/15 490/1407/15 489/1408/15
f 497/1409/13 498/1410/13 499/1411/13 500/1412/13
f 501/1413/8 502/1414/8 498/1415/8 497/1416/8
f 503/1417/14 504/1418/14 502/1419/14 501/1420/14
f 500/1421/4 499/1422/4 504/1423/4 503/1424/4
f 498/1425/15 502/1426/15 504/1427/15 499/1428/15
f 501/1429/7 497/1430/7 500/1431/7 503/1432/7
f 476/1433/4 596/1434/4 595/1435/4 475/1436/4
f 458/1437/15 578/1438/15 582/1439/15 462/1440/15
f 591/1441/7 594/1442/7 474/1443/7 471/1444/7
f 585/1445/8 584/1446/8 464/1447/8 465/1448/8
f 478/1449/15 475/1450/15 595/1451/15 598/1452/15
f 463/1453/4 583/1454/4 588/1455/4 468/1456/4
f 461/1457/7 581/1458/7 577/1459/7 457/1460/7
f 473/1461/4 474/1462/4 594/1463/4 593/1464/4
f 580/1465/4 460/1466/4 467/1467/4 587/1468/4
f 505/1469/16 506/1470/16 507/1471/16 508/1472/16
f 509/1473/8 510/1474/8 506/1475/8 505/1476/8
f 511/1477/18 512/1478/18 510/1479/18 509/1480/18
f 508/1481/4 507/1482/4 512/1483/4 511/1484/4
f 506/1485/15 510/1486/15 512/1487/15 507/1488/15
f 513/1489/19 514/1490/19 515/1491/19 516/1492/19
f 514/1493/4 517/1494/4 518/1495/4 515/1496/4
f 517/1497/14 519/1498/14 520/1499/14 518/1500/14
f 519/1501/8 513/1502/8 516/1503/8 520/1504/8
f 519/1505/15 517/1506/15 514/1507/15 513/1508/15
f 521/1509/13 522/1510/13 523/1511/13 524/1512/13
f 525/1513/8 526/1514/8 522/1515/8 521/1516/8
f 527/1517/14 528/1518/14 526/1519/14 525/1520/14
f 524/1521/4 523/1522/4 528/1523/4 527/1524/4
f 522/1525/15 526/1526/15 528/1527/15 523/1528/15
f 525/1529/7 521/1530/7 524/1531/7 527/1532/7
f 457/1533/8 577/1534/8 586/1535/8 466/1536/8
f 476/1537/7 479/1538/7 599/1539/7 596/1540/7
f 479/1541/8 480/1542/8 600/1543/8 599/1544/8
f 529/1545/16 530/1546/16 531/1547/16 532/1548/16
f 533/1549/8 534/1550/8 530/1551/8 529/1552/8
f 535/1553/18 536/1554/18 534/1555/18 533/1556/18
f 532/1557/4 531/1558/4 536/1559/4 535/1560/4
f 530/1561/15 534/1562/15 536/1563/15 531/1564/15
f 537/1565/19 538/1566/19 539/1567/19 540/1568/19
f 538/1569/4 541/1570/4 542/1571/4 539/1572/4
f 541/1573/17 543/1574/17 544/1575/17 542/1576/17
f 543/1577/8 537/1578/8 540/1579/8 544/1580/8
f 543/1581/15 541/1582/15 538/1583/15 537/1584/15
f 545/1585/13 546/1586/13 547/1587/13 548/1588/13
f 549/1589/8 550/1590/8 546/1591/8 545/1592/8
f 551/1593/14 552/1594/14 550/1595/14 549/1596/14
f 548/1597/4 547/1598/4 552/1599/4 551/1600/4
f 546/1601/15 550/1602/15 552/1603/15 547/1604/15
f 549/1605/7 545/1606/7 548/1607/7 551/1608/7
f 464/1609/7 584/1610/7 583/1611/7 463/1612/7
f 460/1613/7 580/1614/7 579/1615/7 459/1616/7
f 462/1617/8 582/1618/8 581/1619/8 461/1620/8
f 470/1621/8 590/1622/8 589/1623/8 469/1624/8
f 472/1625/8 592/1626/8 597/1627/8 477/1628/8
f 470/1629/15 473/1630/15 593/1631/15 590/1632/15
f 578/1633/4 458/1634/4 459/1635/4 579/1636/4
f 466/1637/15 586/1638/15 585/1639/15 465/1640/15
f 553/1641/16 554/1642/16 555/1643/16 556/1644/16
f 557/1645/8 558/1646/8 554/1647/8 553/1648/8
f 559/1649/18 560/1650/18 558/1651/18 557/1652/18
f 556/1653/4 555/1654/4 560/1655/4 559/1656/4
f 554/1657/15 558/1658/15 560/1659/15 555/1660/15
f 561/1661/19 562/1662/19 563/1663/19 564/1664/19
f 562/1665/4 565/1666/4 566/1667/4 563/1668/4
f 565/1669/17 567/1670/17 568/1671/17 566/1672/17
f 567/1673/8 561/1674/8 564/1675/8 568/1676/8
f 567/1677/15 565/1678/15 562/1679/15 561/1680/15
f 569/1681/13 570/1682/13 571/1683/13 572/1684/13
f 573/1685/8 574/1686/8 570/1687/8 569/1688/8
f 575/1689/14 576/1690/14 574/1691/14 573/1692/14
f 572/1693/4 571/1694/4 576/1695/4 575/1696/4
f 570/1697/15 574/1698/15 576/1699/15 571/1700/15
f 573/1701/7 569/1702/7 572/1703/7 575/1704/7
f 468/1705/15 588/1706/15 587/1707/15 467/1708/15
f 598/1709/4 591/1710/4 471/1711/4 478/1712/4
f 597/1713/15 600/1714/15 480/1715/15 477/1716/15
f 472/1717/7 469/1718/7 589/1719/7 592/1720/7
f 601/1721/16 602/1722/16 603/1723/16 604/1724/16
f 605/1725/8 606/1726/8 602/1727/8 601/1728/8
f 607/1729/18 608/1730/18 606/1731/18 605/1732/18
f 604/1733/4 603/1734/4 608/1735/4 607/1736/4
f 602/1737/15 606/1738/15 608/1739/15 603/1740/15
f 609/1741/16 610/1742/16 611/1743/16 612/1744/16
f 610/1745/4 613/1746/4 614/1747/4 611/1748/4
f 613/1749/18 615/1750/18 616/1751/18 614/1752/18
f 615/1753/8 609/1754/8 612/1755/8 616/1756/8
f 615/1757/15 613/1758/15 610/1759/15 609/1760/15
f 617/1761/13 618/1762/13 619/1763/13 620/1764/13
f 621/1765/8 622/1766/8 618/1767/8 617/1768/8
f 623/1769/14 624/1770/14 622/1771/14 621/1772/14
f 620/1773/4 619/1774/4 624/1775/4 623/1776/4
f 618/1777/15 622/1778/15 624/1779/15 619/1780/15
f 621/1781/7 617/1782/7 620/1783/7 623/1784/7
f 596/1785/4 716/1786/4 715/1787/4 595/1788/4
f 578/1789/15 698/1790/15 702/1791/15 582/1792/15
f 711/1793/7 714/1794/7 594/1795/7 591/1796/7
f 705/1797/8 704/1798/8 584/1799/8 585/1800/8
f 598/1801/15 595/1802/15 715/1803/15 718/1804/15
f 583/1805/4 703/1806/4 708/1807/4 588/1808/4
f 581/1809/7 701/1810/7 697/1811/7 577/1812/7
f 593/1813/4 594/1814/4 714/1815/4 713/1816/4
f 700/1817/4 580/1818/4 587/1819/4 707/1820/4
f 625/1821/19 626/1822/19 627/1823/19 628/1824/19
f 629/1825/8 630/1826/8 626/1827/8 625/1828/8
f 631/1829/18 632/1830/18 630/1831/18 629/1832/18
f 628/1833/4 627/1834/4 632/1835/4 631/1836/4
f 626/1837/15 630/1838/15 632/1839/15 627/1840/15
f 633/1841/19 634/1842/19 635/1843/19 636/1844/19
f 634/1845/4 637/1846/4 638/1847/4 635/1848/4
f 637/1849/17 639/1850/17 640/1851/17 638/1852/17
f 639/1853/8 633/1854/8 636/1855/8 640/1856/8
f 639/1857/15 637/1858/15 634/1859/15 633/1860/15
f 641/1861/13 642/1862/13 643/1863/13 644/1864/13
f 645/1865/8 646/1866/8 642/1867/8 641/1868/8
f 647/1869/14 648/1870/14 646/1871/14 645/1872/14
f 644/1873/4 643/1874/4 648/1875/4 647/1876/4
f 642/1877/15 646/1878/15 648/1879/15 643/1880/15
f 645/1881/7 641/1882/7 644/1883/7 647/1884/7
f 577/1885/8 697/1886/8 706/1887/8 586/1888/8
f 596/1889/7 599/1890/7 719/1891/7 716/1892/7
f 599/1893/8 600/1894/8 720/1895/8 719/1896/8
f 649/1897/16 650/1898/16 651/1899/16 652/1900/16
f 653/1901/8 654/1902/8 650/1903/8 649/1904/8
f 655/1905/18 656/1906/18 654/1907/18 653/1908/18
f 652/1909/4 651/1910/4 656/1911/4 655/1912/4
f 650/1913/15 654/1914/15 656/1915/15 651/1916/15
f 657/1917/13 658/1918/13 659/1919/13 660/1920/13
f 658/1921/4 661/1922/4 662/1923/4 659/1924/4
f 661/1925/18 663/1926/18 664/1927/18 662/1928/18
f 663/1929/8 657/1930/8 660/1931/8 664/1932/8
f 663/1933/15 661/1934/15 658/1935/15 657/1936/15
f 665/1937/13 666/1938/13 667/1939/13 668/1940/13
f 669/1941/8 670/1942/8 666/1943/8 665/1944/8
f 671/1945/14 672/1946/14 670/1947/14 669/1948/14
f 668/1949/4 667/1950/4 672/1951/4 671/1952/4
f 666/1953/15 670/1954/15 672/1955/15 667/1956/15
f 669/1957/7 665/1958/7 668/1959/7 671/1960/7
f 584/1961/7 704/1962/7 703/1963/7 583/1964/7
f 580/1965/7 700/1966/7 699/1967/7 579/1968/7
f 582/1969/8 702/1970/8 701/1971/8 581/1972/8
f 590/1973/8 710/1974/8 709/1975/8 589/1976/8
f 592/1977/8 712/1978/8 717/1979/8 597/1980/8
f 590/1981/15 593/1982/15 713/1983/15 710/1984/15
f 698/1985/4 578/1986/4 579/1987/4 699/1988/4
f 586/1989/15 706/1990/15 705/1991/15 585/1992/15
f 673/1993/19 674/1994/19 675/1995/19 676/1996/19
f 677/1997/8 678/1998/8 674/1999/8 673/2000/8
f 679/2001/17 680/2002/17 678/2003/17 677/2004/17
f 676/2005/4 675/2006/4 680/2007/4 679/2008/4
f 674/2009/15 678/2010/15 680/2011/15 675/2012/15
f 681/2013/13 682/2014/13 683/2015/13 684/2016/13
f 682/2017/4 685/2018/4 686/2019/4 683/2020/4
f 685/2021/14 687/2022/14 688/2023/14 686/2024/14
f 687/2025/8 681/2026/8 684/2027/8 688/2028/8
f 687/2029/15 685/2030/15 682/2031/15 681/2032/15
f 689/2033/13 690/2034/13 691/2035/13 692/2036/13
f 693/2037/8 694/2038/8 690/2039/8 689/2040/8
f 695/2041/14 696/2042/14 694/2043/14 693/2044/14
f 692/2045/4 691/2046/4 696/2047/4 695/2048/4
f 690/2049/15 694/2050/15 696/2051/15 691/2052/15
f 693/2053/7 689/2054/7 692/2055/7 695/2056/7
f 588/2057/15 708/2058/15 707/2059/15 587/2060/15
f 718/2061/4 711/2062/4 591/2063/4 598/2064/4
f 717/2065/15 720/2066/15 600/2067/15 597/2068/15
f 592/2069/7 589/2070/7 709/2071/7 712/2072/7
f 721/2073/19 722/2074/19 723/2075/19 724/2076/19
f 725/2077/8 726/2078/8 722/2079/8 721/2080/8
f 727/2081/18 728/2082/18 726/2083/18 725/2084/18
f 724/2085/4 723/2086/4 728/2087/4 727/2088/4
f 722/2089/15 726/2090/15 728/2091/15 723/2092/15
f 729/2093/16 730/2094/16 731/2095/16 732/2096/16
f 730/2097/4 733/2098/4 734/2099/4 731/2100/4
f 733/2101/14 735/2102/14 736/2103/14 734/2104/14
f 735/2105/8 729/2106/8 732/2107/8 736/2108/8
f 735/2109/15 733/2110/15 730/2111/15 729/2112/15
f 737/2113/13 738/2114/13 739/2115/13 740/2116/13
f 741/2117/8 742/2118/8 738/2119/8 737/2120/8
f 743/2121/14 744/2122/14 742/2123/14 741/2124/14
f 740/2125/4 739/2126/4 744/2127/4 743/2128/4
f 738/2129/15 742/2130/15 744/2131/15 739/2132/15
f 741/2133/7 737/2134/7 740/2135/7 743/2136/7
f 716/2137/4 836/2138/4 835/2139/4 715/2140/4
f 697/2141/8 817/2142/8 826/2143/8 706/2144/8
f 831/2145/7 834/2146/7 714/2147/7 711/2148/7
f 825/2149/8 824/2150/8 704/2151/8 705/2152/8
f 712/2153/8 832/2154/8 837/2155/8 717/2156/8
f 698/2157/15 818/2158/15 822/2159/15 702/2160/15
f 701/2161/7 821/2162/7 817/2163/7 697/2164/7
f 718/2165/15 715/2166/15 835/2167/15 838/2168/15
f 713/2169/4 714/2170/4 834/2171/4 833/2172/4
f 703/2173/4 823/2174/4 828/2175/4 708/2176/4
f 745/2177/19 746/2178/19 747/2179/19 748/2180/19
f 749/2181/8 750/2182/8 746/2183/8 745/2184/8
f 751/2185/17 752/2186/17 750/2187/17 749/2188/17
f 748/2189/4 747/2190/4 752/2191/4 751/2192/4
f 746/2193/15 750/2194/15 752/2195/15 747/2196/15
f 753/2197/13 754/2198/13 755/2199/13 756/2200/13
f 754/2201/4 757/2202/4 758/2203/4 755/2204/4
f 757/2205/14 759/2206/14 760/2207/14 758/2208/14
f 759/2209/8 753/2210/8 756/2211/8 760/2212/8
f 759/2213/15 757/2214/15 754/2215/15 753/2216/15
f 761/2217/13 762/2218/13 763/2219/13 764/2220/13
f 765/2221/8 766/2222/8 762/2223/8 761/2224/8
f 767/2225/14 768/2226/14 766/2227/14 765/2228/14
f 764/2229/4 763/2230/4 768/2231/4 767/2232/4
f 762/2233/15 766/2234/15 768/2235/15 763/2236/15
f 765/2237/7 761/2238/7 764/2239/7 767/2240/7
f 820/2241/4 700/2242/4 707/2243/4 827/2244/4
f 716/2245/7 719/2246/7 839/2247/7 836/2248/7
f 838/2249/4 831/2250/4 711/2251/4 718/2252/4
f 769/2253/19 770/2254/19 771/2255/19 772/2256/19
f 773/2257/8 774/2258/8 770/2259/8 769/2260/8
f 775/2261/17 776/2262/17 774/2263/17 773/2264/17
f 772/2265/4 771/2266/4 776/2267/4 775/2268/4
f 770/2269/15 774/2270/15 776/2271/15 771/2272/15
f 777/2273/13 778/2274/13 779/2275/13 780/2276/13
f 778/2277/4 781/2278/4 782/2279/4 779/2280/4
f 781/2281/18 783/2282/18 784/2283/18 782/2284/18
f 783/2285/8 777/2286/8 780/2287/8 784/2288/8
f 783/2289/15 781/2290/15 778/2291/15 777/2292/15
f 785/2293/13 786/2294/13 787/2295/13 788/2296/13
f 789/2297/8 790/2298/8 786/2299/8 785/2300/8
f 791/2301/14 792/2302/14 790/2303/14 789/2304/14
f 788/2305/4 787/2306/4 792/2307/4 791/2308/4
f 786/2309/15 790/2310/15 792/2311/15 787/2312/15
f 789/2313/7 785/2314/7 788/2315/7 791/2316/7
f 704/2317/7 824/2318/7 823/2319/7 703/2320/7
f 700/2321/7 820/2322/7 819/2323/7 699/2324/7
f 702/2325/8 822/2326/8 821/2327/8 701/2328/8
f 710/2329/8 830/2330/8 829/2331/8 709/2332/8
f 710/2333/15 713/2334/15 833/2335/15 830/2336/15
f 818/2337/4 698/2338/4 699/2339/4 819/2340/4
f 706/2341/15 826/2342/15 825/2343/15 705/2344/15
f 793/2345/19 794/2346/19 795/2347/19 796/2348/19
f 797/2349/8 798/2350/8 794/2351/8 793/2352/8
f 799/2353/17 800/2354/17 798/2355/17 797/2356/17
f 796/2357/4 795/2358/4 800/2359/4 799/2360/4
f 794/2361/15 798/2362/15 800/2363/15 795/2364/15
f 801/2365/13 802/2366/13 803/2367/13 804/2368/13
f 802/2369/4 805/2370/4 806/2371/4 803/2372/4
f 805/2373/14 807/2374/14 808/2375/14 806/2376/14
f 807/2377/8 801/2378/8 804/2379/8 808/2380/8
f 807/2381/15 805/2382/15 802/2383/15 801/2384/15
f 809/2385/13 810/2386/13 811/2387/13 812/2388/13
f 813/2389/8 814/2390/8 810/2391/8 809/2392/8
f 815/2393/14 816/2394/14 814/2395/14 813/2396/14
f 812/2397/4 811/2398/4 816/2399/4 815/2400/4
f 810/2401/15 814/2402/15 816/2403/15 811/2404/15
f 813/2405/7 809/2406/7 812/2407/7 815/2408/7
f 708/2409/15 828/2410/15 827/2411/15 707/2412/15
f 719/2413/8 720/2414/8 840/2415/8 839/2416/8
f 837/2417/15 840/2418/15 720/2419/15 717/2420/15
f 712/2421/7 709/2422/7 829/2423/7 832/2424/7
f 841/2425/19 842/2426/19 843/2427/19 844/2428/19
f 845/2429/8 846/2430/8 842/2431/8 841/2432/8
f 847/2433/17 848/2434/17 846/2435/17 845/2436/17
f 844/2437/4 843/2438/4 848/2439/4 847/2440/4
f 842/2441/15 846/2442/15 848/2443/15 843/2444/15
f 849/2445/19 850/2446/19 851/2447/19 852/2448/19
f 850/2449/4 853/2450/4 854/2451/4 851/2452/4
f 853/2453/17 855/2454/17 856/2455/17 854/2456/17
f 855/2457/8 849/2458/8 852/2459/8 856/2460/8
f 855/2461/15 853/2462/15 850/2463/15 849/2464/15
f 857/2465/13 858/2466/13 859/2467/13 860/2468/13
f 861/2469/8 862/2470/8 858/2471/8 857/2472/8
f 863/2473/14 864/2474/14 862/2475/14 861/2476/14
f 860/2477/4 859/2478/4 864/2479/4 863/2480/4
f 858/2481/15 862/2482/15 864/2483/15 859/2484/15
f 861/2485/7 857/2486/7 860/2487/7 863/2488/7
f 959/2489/7 956/2490/7 836/2491/7 839/2492/7
f 833/2493/4 834/2494/4 954/2495/4 953/2496/4
f 952/2497/8 1048/2498/8 1053/2499/8 957/2500/8
f 834/2501/7 831/2502/7 951/2503/7 954/2504/7
f 831/2505/4 838/2506/4 958/2507/4 951/2508/4
f 817/2509/8 937/2510/8 946/2511/8 826/2512/8
f 828/2513/15 948/2514/15 947/2515/15 827/2516/15
f 839/2517/8 840/2518/8 960/2519/8 959/2520/8
f 824/2521/7 944/2522/7 943/2523/7 823/2524/7
f 865/2525/19 866/2526/19 867/2527/19 868/2528/19
f 869/2529/8 870/2530/8 866/2531/8 865/2532/8
f 871/2533/17 872/2534/17 870/2535/17 869/2536/17
f 868/2537/4 867/2538/4 872/2539/4 871/2540/4
f 866/2541/15 870/2542/15 872/2543/15 867/2544/15
f 873/2545/13 874/2546/13 875/2547/13 876/2548/13
f 874/2549/4 877/2550/4 878/2551/4 875/2552/4
f 877/2553/14 879/2554/14 880/2555/14 878/2556/14
f 879/2557/8 873/2558/8 876/2559/8 880/2560/8
f 879/2561/15 877/2562/15 874/2563/15 873/2564/15
f 881/2565/13 882/2566/13 883/2567/13 884/2568/13
f 885/2569/8 886/2570/8 882/2571/8 881/2572/8
f 887/2573/14 888/2574/14 886/2575/14 885/2576/14
f 884/2577/4 883/2578/4 888/2579/4 887/2580/4
f 882/2581/15 886/2582/15 888/2583/15 883/2584/15
f 885/2585/7 881/2586/7 884/2587/7 887/2588/7
f 823/2589/4 943/2590/4 948/2591/4 828/2592/4
f 818/2593/15 938/2594/15 942/2595/15 822/2596/15
f 950/2597/15 830/2598/15 833/2599/15 953/2600/15
f 889/2601/19 890/2602/19 891/2603/19 892/2604/19
f 893/2605/8 894/2606/8 890/2607/8 889/2608/8
f 895/2609/17 896/2610/17 894/2611/17 893/2612/17
f 892/2613/4 891/2614/4 896/2615/4 895/2616/4
f 890/2617/15 894/2618/15 896/2619/15 891/2620/15
f 897/2621/13 898/2622/13 899/2623/13 900/2624/13
f 898/2625/4 901/2626/4 902/2627/4 899/2628/4
f 901/2629/14 903/2630/14 904/2631/14 902/2632/14
f 903/2633/8 897/2634/8 900/2635/8 904/2636/8
f 903/2637/15 901/2638/15 898/2639/15 897/2640/15
f 905/2641/13 906/2642/13 907/2643/13 908/2644/13
f 909/2645/8 910/2646/8 906/2647/8 905/2648/8
f 911/2649/14 912/2650/14 910/2651/14 909/2652/14
f 908/2653/4 907/2654/4 912/2655/4 911/2656/4
f 906/2657/15 910/2658/15 912/2659/15 907/2660/15
f 909/2661/7 905/2662/7 908/2663/7 911/2664/7
f 940/2665/4 820/2666/4 827/2667/4 947/2668/4
f 945/2669/8 944/2670/8 824/2671/8 825/2672/8
f 818/2673/4 819/2674/4 939/2675/4 938/2676/4
f 838/2677/15 835/2678/15 955/2679/15 958/2680/15
f 836/2681/4 956/2682/4 955/2683/4 835/2684/4
f 832/2685/8 952/2686/8 957/2687/8 837/2688/8
f 913/2689/19 914/2690/19 915/2691/19 916/2692/19
f 917/2693/8 918/2694/8 914/2695/8 913/2696/8
f 919/2697/17 920/2698/17 918/2699/17 917/2700/17
f 916/2701/4 915/2702/4 920/2703/4 919/2704/4
f 914/2705/15 918/2706/15 920/2707/15 915/2708/15
f 921/2709/13 922/2710/13 923/2711/13 924/2712/13
f 922/2713/4 925/2714/4 926/2715/4 923/2716/4
f 925/2717/14 927/2718/14 928/2719/14 926/2720/14
f 927/2721/8 921/2722/8 924/2723/8 928/2724/8
f 927/2725/15 925/2726/15 922/2727/15 921/2728/15
f 929/2729/13 930/2730/13 931/2731/13 932/2732/13
f 933/2733/8 934/2734/8 930/2735/8 929/2736/8
f 935/2737/14 936/2738/14 934/2739/14 933/2740/14
f 932/2741/4 931/2742/4 936/2743/4 935/2744/4
f 930/2745/15 934/2746/15 936/2747/15 931/2748/15
f 933/2749/7 929/2750/7 932/2751/7 935/2752/7
f 821/2753/7 941/2754/7 937/2755/7 817/2756/7
f 830/2757/8 950/2758/8 949/2759/8 829/2760/8
f 832/2761/7 829/2762/7 949/2763/7 952/2764/7
f 822/2765/8 942/2766/8 941/2767/8 821/2768/8
f 957/2769/15 960/2770/15 840/2771/15 837/2772/15
f 826/2773/15 946/2774/15 945/2775/15 825/2776/15
f 820/2777/7 940/2778/7 939/2779/7 819/2780/7
f 961/2781/19 962/2782/19 963/2783/19 964/2784/19
f 965/2785/8 966/2786/8 962/2787/8 961/2788/8
f 967/2789/17 968/2790/17 966/2791/17 965/2792/17
f 964/2793/4 963/2794/4 968/2795/4 967/2796/4
f 962/2797/15 966/2798/15 968/2799/15 963/2800/15
f 969/2801/16 970/2802/16 971/2803/16 972/2804/16
f 970/2805/4 973/2806/4 974/2807/4 971/2808/4
f 973/2809/14 975/2810/14 976/2811/14 974/2812/14
f 975/2813/8 969/2814/8 972/2815/8 976/2816/8
f 975/2817/15 973/2818/15 970/2819/15 969/2820/15
f 977/2821/13 978/2822/13 979/2823/13 980/2824/13
f 981/2825/8 982/2826/8 978/2827/8 977/2828/8
f 983/2829/14 984/2830/14 982/2831/14 981/2832/14
f 980/2833/4 979/2834/4 984/2835/4 983/2836/4
f 978/2837/15 982/2838/15 984/2839/15 979/2840/15
f 981/2841/7 977/2842/7 980/2843/7 983/2844/7
f 1036/2845/4 940/2846/4 947/2847/4 1043/2848/4
f 1041/2849/8 1040/2850/8 944/2851/8 945/2852/8
f 940/2853/7 1036/2854/20 1035/2855/20 939/2856/7
f 1055/2857/21 1052/2858/21 956/2859/7 959/2860/7
f 1055/2861/8 959/2862/8 960/2863/8 1056/2864/8
f 937/2865/8 1033/2866/8 1042/2867/8 946/2868/8
f 1047/2869/22 1050/2870/22 954/2871/23 951/2872/23
f 946/2873/15 1042/2874/24 1041/2875/24 945/2876/15
f 943/2877/4 1039/2878/4 1044/2879/4 948/2880/4
f 1050/2881/4 1049/2882/4 953/2883/4 954/2884/4
f 1045/2885/22 1048/2886/22 952/2887/7 949/2888/7
f 1053/2889/24 1056/2890/24 960/2891/25 957/2892/25
f 1046/2893/26 950/2894/27 953/2895/27 1049/2896/26
f 956/2897/4 1052/2898/4 1051/2899/4 955/2900/4
f 938/2901/15 1034/2902/28 1038/2903/28 942/2904/15
f 1054/2905/4 1047/2906/4 951/2907/4 958/2908/4
f 942/2909/8 1038/2910/8 1037/2911/8 941/2912/8
f 948/2913/15 1044/2914/24 1043/2915/24 947/2916/15
f 1051/2917/29 1054/2918/29 958/2919/15 955/2920/15
f 950/2921/8 1046/2922/8 1045/2923/8 949/2924/8
f 1034/2925/4 938/2926/4 939/2927/4 1035/2928/4
f 941/2929/7 1037/2930/22 1033/2931/22 937/2932/7
f 944/2933/23 1040/2934/21 1039/2935/21 943/2936/23
f 985/2937/19 986/2938/19 987/2939/19 988/2940/19
f 989/2941/8 990/2942/8 986/2943/8 985/2944/8
f 991/2945/17 992/2946/17 990/2947/17 989/2948/17
f 988/2949/4 987/2950/4 992/2951/4 991/2952/4
f 986/2953/15 990/2954/15 992/2955/15 987/2956/15
f 993/2957/13 994/2958/13 995/2959/13 996/2960/13
f 994/2961/4 997/2962/4 998/2963/4 995/2964/4
f 997/2965/17 999/2966/17 1000/2967/17 998/2968/17
f 999/2969/8 993/2970/8 996/2971/8 1000/2972/8
f 999/2973/15 997/2974/15 994/2975/15 993/2976/15
f 1001/2977/13 1002/2978/13 1003/2979/13 1004/2980/13
f 1005/2981/8 1006/2982/8 1002/2983/8 1001/2984/8
f 1007/2985/14 1008/2986/14 1006/2987/14 1005/2988/14
f 1004/2989/4 1003/2990/4 1008/2991/4 1007/2992/4
f 1002/2993/15 1006/2994/15 1008/2995/15 1003/2996/15
f 1005/2997/7 1001/2998/7 1004/2999/7 1007/3000/7
f 1009/3001/19 1010/3002/19 1011/3003/19 1012/3004/19
f 1013/3005/8 1014/3006/8 1010/3007/8 1009/3008/8
f 1015/3009/17 1016/3010/17 1014/3011/17 1013/3012/17
f 1012/3013/4 1011/3014/4 1016/3015/4 1015/3016/4
f 1010/3017/15 1014/3018/15 1016/3019/15 1011/3020/15
f 1017/3021/13 1018/3022/13 1019/3023/13 1020/3024/13
f 1018/3025/4 1021/3026/4 1022/3027/4 1019/3028/4
f 1021/3029/14 1023/3030/14 1024/3031/14 1022/3032/14
f 1023/3033/8 1017/3034/8 1020/3035/8 1024/3036/8
f 1023/3037/15 1021/3038/15 1018/3039/15 1017/3040/15
f 1025/3041/13 1026/3042/13 1027/3043/13 1028/3044/13
f 1029/3045/8 1030/3046/8 1026/3047/8 1025/3048/8
f 1031/3049/14 1032/3050/14 1030/3051/14 1029/3052/14
f 1028/3053/4 1027/3054/4 1032/3055/4 1031/3056/4
f 1026/3057/15 1030/3058/15 1032/3059/15 1027/3060/15
f 1029/3061/7 1025/3062/7 1028/3063/7 1031/3064/7
f 1033/3065/30 1034/3066/30 1035/3067/30 1036/3068/30
f 1034/3066/30 1033/3065/30 1037/3069/30 1038/3070/30
f 1039/3071/30 1040/3072/30 1041/3073/30 1042/3074/30
f 1042/3074/30 1043/3075/30 1044/3076/30 1039/3071/30
f 1036/3068/30 1043/3075/30 1042/3074/30 1033/3065/30
f 1045/3077/30 1046/3078/30 1047/3079/30 1048/3080/30
f 1049/3081/30 1050/3082/30 1047/3079/30 1046/3078/30
f 1051/3083/31 1052/3084/31 1053/3085/30 1054/3086/31
f 1055/3087/30 1056/3088/30 1053/3085/30 1052/3084/31
f 1053/3085/30 1048/3080/30 1047/3079/30 1054/3086/31
