# Blender v3.1.2 OBJ File: '45degswitch_active.blend'
# www.blender.org
mtllib 4x3_right.mtl
o track_normal.003
v -1.318203 0.025344 -0.984081
v -1.183363 0.025344 -0.763938
v -1.183363 0.040830 -0.763938
v -1.318203 0.040830 -0.984081
v -1.281027 0.040830 -1.004353
v -1.281022 0.071124 -1.004358
v -1.147946 0.071124 -0.786976
v -1.147946 0.040830 -0.786976
v -1.272803 0.071124 -1.008949
v -1.272671 0.085343 -1.008855
v -1.139870 0.085343 -0.792229
v -1.139962 0.071124 -0.792370
v -1.168252 0.040830 -0.773252
v -1.302699 0.040830 -0.991904
v -1.168252 0.071124 -0.773252
v -1.176232 0.071124 -0.767857
v -1.310736 0.071124 -0.987490
v -1.302523 0.071124 -0.992080
v -1.176232 0.085343 -0.767857
v -1.310787 0.085343 -0.987439
v -1.133243 0.040830 -0.796909
v -1.265794 0.040830 -1.012904
v -1.133243 0.025344 -0.796909
v -1.265627 0.025344 -1.013071
v -1.434722 0.025344 -1.212572
v -1.434923 0.040830 -1.212371
v -1.396489 0.040830 -1.229778
v -1.396548 0.071124 -1.229719
v -1.388023 0.071124 -1.233669
v -1.388114 0.085343 -1.233358
v -1.418970 0.040830 -1.218931
v -1.427332 0.071124 -1.215140
v -1.418885 0.071124 -1.219016
v -1.427165 0.085343 -1.215307
v -1.380762 0.040830 -1.237079
v -1.380969 0.025344 -1.236872
v -1.532574 0.025344 -1.448629
v -1.532574 0.040830 -1.448629
v -1.493013 0.040830 -1.463464
v -1.493013 0.071124 -1.463464
v -1.484048 0.071124 -1.467002
v -1.483992 0.085343 -1.466846
v -1.515818 0.040830 -1.454461
v -1.524783 0.071124 -1.450922
v -1.515818 0.071124 -1.454461
v -1.524783 0.085343 -1.450922
v -1.476501 0.040830 -1.469979
v -1.476501 0.025344 -1.469979
v -1.615285 0.025344 -1.687253
v -1.615286 0.040830 -1.687254
v -1.574895 0.040830 -1.699656
v -1.574895 0.071124 -1.699656
v -1.565735 0.071124 -1.702639
v -1.565686 0.085343 -1.702483
v -1.598197 0.040830 -1.692061
v -1.607356 0.071124 -1.689075
v -1.598197 0.071124 -1.692061
v -1.607356 0.085343 -1.689075
v -1.558024 0.040830 -1.705151
v -1.558024 0.025344 -1.705151
v -1.683730 0.025344 -1.928299
v -1.683730 0.040830 -1.928299
v -1.642716 0.040830 -1.938448
v -1.642715 0.071124 -1.938449
v -1.633403 0.071124 -1.940920
v -1.633364 0.085343 -1.940763
v -1.666408 0.040830 -1.932157
v -1.675719 0.071124 -1.929682
v -1.666408 0.071124 -1.932156
v -1.675719 0.085343 -1.929682
v -1.625563 0.040830 -1.943002
v -1.625563 0.025344 -1.943002
v -1.391200 0.041289 -1.875896
v -1.258618 0.041289 -1.743314
v -1.246070 0.041289 -1.755862
v -1.378653 0.041289 -1.888444
v -0.798998 0.041289 -1.142273
v -0.786451 0.041289 -1.154821
v -1.384388 0.071584 -1.882709
v -1.251805 0.071584 -1.750126
v -1.258618 0.071584 -1.743314
v -1.391200 0.071584 -1.875896
v -0.792186 0.071584 -1.149085
v -0.798998 0.071584 -1.142273
v -1.384388 0.085803 -1.882709
v -1.251805 0.085803 -1.750126
v -0.792186 0.085803 -1.149085
v -1.421079 0.041289 -1.846018
v -1.288496 0.041289 -1.713435
v -1.275949 0.041289 -1.725983
v -1.408531 0.041289 -1.858565
v -0.828877 0.041289 -1.112394
v -0.816329 0.041289 -1.124942
v -1.408531 0.071584 -1.858565
v -1.275949 0.071584 -1.725983
v -1.282761 0.071584 -1.719170
v -1.415344 0.071584 -1.851753
v -0.816329 0.071584 -1.124942
v -0.823142 0.071584 -1.118130
v -0.823142 0.085803 -1.118130
v -1.282761 0.085803 -1.719170
v -1.378653 0.025803 -1.888444
v -1.246070 0.025803 -1.755862
v -1.288496 0.025803 -1.713435
v -1.421079 0.025803 -1.846018
v -0.786451 0.025803 -1.154821
v -0.828877 0.025803 -1.112394
v -1.415344 0.085803 -1.851753
v -1.525377 0.025803 -2.035169
v -1.525377 0.041289 -2.035169
v -1.567804 0.041289 -1.992742
v -1.567804 0.025803 -1.992742
v -1.531113 0.085803 -2.029433
v -1.562068 0.085803 -1.998478
v -1.555256 0.071584 -2.005290
v -1.555256 0.041289 -2.005290
v -1.562068 0.071584 -1.998478
v -1.537925 0.071584 -2.022621
v -1.537925 0.041289 -2.022621
v -1.531113 0.071584 -2.029433
v -3.218159 0.071584 -2.781842
v -3.242302 0.041289 -2.757699
v -3.224971 0.041289 -2.775030
v -3.212423 0.041289 -2.787577
v -3.254849 0.025803 -2.745151
v -3.212423 0.025803 -2.787577
v -3.249114 0.071584 -2.750886
v -3.249114 0.085803 -2.750886
v -3.242302 0.071584 -2.757699
v -3.224971 0.071584 -2.775030
v -3.218159 0.085803 -2.781842
v -0.242302 0.071584 0.242301
v -0.218158 0.085803 0.218158
v -0.218158 0.071584 0.218158
v -0.224971 0.071584 0.224970
v -0.249114 0.071584 0.249114
v -0.212423 0.025803 0.212423
v -0.254849 0.025803 0.254849
v -0.254849 0.041289 0.254849
v -0.242302 0.041289 0.242301
v -0.224971 0.041289 0.224970
v -0.212423 0.041289 0.212423
v -0.249114 0.085803 0.249114
v -3.254849 0.041289 -2.745151
v -2.741871 0.041289 -2.257175
v -2.242133 0.041289 -1.757437
v -1.742395 0.041289 -1.257699
v -1.242657 0.041289 -0.757961
v -0.742919 0.041289 -0.258223
v -2.711992 0.041289 -2.287053
v -2.212254 0.041289 -1.787315
v -1.712516 0.041289 -1.287577
v -1.212778 0.041289 -0.787839
v -0.713040 0.041289 -0.288101
v -2.724540 0.071584 -2.274506
v -2.224802 0.071584 -1.774768
v -1.725064 0.071584 -1.275030
v -1.225326 0.071584 -0.775292
v -0.725588 0.071584 -0.275554
v -2.717728 0.085803 -2.281318
v -2.217989 0.085803 -1.781580
v -1.718251 0.085803 -1.281842
v -1.218513 0.085803 -0.782104
v -0.718775 0.085803 -0.282366
v -2.748683 0.085803 -2.250362
v -2.248945 0.085803 -1.750624
v -1.749207 0.085803 -1.250886
v -1.249469 0.085803 -0.751148
v -0.749731 0.085803 -0.251410
v -0.755466 0.041289 -0.245675
v -1.255204 0.041289 -0.745413
v -1.754942 0.041289 -1.245151
v -2.254680 0.041289 -1.744889
v -2.754418 0.041289 -2.244627
v -2.741871 0.071584 -2.257175
v -2.242133 0.071584 -1.757437
v -1.742395 0.071584 -1.257699
v -1.242657 0.071584 -0.757961
v -0.742919 0.071584 -0.258223
v -2.711992 0.025803 -2.287053
v -2.212254 0.025803 -1.787315
v -1.712516 0.025803 -1.287577
v -1.212778 0.025803 -0.787839
v -0.713040 0.025803 -0.288101
v -2.754418 0.025803 -2.244627
v -2.254680 0.025803 -1.744889
v -1.754942 0.025803 -1.245151
v -1.255204 0.025803 -0.745413
v -0.755466 0.025803 -0.245675
v -2.748683 0.071584 -2.250362
v -2.248945 0.071584 -1.750624
v -1.749207 0.071584 -1.250886
v -1.249469 0.071584 -0.751148
v -0.749731 0.071584 -0.251410
v -2.717728 0.071584 -2.281318
v -2.217989 0.071584 -1.781580
v -1.718251 0.071584 -1.281842
v -1.218513 0.071584 -0.782104
v -0.718775 0.071584 -0.282366
v -2.724540 0.041289 -2.274506
v -2.224802 0.041289 -1.774768
v -1.725064 0.041289 -1.275030
v -1.225326 0.041289 -0.775292
v -0.725588 0.041289 -0.275554
v -2.306730 0.041289 -2.816522
v -2.312465 0.071584 -2.810787
v -2.336609 0.071584 -2.786644
v -2.349156 0.041289 -2.774096
v -2.781842 0.085803 -3.218159
v -2.781842 0.071584 -3.218159
v -3.108198 0.054721 -2.701094
v -3.129411 0.054721 -2.722307
v -3.150624 0.054721 -2.701094
v -2.787577 0.041289 -3.212423
v -2.775030 0.041289 -3.224971
v -2.750886 0.085803 -3.249114
v -2.757699 0.071584 -3.242302
v -2.750886 0.071584 -3.249114
v -2.722305 -0.025279 -3.129413
v -2.722305 0.054721 -3.129413
v -2.701092 0.054721 -3.150626
v -2.701092 -0.025279 -3.150626
v -2.701092 -0.025279 -3.108200
v -2.679879 -0.025279 -3.129413
v -2.679879 0.054721 -3.129413
v -3.129411 -0.025279 -2.722307
v -3.150624 -0.025279 -2.701094
v -3.108198 -0.025279 -2.701094
v -3.129411 0.054721 -2.679881
v -3.129411 -0.025279 -2.679881
v -3.297090 -0.030000 -2.632411
v -3.297090 0.030000 -2.632411
v -2.632409 0.030000 -3.297091
v -2.533414 -0.030000 -3.198096
v -2.775030 0.071584 -3.224971
v -2.745151 0.041289 -3.254849
v -2.745151 0.025803 -3.254849
v -2.757699 0.041289 -3.242302
v -2.787577 0.025803 -3.212423
v -2.533414 0.030000 -3.198096
v -3.198094 0.030000 -2.533416
v -3.198094 -0.030000 -2.533416
v -2.632409 -0.030000 -3.297091
v -2.701092 0.054721 -3.108200
v -2.415864 0.071584 -2.914186
v -2.415864 0.085803 -2.914186
v -2.477831 -0.030000 -3.142513
v -2.378836 -0.030000 -3.043517
v -2.576838 0.025803 -3.086632
v -2.410128 0.025803 -2.919921
v -2.576838 0.041289 -3.086632
v -2.613529 0.085803 -3.049941
v -2.589386 0.071584 -3.074084
v -2.606717 0.071584 -3.056753
v -2.582573 0.085803 -3.080895
v -2.582573 0.071584 -3.080895
v -2.606717 0.041289 -3.056753
v -2.589386 0.041289 -3.074084
v -2.619264 0.025803 -3.044205
v -2.619264 0.041289 -3.044205
v -2.410128 0.041289 -2.919921
v -2.452555 0.025803 -2.877495
v -2.440007 0.041289 -2.890043
v -2.422676 0.041289 -2.907373
v -2.440007 0.071584 -2.890043
v -2.422676 0.071584 -2.907373
v -2.446819 0.085803 -2.883230
v -2.446819 0.071584 -2.883230
v -2.567727 -0.025279 -2.974834
v -2.567727 0.054721 -2.974834
v -2.546514 0.054721 -2.996047
v -2.546514 -0.025279 -2.996047
v -2.546514 -0.025279 -2.953621
v -2.546514 0.054721 -2.953621
v -2.525301 -0.025279 -2.974834
v -2.525301 0.054721 -2.974834
v -2.974833 0.054721 -2.567729
v -2.974833 -0.025279 -2.567729
v -2.996046 -0.025279 -2.546515
v -2.953620 0.054721 -2.546515
v -2.953620 -0.025279 -2.546515
v -2.974833 0.054721 -2.525303
v -2.974833 -0.025279 -2.525302
v -3.142511 -0.030000 -2.477833
v -3.043516 0.030000 -2.378838
v -3.142511 0.030000 -2.477833
v -2.613529 0.071584 -3.049941
v -2.996046 0.054721 -2.546515
v -2.378836 0.030000 -3.043518
v -3.043516 -0.030000 -2.378838
v -2.477831 0.030000 -3.142513
v -2.826830 0.054721 -2.377300
v -2.848043 0.054721 -2.398513
v -2.895513 -0.030000 -2.230834
v -2.230833 -0.030000 -2.895514
v -2.895513 0.030000 -2.230834
v -2.329828 0.030000 -2.994509
v -2.994509 0.030000 -2.329830
v -2.826830 0.054721 -2.419726
v -2.805616 0.054721 -2.398513
v -2.306730 0.025803 -2.816522
v -2.312465 0.085803 -2.810787
v -2.319277 0.071584 -2.803975
v -2.343421 0.071584 -2.779831
v -2.419724 -0.025279 -2.826832
v -2.398511 0.054721 -2.848045
v -2.398511 -0.025279 -2.848045
v -2.398511 -0.025279 -2.805618
v -2.398511 0.054721 -2.805618
v -2.377298 -0.025279 -2.826832
v -2.377298 0.054721 -2.826832
v -2.826830 -0.025279 -2.419726
v -2.848043 -0.025279 -2.398513
v -2.805616 -0.025279 -2.398513
v -2.826830 -0.025279 -2.377300
v -2.994509 -0.030000 -2.329830
v -2.329828 -0.030000 -2.994509
v -2.230833 0.030000 -2.895514
v -2.419724 0.054721 -2.826832
v -2.452555 0.041289 -2.877495
v -2.336609 0.041289 -2.786644
v -2.319277 0.041289 -2.803975
v -2.349156 0.025803 -2.774096
v -2.343421 0.085803 -2.779831
v -0.227836 0.025804 -0.652775
v -0.227836 0.041290 -0.652775
v -0.222110 0.085803 -0.658519
v -0.191202 0.085803 -0.689523
v -0.185476 0.025804 -0.695267
v -0.215309 0.071584 -0.665342
v -0.222110 0.071584 -0.658519
v -0.215309 0.041290 -0.665342
v -0.198004 0.071584 -0.682700
v -0.198004 0.041290 -0.682700
v -0.191202 0.071584 -0.689523
v -0.185476 0.041290 -0.695267
v -1.147634 0.085803 -3.629804
v -1.139523 0.025803 -3.629804
v -1.191411 0.071584 -3.629804
v -1.181777 0.041289 -3.629804
v -1.157268 0.041289 -3.629804
v -1.147634 0.071584 -3.629804
v -1.860476 0.025803 -3.629306
v -1.808588 0.071584 -3.629306
v -1.842731 0.041289 -3.629306
v -1.852365 0.071584 -3.629306
v 0.218158 0.071584 -0.218158
v 0.242301 0.071584 -0.242302
v 0.224970 0.071584 -0.224971
v 0.249114 0.085803 -0.249114
v 0.249114 0.071584 -0.249114
v 0.224970 0.041289 -0.224971
v 0.242301 0.041289 -0.242302
v 0.212423 0.041289 -0.212423
v 0.212423 0.025803 -0.212423
v 0.109577 -0.025279 -0.297528
v 0.109577 0.054721 -0.297528
v 0.130790 0.054721 -0.318742
v 0.130790 -0.025279 -0.318742
v 0.130790 -0.025279 -0.276315
v 0.130790 0.054721 -0.276315
v 0.152003 -0.025279 -0.297528
v 0.152003 0.054721 -0.297528
v -0.318742 0.054721 0.130790
v -0.297528 0.054721 0.109577
v -0.297528 -0.025279 0.109577
v -0.318742 -0.025279 0.130790
v -0.276315 -0.025279 0.130790
v -0.297528 0.054721 0.152003
v -0.297528 -0.025279 0.152003
v -0.276315 0.054721 0.130790
v 0.218158 0.085803 -0.218158
v 0.254849 0.025803 -0.254849
v 0.254849 0.041289 -0.254849
v -0.465207 -0.030000 0.199474
v -0.465207 0.030000 0.199474
v 0.199474 0.030000 -0.465207
v 0.199474 -0.030000 -0.465207
v -0.366212 -0.030000 0.298469
v -0.366212 0.030000 0.298469
v 0.298469 -0.030000 -0.366212
v 0.298469 0.030000 -0.366212
v -0.041868 -0.025279 -0.448974
v -0.020655 0.054721 -0.470187
v -0.020655 -0.025279 -0.470187
v -0.020655 -0.025279 -0.427761
v 0.000558 -0.025279 -0.448974
v 0.000558 0.054721 -0.448974
v -0.448974 -0.025279 -0.041868
v -0.470187 -0.025279 -0.020655
v -0.427761 -0.025279 -0.020655
v -0.448974 0.054721 0.000558
v -0.448974 -0.025279 0.000558
v -0.041868 0.054721 -0.448974
v -0.020655 0.054721 -0.427761
v -0.427761 0.054721 -0.020655
v -0.448974 0.054721 -0.041868
v -0.470187 0.054721 -0.020655
v -0.616652 -0.030000 0.048028
v -0.616652 0.030000 0.048028
v 0.048028 0.030000 -0.616652
v 0.048028 -0.030000 -0.616652
v -0.517657 -0.030000 0.147023
v -0.517657 0.030000 0.147023
v 0.147023 -0.030000 -0.517657
v 0.147023 0.030000 -0.517657
v -0.191704 -0.025279 -0.598810
v -0.170491 0.054721 -0.620023
v -0.170491 -0.025279 -0.620023
v -0.170491 -0.025279 -0.577597
v -0.149278 -0.025279 -0.598810
v -0.149278 0.054721 -0.598810
v -0.598810 0.054721 -0.191705
v -0.598810 -0.025279 -0.191705
v -0.620023 -0.025279 -0.170492
v -0.577597 -0.025279 -0.170492
v -0.598810 0.054721 -0.149279
v -0.598810 -0.025279 -0.149279
v -0.766488 -0.030000 -0.101809
v -0.101808 0.030000 -0.766488
v -0.667493 -0.030000 -0.002814
v -0.667493 0.030000 -0.002814
v -0.002813 -0.030000 -0.667493
v -0.766488 0.030000 -0.101809
v -0.577597 0.054721 -0.170492
v -0.101808 -0.030000 -0.766488
v -0.620023 0.054721 -0.170492
v -0.002813 0.030000 -0.667493
v -0.191704 0.054721 -0.598810
v -0.170491 0.054721 -0.577597
v -1.157268 0.071584 -3.629804
v -1.191411 0.085803 -3.629804
v -1.181777 0.071584 -3.629804
v -1.199522 0.025803 -3.629804
v -1.139523 0.041289 -3.629804
v -1.199522 0.041289 -3.629804
v -1.139522 0.025803 -4.000000
v -1.139522 0.041289 -4.000000
v -1.181777 0.041289 -4.000000
v -1.157267 0.041289 -4.000000
v -1.199522 0.025803 -4.000000
v -1.199522 0.041289 -4.000000
v -1.157267 0.071584 -4.000000
v -1.181777 0.071584 -4.000000
v -1.191411 0.071584 -4.000000
v -1.191411 0.085803 -4.000000
v -1.147633 0.085803 -4.000000
v -1.147633 0.071584 -4.000000
v -1.808588 0.085803 -3.629306
v -1.842731 0.071584 -3.629306
v -1.818222 0.071584 -3.629306
v -1.852365 0.085803 -3.629306
v -1.860476 0.041289 -3.629306
v -1.818222 0.041289 -3.629306
v -1.800477 0.025803 -3.629306
v -1.800477 0.041289 -3.629306
v -1.860476 0.025803 -4.000000
v -1.860476 0.041289 -4.000000
v -1.800476 0.025803 -4.000000
v -1.818221 0.041289 -4.000000
v -1.800476 0.041289 -4.000000
v -1.842731 0.041289 -4.000000
v -1.852365 0.071584 -4.000000
v -1.852365 0.085803 -4.000000
v -1.818221 0.071584 -4.000000
v -1.842731 0.071584 -4.000000
v -1.808587 0.085803 -4.000000
v -1.808587 0.071584 -4.000000
v -1.787867 -0.025279 -3.680850
v -1.787867 0.054721 -3.680850
v -1.817867 0.054721 -3.680850
v -1.817867 -0.025279 -3.680850
v -1.787867 -0.025279 -3.710850
v -1.787867 0.054721 -3.710850
v -1.817867 -0.025279 -3.710850
v -1.817867 0.054721 -3.710850
v -1.182132 0.054721 -3.680850
v -1.212132 0.054721 -3.680850
v -1.212132 -0.025279 -3.680850
v -1.182132 -0.025279 -3.680850
v -1.212132 0.054721 -3.710850
v -1.212132 -0.025279 -3.710850
v -1.182132 0.054721 -3.710850
v -1.182132 -0.025279 -3.710850
v -1.787867 -0.025279 -3.875203
v -1.787867 0.054721 -3.875203
v -1.817867 0.054721 -3.875203
v -1.817867 -0.025279 -3.875203
v -1.787867 -0.025279 -3.905202
v -1.787867 0.054721 -3.905202
v -1.817867 -0.025279 -3.905202
v -1.817867 0.054721 -3.905202
v -1.182132 0.054721 -3.875202
v -1.212132 0.054721 -3.875202
v -1.212132 -0.025279 -3.875202
v -1.182132 -0.025279 -3.875202
v -1.212132 0.054721 -3.905202
v -1.212132 -0.025279 -3.905202
v -1.182132 0.054721 -3.905202
v -1.182132 -0.025279 -3.905202
v -1.029999 -0.030000 -3.820202
v -1.029999 0.030000 -3.820202
v -1.970000 0.030000 -3.820203
v -1.970000 -0.030000 -3.820203
v -1.029999 -0.030000 -3.960202
v -1.029999 0.030000 -3.960202
v -1.969999 -0.030000 -3.960202
v -1.969999 0.030000 -3.960202
v -1.029999 -0.030000 -3.625850
v -1.029999 0.030000 -3.625850
v -1.970000 0.030000 -3.625850
v -1.970000 -0.030000 -3.625850
v -1.029999 -0.030000 -3.765850
v -1.029999 0.030000 -3.765850
v -1.970000 -0.030000 -3.765850
v -1.970000 0.030000 -3.765850
v -1.776400 0.041289 -2.286192
v -1.776400 0.025803 -2.286192
v -1.806279 0.071584 -2.256313
v -1.806279 0.041289 -2.256313
v -1.813091 0.085803 -2.249501
v -1.813091 0.071584 -2.249501
v -0.898417 -0.025279 -0.491311
v -0.898417 0.054721 -0.491311
v -0.919630 0.054721 -0.470098
v -0.919630 -0.025279 -0.470098
v -0.919630 -0.025279 -0.512525
v -0.919630 0.054721 -0.512525
v -0.940843 -0.025279 -0.491311
v -0.940843 0.054721 -0.491311
v -1.075194 -0.025279 -0.668088
v -1.075194 0.054721 -0.668088
v -1.096407 0.054721 -0.646875
v -1.096407 -0.025279 -0.646875
v -1.096407 -0.025279 -0.689301
v -1.096407 0.054721 -0.689301
v -1.117620 -0.025279 -0.668088
v -1.117620 0.054721 -0.668088
v -1.251970 -0.025279 -0.844865
v -1.251970 0.054721 -0.844865
v -1.273183 0.054721 -0.823652
v -1.273183 -0.025279 -0.823652
v -1.273183 -0.025279 -0.866078
v -1.273183 0.054721 -0.866078
v -1.294396 -0.025279 -0.844865
v -1.294396 0.054721 -0.844865
v -0.677186 -0.030000 -1.341867
v -0.677186 0.030000 -1.341867
v -1.341867 0.030000 -0.677187
v -1.341867 -0.030000 -0.677187
v -0.776181 -0.030000 -1.440862
v -0.776181 0.030000 -1.440862
v -1.440862 -0.030000 -0.776182
v -1.440862 0.030000 -0.776182
v -0.500410 -0.030000 -1.165090
v -0.500410 0.030000 -1.165090
v -1.165090 0.030000 -0.500410
v -1.165090 -0.030000 -0.500410
v -0.599404 -0.030000 -1.264085
v -0.599404 0.030000 -1.264085
v -1.264085 -0.030000 -0.599405
v -1.264085 0.030000 -0.599405
v -0.323633 -0.030000 -0.988313
v -0.323633 0.030000 -0.988313
v -0.988313 0.030000 -0.323633
v -0.988313 -0.030000 -0.323633
v -0.422628 -0.030000 -1.087308
v -0.422628 0.030000 -1.087308
v -1.087308 -0.030000 -0.422628
v -1.087308 0.030000 -0.422628
v -0.146856 -0.030000 -0.811537
v -0.146856 0.030000 -0.811537
v -0.811537 0.030000 -0.146856
v -0.811537 -0.030000 -0.146856
v -0.245851 -0.030000 -0.910532
v -0.245851 0.030000 -0.910532
v -0.910532 -0.030000 -0.245851
v -0.910532 0.030000 -0.245851
v -1.428747 -0.025279 -1.021642
v -1.428747 0.054721 -1.021642
v -1.449960 0.054721 -1.000428
v -1.449960 -0.025279 -1.000428
v -1.449960 -0.025279 -1.042855
v -1.449960 0.054721 -1.042855
v -1.471173 -0.025279 -1.021642
v -1.471173 0.054721 -1.021642
v -1.605523 -0.025279 -1.198418
v -1.605523 0.054721 -1.198418
v -1.626737 0.054721 -1.177205
v -1.626737 -0.025279 -1.177205
v -1.626737 -0.025279 -1.219632
v -1.626737 0.054721 -1.219632
v -1.647950 -0.025279 -1.198418
v -1.647950 0.054721 -1.198418
v -1.782300 -0.025279 -1.375195
v -1.782300 0.054721 -1.375195
v -1.803513 0.054721 -1.353982
v -1.803513 -0.025279 -1.353982
v -1.803513 -0.025279 -1.396408
v -1.803513 0.054721 -1.396408
v -1.824726 -0.025279 -1.375195
v -1.824726 0.054721 -1.375195
v -1.353981 0.054721 -1.803514
v -1.375195 0.054721 -1.782300
v -1.375195 -0.025279 -1.782300
v -1.353981 -0.025279 -1.803514
v -1.396408 0.054721 -1.803514
v -1.396408 -0.025279 -1.803514
v -1.375195 0.054721 -1.824727
v -1.375195 -0.025279 -1.824727
v -1.959077 -0.025279 -1.551972
v -1.959077 0.054721 -1.551972
v -1.980290 0.054721 -1.530759
v -1.980290 -0.025279 -1.530759
v -1.980290 -0.025279 -1.573185
v -1.980290 0.054721 -1.573185
v -2.001503 -0.025279 -1.551972
v -2.001503 0.054721 -1.551972
v -1.384293 -0.030000 -2.048974
v -1.384293 0.030000 -2.048974
v -2.048974 0.030000 -1.384293
v -2.048974 -0.030000 -1.384293
v -1.483288 -0.030000 -2.147969
v -1.483288 0.030000 -2.147969
v -2.147969 -0.030000 -1.483289
v -2.147969 0.030000 -1.483289
v -1.207516 -0.030000 -1.872197
v -1.207516 0.030000 -1.872197
v -1.872197 0.030000 -1.207517
v -1.872197 -0.030000 -1.207517
v -1.306511 -0.030000 -1.971192
v -1.306511 0.030000 -1.971192
v -1.971192 -0.030000 -1.306512
v -1.971192 0.030000 -1.306512
v -1.030740 -0.030000 -1.695421
v -1.030740 0.030000 -1.695421
v -1.695420 0.030000 -1.030740
v -1.695420 -0.030000 -1.030740
v -1.129735 -0.030000 -1.794415
v -1.129735 0.030000 -1.794415
v -1.794415 -0.030000 -1.129735
v -1.794415 0.030000 -1.129735
v -0.853963 -0.030000 -1.518644
v -0.853963 0.030000 -1.518644
v -1.518643 0.030000 -0.853963
v -1.518643 -0.030000 -0.853963
v -0.952958 -0.030000 -1.617639
v -0.952958 0.030000 -1.617639
v -1.617638 -0.030000 -0.952958
v -1.617638 0.030000 -0.952958
v -2.135853 -0.025279 -1.728748
v -2.135853 0.054721 -1.728748
v -2.157066 0.054721 -1.707535
v -2.157066 -0.025279 -1.707535
v -2.157066 -0.025279 -1.749961
v -2.157066 0.054721 -1.749961
v -2.178279 -0.025279 -1.728748
v -2.178279 0.054721 -1.728748
v -1.707535 0.054721 -2.157067
v -1.728748 0.054721 -2.135854
v -1.728748 -0.025279 -2.135854
v -1.707535 -0.025279 -2.157067
v -1.749961 0.054721 -2.157067
v -1.749961 -0.025279 -2.157067
v -1.728748 0.054721 -2.178280
v -1.728748 -0.025279 -2.178280
v -2.312630 -0.025279 -1.905525
v -2.312630 0.054721 -1.905525
v -2.333843 0.054721 -1.884312
v -2.333843 -0.025279 -1.884312
v -2.333843 -0.025279 -1.926738
v -2.333843 0.054721 -1.926738
v -2.355056 -0.025279 -1.905525
v -2.355056 0.054721 -1.905525
v -1.884312 0.054721 -2.333844
v -1.905525 0.054721 -2.312631
v -1.905525 -0.025279 -2.312631
v -1.884312 -0.025279 -2.333844
v -1.926738 0.054721 -2.333844
v -1.926738 -0.025279 -2.333844
v -1.905524 0.054721 -2.355057
v -1.905524 -0.025279 -2.355057
v -2.489406 -0.025279 -2.082302
v -2.489406 0.054721 -2.082302
v -2.510620 0.054721 -2.061089
v -2.510620 -0.025279 -2.061089
v -2.510620 -0.025279 -2.103515
v -2.510620 0.054721 -2.103515
v -2.531833 -0.025279 -2.082302
v -2.531833 0.054721 -2.082302
v -2.061088 0.054721 -2.510621
v -2.082301 0.054721 -2.489407
v -2.082301 -0.025279 -2.489407
v -2.061088 -0.025279 -2.510621
v -2.103514 0.054721 -2.510621
v -2.103514 -0.025279 -2.510621
v -2.082301 0.054721 -2.531834
v -2.082301 -0.025279 -2.531834
v -2.666183 -0.025279 -2.259079
v -2.666183 0.054721 -2.259079
v -2.687396 0.054721 -2.237865
v -2.687396 -0.025279 -2.237865
v -2.687397 -0.025279 -2.280292
v -2.687397 0.054721 -2.280292
v -2.708610 -0.025279 -2.259079
v -2.708610 0.054721 -2.259079
v -2.237864 0.054721 -2.687397
v -2.259078 0.054721 -2.666184
v -2.259078 -0.025279 -2.666184
v -2.237864 -0.025279 -2.687397
v -2.280291 0.054721 -2.687397
v -2.280291 -0.025279 -2.687397
v -2.259078 0.054721 -2.708611
v -2.259078 -0.025279 -2.708611
v -2.091399 -0.030000 -2.756081
v -2.091399 0.030000 -2.756081
v -2.756080 0.030000 -2.091400
v -2.756080 -0.030000 -2.091400
v -2.190394 -0.030000 -2.855076
v -2.190394 0.030000 -2.855076
v -2.855075 -0.030000 -2.190395
v -2.855075 0.030000 -2.190395
v -1.914623 -0.030000 -2.579304
v -1.914623 0.030000 -2.579304
v -2.579303 0.030000 -1.914624
v -2.579303 -0.030000 -1.914624
v -2.013618 -0.030000 -2.678299
v -2.013618 0.030000 -2.678299
v -2.678298 -0.030000 -2.013618
v -2.678298 0.030000 -2.013618
v -1.737846 -0.030000 -2.402527
v -1.737846 0.030000 -2.402527
v -2.402526 0.030000 -1.737847
v -2.402526 -0.030000 -1.737847
v -1.836841 -0.030000 -2.501522
v -1.836841 0.030000 -2.501522
v -2.501521 -0.030000 -1.836842
v -2.501521 0.030000 -1.836842
v -1.561069 -0.030000 -2.225750
v -1.561069 0.030000 -2.225750
v -2.225750 0.030000 -1.561070
v -2.225750 -0.030000 -1.561070
v -1.660065 -0.030000 -2.324746
v -1.660065 0.030000 -2.324746
v -2.324745 -0.030000 -1.660065
v -2.324745 0.030000 -1.660065
v -0.382338 0.041290 -0.809630
v -0.381836 0.025804 -0.809108
v -0.344068 0.085803 -0.844662
v -0.376355 0.085803 -0.815105
v -0.338163 0.025804 -0.850218
v -0.368923 0.071584 -0.821271
v -0.375933 0.071584 -0.814668
v -0.368923 0.041290 -0.821271
v -0.351083 0.071584 -0.838063
v -0.351083 0.041290 -0.838063
v -0.343715 0.071584 -0.845879
v -0.338163 0.041290 -0.850218
v -0.712226 -0.025739 -0.306552
v -0.712226 0.054262 -0.306552
v -0.733406 0.054262 -0.285306
v -0.733406 -0.025739 -0.285306
v -0.734159 -0.025739 -0.329395
v -0.734159 0.054262 -0.329395
v -0.755462 -0.025739 -0.308272
v -0.755462 0.054262 -0.308272
v -0.284570 0.054262 -0.735532
v -0.305750 0.054262 -0.714285
v -0.305750 -0.025739 -0.714285
v -0.284570 -0.025739 -0.735532
v -0.325333 0.054262 -0.734773
v -0.325333 -0.025739 -0.734773
v -0.304031 0.054262 -0.755896
v -0.304031 -0.025739 -0.755896
v -0.514921 0.041290 -0.965137
v -0.514468 0.025804 -0.964571
v -0.473790 0.085803 -0.996763
v -0.508492 0.085803 -0.970081
v -0.467430 0.025804 -1.001794
v -0.500559 0.071584 -0.975583
v -0.508110 0.071584 -0.969605
v -0.500559 0.041290 -0.975583
v -0.481345 0.071584 -0.990788
v -0.481345 0.041290 -0.990788
v -0.473790 0.071584 -0.996763
v -0.467430 0.041290 -1.001794
v -0.634591 0.041290 -1.132159
v -0.634188 0.025804 -1.131551
v -0.590995 0.085803 -1.160288
v -0.627777 0.085803 -1.136557
v -0.584241 0.025804 -1.164779
v -0.619419 0.071584 -1.141382
v -0.627436 0.071584 -1.136044
v -0.619419 0.041290 -1.141382
v -0.599016 0.071584 -1.154954
v -0.599016 0.041290 -1.154954
v -0.590995 0.071584 -1.160288
v -0.584241 0.041290 -1.164779
v -0.550770 0.054262 -1.043366
v -0.575167 0.054262 -1.025908
v -0.575167 -0.025739 -1.025908
v -0.550770 -0.025739 -1.043366
v -0.591020 0.054262 -1.047667
v -0.591020 -0.025739 -1.047667
v -0.566434 0.054262 -1.064858
v -0.566434 -0.025739 -1.064858
v -0.400196 -0.030460 -1.094884
v -0.400196 0.029540 -1.094884
v -1.153602 0.029540 -0.532766
v -1.153602 -0.030460 -0.532766
v -0.467359 -0.030460 -1.190145
v -0.467359 0.029540 -1.190145
v -1.248080 -0.030460 -0.666627
v -1.248080 0.029540 -0.666627
v -0.741288 0.041290 -1.309501
v -0.740936 0.025804 -1.308855
v -0.695636 0.085803 -1.334152
v -0.734152 0.085803 -1.313355
v -0.688553 0.025804 -1.338106
v -0.725446 0.071584 -1.317509
v -0.733855 0.071584 -1.312810
v -0.725446 0.041290 -1.317509
v -0.704048 0.071584 -1.329457
v -0.704048 0.041290 -1.329457
v -0.695636 0.071584 -1.334152
v -0.688553 0.041290 -1.338106
v -0.664383 0.054262 -1.213467
v -0.690109 0.054262 -1.198035
v -0.690109 -0.025739 -1.198035
v -0.664383 -0.025739 -1.213467
v -0.704087 0.054262 -1.221271
v -0.704087 -0.025739 -1.221272
v -0.678204 0.054262 -1.236440
v -0.678204 -0.025739 -1.236440
v -0.510148 -0.030460 -1.252003
v -0.510148 0.029540 -1.252003
v -1.307012 0.029540 -0.753400
v -1.307013 -0.030460 -0.753401
v -0.570095 -0.030460 -1.353606
v -0.570095 0.029540 -1.353606
v -1.389731 -0.030460 -0.893397
v -1.389731 0.029540 -0.893397
v -0.835259 0.041290 -1.495837
v -0.834958 0.025804 -1.495159
v -0.787942 0.085803 -1.517119
v -0.827863 0.085803 -1.499165
v -0.780591 0.025804 -1.520551
v -0.818880 0.071584 -1.502672
v -0.827610 0.071584 -1.498592
v -0.818880 0.041290 -1.502672
v -0.796672 0.071584 -1.513043
v -0.796672 0.041290 -1.513043
v -0.787942 0.071584 -1.517119
v -0.780591 0.041290 -1.520551
v -0.765269 0.054262 -1.393371
v -0.792090 0.054262 -1.379931
v -0.792089 -0.025739 -1.379930
v -0.765268 -0.025739 -1.393370
v -0.804171 0.054262 -1.404473
v -0.804171 -0.025739 -1.404473
v -0.777225 0.054262 -1.417659
v -0.777225 -0.025739 -1.417659
v -0.608213 -0.030460 -1.419604
v -0.608213 0.029540 -1.419604
v -1.441093 0.029540 -0.983817
v -1.441093 -0.030460 -0.983817
v -0.661421 -0.030460 -1.526646
v -0.661421 0.029540 -1.526646
v -1.512786 -0.030460 -1.128178
v -1.512786 0.029540 -1.128178
v -0.917018 0.041290 -1.689823
v -0.916767 0.025804 -1.689115
v -0.868386 0.085803 -1.707901
v -0.909417 0.085803 -1.692649
v -0.860822 0.025804 -1.710836
v -0.900223 0.071584 -1.695542
v -0.909206 0.071584 -1.692052
v -0.900223 0.041290 -1.695542
v -0.877370 0.071584 -1.704414
v -0.877370 0.041290 -1.704414
v -0.868386 0.071584 -1.707901
v -0.860822 0.041290 -1.710836
v -0.853782 0.054262 -1.581763
v -0.881479 0.054262 -1.570236
v -0.881479 -0.025739 -1.570236
v -0.853782 -0.025739 -1.581763
v -0.891676 0.054262 -1.595900
v -0.891676 -0.025739 -1.595900
v -0.863881 0.054262 -1.607189
v -0.863881 -0.025739 -1.607189
v -0.694466 -0.030460 -1.596644
v -0.694466 0.029540 -1.596644
v -1.556297 0.029540 -1.221351
v -1.556297 -0.030460 -1.221351
v -0.740614 -0.030460 -1.708795
v -0.740614 0.029540 -1.708795
v -1.616995 -0.030460 -1.368864
v -1.616995 0.029540 -1.368864
v -0.986465 0.041290 -1.890536
v -0.986238 0.025804 -1.889816
v -0.936827 0.085803 -1.905630
v -0.978706 0.085803 -1.892895
v -0.929102 0.025804 -1.908102
v -0.969341 0.071584 -1.895227
v -0.978515 0.071584 -1.892290
v -0.969341 0.041290 -1.895227
v -0.946002 0.071584 -1.902697
v -0.946002 0.041290 -1.902697
v -0.936827 0.071584 -1.905630
v -0.929102 0.041290 -1.908102
v -1.502759 -0.025739 -1.581303
v -1.502759 0.054262 -1.581303
v -1.531138 0.054262 -1.571576
v -1.531138 -0.025739 -1.571576
v -1.513363 -0.025739 -1.611928
v -1.513363 0.054262 -1.611928
v -1.541819 -0.025739 -1.602430
v -1.541819 0.054262 -1.602430
v -0.929751 0.054262 -1.777709
v -0.958130 0.054262 -1.767981
v -0.958130 -0.025739 -1.767981
v -0.929751 -0.025739 -1.777709
v -0.967250 0.054262 -1.794220
v -0.967249 -0.025739 -1.794221
v -0.938793 0.054262 -1.803720
v -0.938793 -0.025739 -1.803720
v -0.769662 -0.030460 -1.781667
v -0.769662 0.029540 -1.781667
v -1.654230 0.029540 -1.463642
v -1.654230 -0.030460 -1.463642
v -0.809050 -0.030460 -1.898197
v -0.809050 0.029540 -1.898197
v -1.704794 -0.030460 -1.613171
v -1.704794 0.029540 -1.613171
v -1.044529 0.041290 -2.096630
v -1.044349 0.025804 -2.095889
v -0.994135 0.085803 -2.108973
v -1.036652 0.085803 -2.098559
v -0.986284 0.025804 -2.111017
v -1.027177 0.071584 -2.100366
v -1.036500 0.071584 -2.097935
v -1.027177 0.041290 -2.100366
v -1.003459 0.071584 -2.106545
v -1.003459 0.041290 -2.106545
v -0.994135 0.071584 -2.108973
v -0.986284 0.041290 -2.111017
v -1.577484 -0.025739 -1.817088
v -1.577484 0.054262 -1.817088
v -1.606382 0.054262 -1.809030
v -1.606382 -0.025739 -1.809030
v -1.586104 -0.025739 -1.848100
v -1.586104 0.054262 -1.848100
v -1.615059 -0.025739 -1.840252
v -1.615059 0.054262 -1.840252
v -0.994011 0.054262 -1.979792
v -1.022909 0.054262 -1.971734
v -1.022909 -0.025739 -1.971734
v -0.994011 -0.025739 -1.979792
v -1.030422 0.054262 -1.998722
v -1.030422 -0.025739 -1.998722
v -1.001467 0.054262 -2.006571
v -1.001467 -0.025739 -2.006571
v -0.834396 -0.030460 -1.973494
v -0.834396 0.029540 -1.973494
v -1.736415 0.029540 -1.708994
v -1.736415 -0.030460 -1.708994
v -0.867410 -0.030460 -2.093700
v -0.867410 0.029540 -2.093700
v -1.777813 -0.030460 -1.859681
v -1.777813 0.029540 -1.859681
v -1.092745 0.041290 -2.306812
v -1.092611 0.025804 -2.306055
v -1.041797 0.085803 -2.316618
v -1.084782 0.085803 -2.308345
v -1.033852 0.025804 -2.318268
v -1.075233 0.071584 -2.309670
v -1.084669 0.071584 -2.307707
v -1.075233 0.041290 -2.309670
v -1.051232 0.071584 -2.314658
v -1.051232 0.041290 -2.314658
v -1.041797 0.071584 -2.316618
v -1.033852 0.041290 -2.318268
v -1.676046 0.025803 -2.185838
v -1.676046 0.041289 -2.185838
v -1.688594 0.041289 -2.173290
v -1.705925 0.041289 -2.155959
v -1.718472 0.041289 -2.143412
v -1.718472 0.025803 -2.143412
v -1.705925 0.071584 -2.155959
v -1.681781 0.085803 -2.180103
v -1.712737 0.085803 -2.149147
v -1.712737 0.071584 -2.149147
v -1.688593 0.071584 -2.173290
v -1.681781 0.071584 -2.180103
v -1.047963 0.054262 -2.186635
v -1.077247 0.054262 -2.180120
v -1.077247 -0.025739 -2.180120
v -1.047963 -0.025739 -2.186635
v -1.083017 0.054262 -2.207784
v -1.083017 -0.025739 -2.207784
v -1.053692 0.054262 -2.214111
v -1.053692 -0.025739 -2.214111
v -0.888207 -0.030460 -2.171554
v -0.888207 0.029540 -2.171554
v -1.803198 0.029540 -1.956169
v -1.803198 -0.030460 -1.956169
v -0.915150 -0.030460 -2.294819
v -0.915150 0.029540 -2.294819
v -1.836266 -0.030460 -2.107356
v -1.836266 0.029540 -2.107356
v -1.130228 0.041290 -2.520758
v -1.130116 0.025804 -2.519994
v -1.078892 0.085803 -2.528269
v -1.122204 0.085803 -2.521932
v -1.070884 0.025804 -2.529562
v -1.112598 0.071584 -2.522827
v -1.122109 0.071584 -2.521288
v -1.112598 0.041290 -2.522827
v -1.088403 0.071584 -2.526734
v -1.088403 0.041290 -2.526734
v -1.078892 0.071584 -2.528269
v -1.070884 0.041290 -2.529562
v -1.782493 0.025804 -2.413925
v -1.739518 0.025804 -2.170769
v -1.739518 0.041290 -2.170769
v -1.782493 0.041290 -2.413925
v -1.740700 0.041290 -2.420124
v -1.740700 0.071584 -2.420124
v -1.698047 0.071584 -2.178845
v -1.698047 0.041290 -2.178845
v -1.731194 0.071584 -2.421696
v -1.731171 0.085803 -2.421537
v -1.688590 0.085688 -2.180686
v -1.688623 0.071584 -2.180845
v -1.688006 -0.025739 -2.294546
v -1.688006 0.054262 -2.294546
v -1.717568 0.054262 -2.289434
v -1.717567 -0.025739 -2.289435
v -1.693557 -0.025739 -2.325890
v -1.693557 0.054262 -2.325890
v -1.723148 -0.025739 -2.320956
v -1.723148 0.054262 -2.320956
v -1.091128 0.054262 -2.397748
v -1.120689 0.054262 -2.392636
v -1.120689 -0.025739 -2.392636
v -1.091128 -0.025739 -2.397748
v -1.125662 0.054262 -2.420577
v -1.125662 -0.025739 -2.420577
v -1.096070 0.054262 -2.425512
v -1.096070 -0.025739 -2.425512
v -0.932480 -0.030460 -2.374407
v -0.932480 0.029540 -2.374407
v -1.856920 0.029540 -2.204085
v -1.856920 -0.030460 -2.204085
v -0.953873 -0.030460 -2.500134
v -0.953873 0.029540 -2.500134
v -1.882653 -0.030460 -2.355331
v -1.882652 0.029540 -2.355331
v -1.722018 0.041290 -2.173755
v -1.764883 0.041290 -2.416122
v -1.722018 0.071584 -2.173755
v -1.731441 0.071584 -2.171754
v -1.774388 0.071584 -2.414548
v -1.764883 0.071584 -2.416122
v -1.731441 0.085688 -2.171754
v -1.774388 0.085803 -2.414548
v -1.680691 0.041290 -2.182528
v -1.723193 0.041290 -2.423020
v -1.680691 0.025804 -2.182528
v -1.723193 0.025804 -2.423020
v -1.159600 0.041290 -2.737158
v -1.159530 0.025804 -2.736384
v -1.107999 0.085803 -2.742559
v -1.151534 0.085803 -2.738003
v -1.099944 0.025804 -2.743525
v -1.141907 0.071584 -2.738498
v -1.151474 0.071584 -2.737350
v -1.141907 0.041290 -2.738498
v -1.117567 0.071584 -2.741414
v -1.117567 0.041290 -2.741414
v -1.107999 0.071584 -2.742560
v -1.099944 0.041290 -2.743525
v -1.815703 0.025804 -2.657200
v -1.815703 0.041290 -2.657200
v -1.773690 0.041290 -2.661674
v -1.773690 0.071584 -2.661674
v -1.764128 0.071584 -2.662854
v -1.764110 0.085803 -2.662694
v -1.726123 -0.025739 -2.534655
v -1.726123 0.054262 -2.534655
v -1.755878 0.054262 -2.530828
v -1.755878 -0.025739 -2.530828
v -1.729871 -0.025739 -2.566046
v -1.729871 0.054262 -2.566046
v -1.759646 -0.025739 -2.562376
v -1.759646 0.054262 -2.562376
v -1.125336 0.054262 -2.611910
v -1.155090 0.054262 -2.608083
v -1.155090 -0.025739 -2.608083
v -1.125336 -0.025739 -2.611910
v -1.158462 0.054262 -2.636477
v -1.158462 -0.025739 -2.636477
v -1.128687 0.054262 -2.640146
v -1.128687 -0.025739 -2.640146
v -0.967742 -0.030460 -2.581254
v -0.967742 0.029540 -2.581254
v -1.898822 0.029540 -2.452081
v -1.898822 -0.030460 -2.452081
v -0.983691 -0.030460 -2.709070
v -0.983691 0.029540 -2.709070
v -1.917692 -0.030460 -2.603056
v -1.917692 0.029540 -2.603056
v -1.798012 0.041290 -2.658673
v -1.807571 0.071584 -2.657492
v -1.798012 0.071584 -2.658673
v -1.807571 0.085803 -2.657492
v -1.756081 0.041290 -2.663846
v -1.756081 0.025804 -2.663846
v -1.179754 0.041290 -2.955863
v -1.179701 0.025804 -2.955085
v -1.127988 0.085803 -2.959366
v -1.171661 0.085803 -2.956410
v -1.119904 0.025804 -2.960035
v -1.162016 0.071584 -2.956550
v -1.171618 0.071584 -2.955754
v -1.162016 0.041290 -2.956550
v -1.137589 0.071584 -2.958572
v -1.137590 0.041290 -2.958573
v -1.127988 0.071584 -2.959366
v -1.119904 0.041290 -2.960035
v -1.838380 0.025804 -2.900126
v -1.838380 0.041290 -2.900126
v -1.796230 0.041290 -2.903046
v -1.796230 0.071584 -2.903046
v -1.786629 0.071584 -2.903870
v -1.786619 0.085803 -2.903712
v -1.753818 -0.025739 -2.774953
v -1.753818 0.054262 -2.774953
v -1.783700 0.054262 -2.772291
v -1.783700 -0.025739 -2.772291
v -1.756699 -0.025739 -2.806338
v -1.756699 0.054262 -2.806338
v -1.786592 -0.025739 -2.803823
v -1.786592 0.054262 -2.803823
v -1.150472 0.054262 -2.828692
v -1.180354 0.054262 -2.826031
v -1.180354 -0.025739 -2.826031
v -1.150472 -0.025739 -2.828692
v -1.182991 0.054262 -2.854604
v -1.182991 -0.025739 -2.854604
v -1.153097 0.054262 -2.857119
v -1.153097 -0.025739 -2.857119
v -0.994274 -0.030460 -2.791434
v -0.994274 0.029540 -2.791434
v -1.929779 0.029540 -2.699628
v -1.929779 -0.030460 -2.699628
v -1.005594 -0.030460 -2.920794
v -1.005594 0.029540 -2.920794
v -1.942937 -0.030460 -2.850158
v -1.942937 0.029540 -2.850158
v -1.820653 0.041290 -2.900947
v -1.830252 0.071584 -2.900121
v -1.820653 0.071584 -2.900947
v -1.830252 0.085803 -2.900121
v -1.778549 0.041290 -2.904565
v -1.778549 0.025804 -2.904565
v -1.192934 0.041290 -3.176034
v -1.192900 0.025804 -3.175252
v -1.141080 0.085803 -3.177793
v -1.184828 0.085803 -3.176309
v -1.132980 0.025804 -3.178190
v -1.175179 0.071584 -3.176123
v -1.184800 0.071584 -3.175650
v -1.175179 0.041290 -3.176123
v -1.150702 0.071584 -3.177323
v -1.150702 0.041290 -3.177323
v -1.141080 0.071584 -3.177793
v -1.132980 0.041290 -3.178190
v -1.852966 0.025804 -3.142524
v -1.852966 0.041290 -3.142524
v -1.810742 0.041290 -3.144020
v -1.810742 0.071584 -3.144020
v -1.801121 0.071584 -3.144520
v -1.801114 0.085803 -3.144361
v -1.773073 -0.025739 -3.015100
v -1.773073 0.054262 -3.015100
v -1.803030 0.054262 -3.013506
v -1.803030 -0.025739 -3.013506
v -1.774396 -0.025739 -3.046402
v -1.774396 0.054262 -3.046402
v -1.804360 -0.025739 -3.044936
v -1.804360 0.054262 -3.044936
v -1.168195 0.054262 -3.047293
v -1.198153 0.054262 -3.045698
v -1.198153 -0.025739 -3.045698
v -1.168195 -0.025739 -3.047293
v -1.199350 0.054262 -3.074543
v -1.199350 -0.025739 -3.074543
v -1.169386 0.054262 -3.076009
v -1.169386 -0.025739 -3.076009
v -1.013000 -0.030460 -3.004205
v -1.013000 0.029540 -3.004205
v -1.951223 0.029540 -2.946429
v -1.951223 -0.030460 -2.946429
v -1.019580 -0.030460 -3.134901
v -1.019580 0.029540 -3.134901
v -1.958786 -0.030460 -3.096314
v -1.958786 0.029540 -3.096314
v -1.835218 0.041290 -3.142747
v -1.844838 0.071584 -3.142247
v -1.835218 0.071584 -3.142747
v -1.844838 0.085803 -3.142247
v -1.793022 0.041290 -3.144941
v -1.793022 0.025804 -3.144941
v -1.198802 0.041290 -3.397432
v -1.198805 0.025804 -3.396645
v -1.146920 0.085803 -3.397606
v -1.190693 0.085803 -3.397459
v -1.138808 0.025804 -3.397757
v -1.181061 0.071584 -3.396976
v -1.190695 0.071584 -3.396795
v -1.181061 0.041290 -3.396976
v -1.156553 0.071584 -3.397429
v -1.156553 0.041290 -3.397429
v -1.146919 0.071584 -3.397606
v -1.138808 0.041290 -3.397757
v -1.859710 0.025807 -3.384166
v -1.859710 0.041293 -3.384166
v -1.817459 0.041291 -3.384364
v -1.817459 0.071585 -3.384364
v -1.807823 0.071585 -3.384567
v -1.807825 0.085805 -3.384410
v -1.783343 -0.025739 -3.254750
v -1.783343 0.054263 -3.254750
v -1.813336 0.054263 -3.254118
v -1.813336 -0.025738 -3.254118
v -1.783923 -0.025738 -3.285994
v -1.783923 0.054263 -3.285994
v -1.813919 -0.025738 -3.285482
v -1.813919 0.054263 -3.285482
v -1.177744 0.054262 -3.267515
v -1.207737 0.054262 -3.266883
v -1.207737 -0.025739 -3.266883
v -1.177744 -0.025739 -3.267515
v -1.208274 0.054262 -3.295830
v -1.208274 -0.025739 -3.295830
v -1.178278 0.054262 -3.296343
v -1.178278 -0.025739 -3.296343
v -1.024703 -0.030460 -3.218982
v -1.024703 0.029540 -3.218982
v -1.964323 0.029541 -3.192300
v -1.964323 -0.030459 -3.192300
v -1.027144 -0.030460 -3.350679
v -1.027144 0.029540 -3.350679
v -1.967099 -0.030456 -3.341495
v -1.967099 0.029544 -3.341495
v -1.841968 0.041291 -3.383847
v -1.851600 0.071585 -3.383643
v -1.841968 0.071585 -3.383847
v -1.851600 0.085805 -3.383643
v -1.799714 0.041290 -3.384738
v -1.799714 0.025804 -3.384738
v -1.786716 -0.025735 -3.493855
v -1.786716 0.054266 -3.493855
v -1.816715 0.054266 -3.494107
v -1.816715 -0.025735 -3.494107
v -1.786593 -0.025735 -3.525034
v -1.786593 0.054266 -3.525034
v -1.816591 -0.025735 -3.525400
v -1.816591 0.054266 -3.525400
v -1.181004 0.054262 -3.488732
v -1.211002 0.054262 -3.488985
v -1.211002 -0.025739 -3.488985
v -1.181004 -0.025739 -3.488732
v -1.210901 0.054262 -3.518009
v -1.210901 -0.025739 -3.518009
v -1.180904 0.054262 -3.517643
v -1.180904 -0.025739 -3.517643
v -1.029063 -0.030460 -3.435486
v -1.029063 0.029540 -3.435486
v -1.969061 0.029544 -3.436981
v -1.969061 -0.030456 -3.436981
v -1.028592 -0.030460 -3.569797
v -1.028592 0.029540 -3.569797
v -1.968494 -0.030456 -3.583365
v -1.968494 0.029544 -3.583365
v -1.788947 0.041289 -2.273644
v -1.782135 0.071584 -2.280457
v -1.788947 0.071584 -2.273644
v -1.782135 0.085803 -2.280457
v -1.818826 0.041289 -2.243766
v -1.818826 0.025803 -2.243766
v -1.523687 0.054721 -1.973219
v -1.544900 0.054721 -1.952006
v -1.544900 -0.025279 -1.952006
v -1.523687 -0.025279 -1.973219
v -1.566113 0.054721 -1.973219
v -1.566113 -0.025279 -1.973219
v -1.544900 0.054721 -1.994433
v -1.544900 -0.025279 -1.994433
v -0.451722 -0.025279 -0.907735
v -0.451722 0.054721 -0.907735
v -0.475145 0.054721 -0.888990
v -0.475145 -0.025279 -0.888990
v -0.470466 -0.025279 -0.931159
v -0.470466 0.054721 -0.931159
v -0.493889 -0.025279 -0.912414
v -0.493889 0.054721 -0.912414
vt 0.226469 0.048121
vt 0.000000 0.062150
vt 0.226469 0.062150
vt 0.679406 0.093759
vt 0.905875 0.121202
vt 0.905875 0.093759
vt 0.679406 0.025761
vt 0.905875 0.012881
vt 0.679406 0.012881
vt 0.906075 0.297453
vt 0.679606 0.281378
vt 0.679606 0.297453
vt 0.000512 0.312903
vt 0.226981 0.321630
vt 0.226981 0.312903
vt 0.000000 0.000000
vt 0.226469 0.012881
vt 0.226469 0.000000
vt 0.000000 0.089593
vt 0.226469 0.062150
vt 0.000000 0.062150
vt 0.906075 0.296828
vt 0.679606 0.312903
vt 0.906075 0.312903
vt 0.000512 0.321630
vt 0.226981 0.330358
vt 0.226981 0.321630
vt -0.000122 0.210448
vt 0.226347 0.156096
vt -0.000122 0.156096
vt 0.906075 0.219937
vt 0.679606 0.259595
vt 0.906075 0.259595
vt 0.905875 0.034093
vt 0.679406 0.048121
vt 0.905875 0.048121
vt 0.000000 0.048121
vt 0.226469 0.062150
vt 0.226469 0.048121
vt 0.679406 0.121202
vt 0.905875 0.093759
vt 0.679406 0.093759
vt 0.679406 0.025761
vt 0.905875 0.012881
vt 0.679406 0.012881
vt 0.906075 0.297453
vt 0.679606 0.281378
vt 0.679606 0.297453
vt 0.000512 0.321630
vt 0.226981 0.312903
vt 0.000512 0.312903
vt 0.000000 0.012881
vt 0.226469 0.000000
vt 0.000000 0.000000
vt 0.000000 0.089593
vt 0.226469 0.062150
vt 0.000000 0.062150
vt 0.906075 0.312903
vt 0.679606 0.296828
vt 0.679606 0.312903
vt 0.000512 0.330358
vt 0.226981 0.321630
vt 0.000512 0.321630
vt -0.000122 0.210448
vt 0.226347 0.156096
vt -0.000122 0.156096
vt 0.679606 0.219937
vt 0.906075 0.259595
vt 0.906075 0.219937
vt 0.679406 0.034093
vt 0.905875 0.048121
vt 0.905875 0.034093
vt 0.000000 0.048121
vt 0.226469 0.062150
vt 0.226469 0.048121
vt 0.679406 0.121202
vt 0.905875 0.093759
vt 0.679406 0.093759
vt 0.679406 0.025761
vt 0.905875 0.012881
vt 0.679406 0.012881
vt 0.906075 0.297453
vt 0.679606 0.281378
vt 0.679606 0.297453
vt 0.000512 0.312903
vt 0.226981 0.321630
vt 0.226981 0.312903
vt 0.000000 0.012881
vt 0.226469 0.000000
vt 0.000000 0.000000
vt 0.000000 0.089593
vt 0.226469 0.062150
vt 0.000000 0.062150
vt 0.906075 0.296828
vt 0.679606 0.312903
vt 0.906075 0.312903
vt 0.000512 0.321630
vt 0.226981 0.330358
vt 0.226981 0.321630
vt -0.000122 0.156096
vt 0.226347 0.210448
vt 0.226347 0.156096
vt 0.906075 0.219937
vt 0.679606 0.259595
vt 0.906075 0.259595
vt 0.679406 0.034093
vt 0.905875 0.048121
vt 0.905875 0.034093
vt 0.226469 0.048121
vt 0.000000 0.062150
vt 0.226469 0.062150
vt 0.679406 0.093759
vt 0.905875 0.121202
vt 0.905875 0.093759
vt 0.679406 0.025761
vt 0.905875 0.012881
vt 0.679406 0.012881
vt 0.906075 0.297453
vt 0.679606 0.281378
vt 0.679606 0.297453
vt 0.000512 0.312903
vt 0.226981 0.321630
vt 0.226981 0.312903
vt 0.000000 0.012881
vt 0.226469 0.000000
vt 0.000000 0.000000
vt 0.000000 0.089593
vt 0.226469 0.062150
vt 0.000000 0.062150
vt 0.906075 0.296828
vt 0.679606 0.312903
vt 0.906075 0.312903
vt 0.000512 0.321630
vt 0.226981 0.330358
vt 0.226981 0.321630
vt -0.000122 0.210448
vt 0.226347 0.156096
vt -0.000122 0.156096
vt 0.906075 0.219937
vt 0.679606 0.259595
vt 0.906075 0.259595
vt 0.679406 0.034093
vt 0.905875 0.048121
vt 0.905875 0.034093
vt 0.226469 0.048121
vt 0.000000 0.062150
vt 0.226469 0.062150
vt 0.679406 0.093759
vt 0.905875 0.121202
vt 0.905875 0.093759
vt 0.679406 0.025761
vt 0.905875 0.012881
vt 0.679406 0.012881
vt 0.906075 0.297453
vt 0.679606 0.281378
vt 0.679606 0.297453
vt 0.000512 0.312903
vt 0.226981 0.321630
vt 0.226981 0.312903
vt 0.000000 0.012881
vt 0.226469 0.000000
vt 0.000000 0.000000
vt 0.000000 0.062150
vt 0.226469 0.089593
vt 0.226469 0.062150
vt 0.906075 0.296828
vt 0.679606 0.312903
vt 0.906075 0.312903
vt 0.000512 0.321630
vt 0.226981 0.330358
vt 0.226981 0.321630
vt -0.000122 0.210448
vt 0.226347 0.156096
vt -0.000122 0.156096
vt 0.906075 0.219937
vt 0.679606 0.259595
vt 0.906075 0.259595
vt 0.679406 0.034093
vt 0.905875 0.048121
vt 0.905875 0.034093
vt 0.396520 0.281378
vt 0.453137 0.297453
vt 0.396520 0.297453
vt 0.453137 0.281378
vt 0.679606 0.297453
vt 0.453449 0.321630
vt 0.510067 0.312903
vt 0.510067 0.321630
vt 0.226981 0.321630
vt 0.453449 0.312903
vt 0.452938 0.012881
vt 0.509555 0.000000
vt 0.509555 0.012881
vt 0.226469 0.012881
vt 0.452938 0.000000
vt 0.452938 0.089593
vt 0.509555 0.062150
vt 0.509555 0.089593
vt 0.226469 0.062150
vt 0.452938 0.062150
vt 0.453137 0.296828
vt 0.396520 0.312903
vt 0.396520 0.296828
vt 0.679606 0.312903
vt 0.453137 0.312903
vt 0.453449 0.330358
vt 0.510067 0.321630
vt 0.510067 0.330358
vt 0.226981 0.330358
vt 0.453449 0.321630
vt 0.452937 0.025761
vt 0.679406 0.012881
vt 0.679406 0.025761
vt 0.452937 0.121202
vt 0.679406 0.093759
vt 0.679406 0.121202
vt 0.509433 0.210448
vt 0.452816 0.156096
vt 0.509433 0.156096
vt 0.226347 0.210448
vt 0.452816 0.210448
vt 0.396520 0.219937
vt 0.453137 0.259595
vt 0.396520 0.259595
vt 0.453137 0.219937
vt 0.679606 0.259595
vt 0.396320 0.034093
vt 0.452937 0.048121
vt 0.396320 0.048121
vt 0.452937 0.034093
vt 0.679406 0.048121
vt 0.226469 0.062150
vt 0.452938 0.048121
vt 0.452938 0.062150
vt 0.509555 0.062150
vt 0.509555 0.048121
vt 0.566172 0.062150
vt 0.339703 0.034093
vt 0.339703 0.048121
vt 0.339903 0.259595
vt 0.566050 0.156096
vt 0.566050 0.210448
vt 0.396320 0.121202
vt 0.452937 0.093759
vt 0.339703 0.121202
vt 0.396320 0.093759
vt 0.396320 0.012881
vt 0.452937 0.012881
vt 0.339703 0.025761
vt 0.396320 0.025761
vt 0.566684 0.321630
vt 0.566684 0.330358
vt 0.339903 0.296828
vt 0.339903 0.312903
vt 0.566172 0.089593
vt 0.566172 0.062150
vt 0.566172 0.000000
vt 0.566172 0.012881
vt 0.566684 0.312903
vt 0.566684 0.321630
vt 0.339903 0.297453
vt 0.339903 0.281378
vt 0.947724 0.060064
vt 0.956977 0.046407
vt 0.989772 0.060064
vt 0.980518 0.046407
vt 0.989772 0.046407
vt 0.939933 0.002435
vt 0.956977 0.017309
vt 0.939933 0.017309
vt 0.997562 0.002436
vt 0.980518 0.017309
vt 0.980063 0.080342
vt 0.996438 0.066040
vt 0.996444 0.080334
vt 0.941058 0.066040
vt 0.957437 0.080337
vt 0.941056 0.080334
vt 0.980058 0.108304
vt 0.957431 0.108300
vt 0.948537 0.121424
vt 0.948537 0.108298
vt 0.988949 0.121430
vt 0.988951 0.108306
vt 0.940348 0.002788
vt 0.957150 0.017460
vt 0.940341 0.017452
vt 0.980357 0.017455
vt 0.997156 0.002788
vt 0.997159 0.017452
vt 0.957156 0.046146
vt 0.980363 0.046141
vt 0.989488 0.059605
vt 0.948036 0.059612
vt 0.948034 0.046148
vt 0.980639 0.079669
vt 0.997854 0.064645
vt 0.997854 0.079669
vt 0.939644 0.064645
vt 0.956860 0.079669
vt 0.939644 0.079669
vt 0.980639 0.109060
vt 0.956860 0.109060
vt 0.947513 0.122855
vt 0.947513 0.109060
vt 0.989985 0.122855
vt 0.989985 0.109060
vt 0.000000 0.048121
vt 0.679406 0.121202
vt 0.905875 0.025761
vt 0.906075 0.281378
vt 0.000512 0.321630
vt 0.000000 0.012881
vt 0.226469 0.089593
vt 0.679606 0.296828
vt 0.000512 0.330358
vt 0.226347 0.210448
vt 0.679606 0.219937
vt 0.679406 0.034093
vt 0.000000 0.062150
vt 0.905875 0.121202
vt 0.905875 0.025761
vt 0.906075 0.281378
vt 0.226981 0.321630
vt 0.226469 0.012881
vt 0.226469 0.089593
vt 0.906075 0.296828
vt 0.226981 0.330358
vt 0.226347 0.210448
vt 0.679606 0.259595
vt 0.679406 0.048121
vt 0.000000 0.062150
vt 0.905875 0.121202
vt 0.905875 0.025761
vt 0.906075 0.281378
vt 0.000512 0.321630
vt 0.226469 0.012881
vt 0.226469 0.089593
vt 0.679606 0.296828
vt 0.000512 0.330358
vt -0.000122 0.210448
vt 0.679606 0.219937
vt 0.679406 0.048121
vt 0.000000 0.048121
vt 0.679406 0.121202
vt 0.905875 0.025761
vt 0.906075 0.281378
vt 0.000512 0.321630
vt 0.226469 0.012881
vt 0.226469 0.089593
vt 0.679606 0.296828
vt 0.000512 0.330358
vt 0.226347 0.210448
vt 0.679606 0.219937
vt 0.679406 0.048121
vt 0.000000 0.048121
vt 0.679406 0.121202
vt 0.905875 0.025761
vt 0.906075 0.281378
vt 0.000512 0.321630
vt 0.226469 0.012881
vt 0.000000 0.089593
vt 0.679606 0.296828
vt 0.000512 0.330358
vt 0.226347 0.210448
vt 0.679606 0.219937
vt 0.679406 0.048121
vt 0.679606 0.281378
vt 0.226981 0.312903
vt 0.226469 0.000000
vt 0.226469 0.089593
vt 0.679606 0.296828
vt 0.226981 0.321630
vt 0.226347 0.156096
vt 0.679606 0.219937
vt 0.679406 0.034093
vt 0.226469 0.048121
vt 0.566172 0.048121
vt 0.339903 0.219937
vt 0.339703 0.093759
vt 0.339703 0.012881
vt 0.947724 0.046407
vt 0.997562 0.017309
vt 0.989487 0.046139
vt 0.989434 0.122106
vt 0.980327 0.108666
vt 0.989434 0.108666
vt 0.957161 0.108666
vt 0.980327 0.080031
vt 0.957160 0.080032
vt 0.940388 0.065394
vt 0.997100 0.065394
vt 0.940388 0.080032
vt 0.905875 0.048121
vt 0.000000 0.034093
vt 0.905875 0.034093
vt 0.980661 0.046583
vt 0.956839 0.046583
vt 0.956839 0.017139
vt 0.980661 0.017139
vt 0.997100 0.080031
vt 0.000000 0.012881
vt 0.905875 0.000000
vt 0.905875 0.012881
vt 0.906075 0.312903
vt 0.000200 0.296828
vt 0.906075 0.296828
vt -0.000122 0.156096
vt 0.905753 0.210448
vt -0.000122 0.210448
vt 0.000000 0.012881
vt 0.905875 0.025761
vt 0.000000 0.025762
vt 0.906075 0.281378
vt 0.000200 0.297453
vt 0.000200 0.281378
vt 0.000512 0.321630
vt 0.151491 0.312903
vt 0.151491 0.321630
vt 0.000000 0.062150
vt 0.905875 0.089593
vt 0.000000 0.089593
vt 0.000000 0.062150
vt 0.905875 0.093759
vt 0.000000 0.089593
vt 0.939593 0.017139
vt 0.939593 0.002088
vt 0.997907 0.002088
vt 0.947476 0.060402
vt 0.947476 0.046583
vt 0.990024 0.046583
vt 0.990024 0.060402
vt 0.997907 0.017139
vt 0.000512 0.321630
vt 0.906387 0.312903
vt 0.906387 0.321630
vt 0.948055 0.122106
vt 0.948055 0.108666
vt 0.905875 0.048121
vt 0.000000 0.062150
vt 0.000000 0.048121
vt 0.000200 0.259595
vt 0.000200 0.219937
vt 0.906075 0.219937
vt 0.000200 0.219937
vt 0.906075 0.259595
vt 0.000200 0.259595
vt 0.000200 0.219937
vt 0.906075 0.259595
vt 0.000200 0.259595
vt 0.906075 0.259595
vt 0.000200 0.219937
vt 0.906075 0.219937
vt 0.000200 0.219937
vt 0.906075 0.259595
vt 0.000200 0.259595
vt 0.905875 0.048121
vt 0.000000 0.062150
vt 0.000000 0.048121
vt 0.905875 0.048121
vt 0.000000 0.062150
vt 0.000000 0.048121
vt 0.905875 0.048121
vt 0.000000 0.062150
vt 0.000000 0.048121
vt 0.000000 0.048121
vt 0.905875 0.062150
vt 0.000000 0.062150
vt 0.905875 0.048121
vt 0.000000 0.062150
vt 0.000000 0.048121
vt 0.906387 0.321630
vt 0.000512 0.312903
vt 0.906387 0.312903
vt 0.906387 0.321630
vt 0.000512 0.312903
vt 0.906387 0.312903
vt 0.906387 0.321630
vt 0.000512 0.312903
vt 0.906387 0.312903
vt 0.906387 0.321630
vt 0.000512 0.312903
vt 0.906387 0.312903
vt 0.000512 0.321630
vt 0.906387 0.312903
vt 0.906387 0.321630
vt 0.000000 0.062150
vt 0.905875 0.093759
vt 0.000000 0.089593
vt 0.000000 0.062150
vt 0.905875 0.093759
vt 0.000000 0.089593
vt 0.000000 0.089593
vt 0.905875 0.066316
vt 0.905875 0.093759
vt 0.000000 0.062150
vt 0.905875 0.093759
vt 0.000000 0.089593
vt 0.000000 0.062150
vt 0.905875 0.093759
vt 0.000000 0.089593
vt 0.000000 0.062150
vt 0.905875 0.089593
vt 0.000000 0.089593
vt 0.000000 0.062150
vt 0.905875 0.089593
vt 0.000000 0.089593
vt 0.000000 0.062150
vt 0.905875 0.089593
vt 0.000000 0.089593
vt 0.000000 0.062150
vt 0.905875 0.089593
vt 0.000000 0.089593
vt 0.000000 0.062150
vt 0.905875 0.089593
vt 0.000000 0.089593
vt 0.906387 0.321630
vt 0.755408 0.312903
vt 0.906387 0.312903
vt 0.604429 0.321630
vt 0.755408 0.321630
vt 0.453449 0.321630
vt 0.604429 0.312903
vt 0.302470 0.321630
vt 0.453449 0.312903
vt 0.302470 0.312903
vt 0.906075 0.281378
vt 0.000200 0.297453
vt 0.000200 0.281378
vt 0.906075 0.281378
vt 0.000200 0.297453
vt 0.000200 0.281378
vt 0.906075 0.281378
vt 0.000200 0.297453
vt 0.000200 0.281378
vt 0.906075 0.281378
vt 0.000200 0.297453
vt 0.000200 0.281378
vt 0.906075 0.281378
vt 0.000200 0.297453
vt 0.000200 0.281378
vt 0.000000 0.012881
vt 0.905875 0.025761
vt 0.000000 0.025762
vt 0.000000 0.012881
vt 0.905875 0.025761
vt 0.000000 0.025762
vt 0.000000 0.012881
vt 0.905875 0.025761
vt 0.000000 0.025762
vt 0.000000 0.012881
vt 0.905875 0.025761
vt 0.000000 0.025762
vt 0.000000 0.012881
vt 0.905875 0.025761
vt 0.000000 0.025762
vt -0.000122 0.210448
vt 0.905753 0.156096
vt 0.905753 0.210448
vt -0.000122 0.210448
vt 0.905753 0.156096
vt 0.905753 0.210448
vt -0.000122 0.210448
vt 0.905753 0.156096
vt 0.905753 0.210448
vt -0.000122 0.210448
vt 0.905753 0.156096
vt 0.905753 0.210448
vt -0.000122 0.210448
vt 0.905753 0.156096
vt 0.905753 0.210448
vt 0.906075 0.312903
vt 0.000200 0.296828
vt 0.906075 0.296828
vt 0.906075 0.312903
vt 0.000200 0.296828
vt 0.906075 0.296828
vt 0.906075 0.312903
vt 0.000200 0.296828
vt 0.906075 0.296828
vt 0.906075 0.312903
vt 0.000200 0.296828
vt 0.906075 0.296828
vt 0.906075 0.312903
vt 0.000200 0.296828
vt 0.906075 0.296828
vt 0.000000 0.000000
vt 0.905875 0.012881
vt 0.000000 0.012881
vt 0.000000 0.000000
vt 0.905875 0.012881
vt 0.000000 0.012881
vt 0.000000 0.000000
vt 0.905875 0.012881
vt 0.000000 0.012881
vt 0.000000 0.012881
vt 0.905875 0.000000
vt 0.905875 0.012881
vt 0.000000 0.000000
vt 0.905875 0.012881
vt 0.000000 0.012881
vt 0.905875 0.048121
vt 0.000000 0.034093
vt 0.905875 0.034093
vt 0.905875 0.048121
vt 0.000000 0.034093
vt 0.905875 0.034093
vt 0.905875 0.034093
vt 0.000000 0.048121
vt 0.000000 0.034093
vt 0.905875 0.048121
vt 0.000000 0.034093
vt 0.905875 0.034093
vt 0.905875 0.048121
vt 0.000000 0.034093
vt 0.905875 0.034093
vt 0.000000 0.000000
vt 0.000512 0.312903
vt 0.905875 0.062150
vt 0.000512 0.312903
vt 0.905875 0.062150
vt 0.905875 0.062150
vt 0.905875 0.048121
vt 0.905875 0.062150
vt 0.000512 0.321630
vt 0.000512 0.321630
vt 0.000512 0.312903
vt 0.905875 0.066316
vt 0.905875 0.066316
vt 0.000000 0.062150
vt 0.905875 0.066316
vt 0.905875 0.062150
vt 0.905875 0.062150
vt 0.905875 0.062150
vt 0.906075 0.297453
vt 0.906075 0.297453
vt 0.906075 0.297453
vt 0.906075 0.297453
vt 0.905875 0.012880
vt 0.905875 0.012880
vt 0.905875 0.012880
vt 0.905875 0.012880
vt -0.000122 0.156096
vt -0.000122 0.156096
vt -0.000122 0.156096
vt -0.000122 0.156096
vt 0.000200 0.312903
vt 0.000200 0.312903
vt 0.000200 0.312903
vt 0.000200 0.312903
vt 0.905875 0.000000
vt 0.000000 0.000000
vt 0.905875 0.000000
vt 0.000000 0.048121
vt 0.000000 0.048121
vt 0.905875 0.048121
vt 0.000000 0.048121
vt 0.906075 0.259595
vt 0.000200 0.219937
vt 0.906075 0.259595
vt 0.000200 0.259595
vt 0.906075 0.219937
vt 0.000200 0.259595
vt 0.906075 0.219937
vt 0.906075 0.219937
vt 0.906075 0.219937
vt 0.905875 0.012880
vt 0.905875 0.012880
vt 0.905875 0.066316
vt 0.905875 0.066316
vt 0.000200 0.312903
vt 0.000200 0.312903
vt 0.000000 0.048121
vt 0.000000 0.048121
vt 0.905753 0.156096
vt -0.000122 0.156096
vt 0.905875 0.062150
vt 0.905875 0.062150
vt 0.906075 0.297453
vt 0.906075 0.297453
vt 0.905875 0.062150
vt 0.905875 0.062150
vt 0.905875 0.000000
vt 0.905875 0.000000
vt 0.000512 0.321630
vt 0.000512 0.321630
vt 0.988815 0.121247
vt 0.979984 0.108213
vt 0.948685 0.121247
vt 0.988815 0.108212
vt 0.979984 0.080442
vt 0.957516 0.080442
vt 0.957516 0.108213
vt 0.941250 0.066246
vt 0.941250 0.080442
vt 0.000200 0.219937
vt 0.906075 0.259595
vt 0.906075 0.219937
vt 0.000000 0.121202
vt 0.905875 0.093759
vt 0.000000 0.093759
vt 0.000000 0.025761
vt 0.905875 0.012881
vt 0.000000 0.012881
vt 0.000512 0.321630
vt 0.906387 0.330358
vt 0.906387 0.321630
vt 0.906075 0.296828
vt 0.000200 0.312903
vt 0.906075 0.312903
vt 0.000000 0.089593
vt 0.905875 0.062150
vt 0.000000 0.062150
vt 0.000000 0.012881
vt 0.905875 0.000000
vt 0.000000 0.000000
vt 0.000512 0.321630
vt 0.906387 0.312903
vt 0.000512 0.312903
vt 0.999050 0.183297
vt 0.939310 0.342604
vt 0.939310 0.183297
vt 0.999050 0.183297
vt 0.939310 0.342604
vt 0.939310 0.183297
vt 0.999050 0.342604
vt 0.939310 0.183297
vt 0.999050 0.183297
vt 0.999050 0.342604
vt 0.939310 0.183297
vt 0.999050 0.183297
vt 0.985655 0.132863
vt 0.939081 0.179437
vt 0.939081 0.132863
vt 0.939310 0.342604
vt 0.999050 0.183297
vt 0.939310 0.183297
vt 0.939310 0.342604
vt 0.999050 0.183297
vt 0.939310 0.183297
vt 0.939310 0.342604
vt 0.999050 0.183297
vt 0.939310 0.183297
vt 0.999050 0.342604
vt 0.939310 0.183297
vt 0.939310 0.342604
vt 0.979692 0.844034
vt -0.000781 0.781451
vt 0.979692 0.781451
vt 0.146184 0.656284
vt 0.000156 0.718868
vt 0.000156 0.656284
vt 0.998987 0.850355
vt 0.001647 0.998895
vt 0.001647 0.850355
vt 0.905875 0.048121
vt 0.000000 0.062150
vt 0.905875 0.062150
vt 0.000000 0.034093
vt 0.905875 0.048121
vt 0.905875 0.034093
vt -0.000122 0.210448
vt 0.905753 0.156096
vt -0.000122 0.156096
vt 0.906075 0.297453
vt 0.000200 0.281378
vt 0.000200 0.297453
vt 0.985655 0.179437
vt 0.939081 0.132863
vt 0.939081 0.179437
vt 0.980629 0.781451
vt 0.000156 0.718868
vt 0.980629 0.718868
vt 0.302823 0.718868
vt 0.156795 0.656284
vt 0.302823 0.656284
vt 0.999534 0.654611
vt -0.000466 0.505675
vt 0.999534 0.505675
vt 0.948685 0.108212
vt 0.000000 0.048121
vt 0.905875 0.062150
vt 0.905875 0.048121
vt 0.905875 0.034093
vt 0.000000 0.048121
vt 0.905875 0.048121
vt -0.000122 0.156096
vt 0.905753 0.210448
vt 0.905753 0.156096
vt 0.000000 0.121202
vt 0.905875 0.093759
vt 0.000000 0.093759
vt 0.000512 0.321630
vt 0.906387 0.330358
vt 0.906387 0.321630
vt 0.906075 0.296828
vt 0.000200 0.312903
vt 0.906075 0.312903
vt 0.000000 0.062150
vt 0.905875 0.089593
vt 0.905875 0.062150
vt 0.000000 0.012881
vt 0.905875 0.000000
vt 0.000000 0.000000
vt 0.000512 0.321630
vt 0.906387 0.312903
vt 0.000512 0.312903
vt 0.906075 0.281378
vt 0.000200 0.297453
vt 0.906075 0.297453
vt 0.999050 0.183297
vt 0.939310 0.342604
vt 0.939310 0.183297
vt 0.999050 0.183297
vt 0.939310 0.342604
vt 0.939310 0.183297
vt 0.999050 0.342604
vt 0.939310 0.183297
vt 0.999050 0.183297
vt 0.999050 0.342604
vt 0.939310 0.183297
vt 0.999050 0.183297
vt 0.985655 0.132863
vt 0.939081 0.179437
vt 0.939081 0.132863
vt 0.999050 0.342604
vt 0.939310 0.183297
vt 0.939310 0.342604
vt 0.939310 0.342604
vt 0.999050 0.183297
vt 0.939310 0.183297
vt 0.999050 0.342604
vt 0.939310 0.183297
vt 0.939310 0.342604
vt 0.939310 0.342604
vt 0.999050 0.183297
vt 0.939310 0.183297
vt 0.979692 0.844034
vt -0.000781 0.781451
vt 0.979692 0.781451
vt 0.146184 0.718868
vt 0.000156 0.656284
vt 0.146184 0.656284
vt 0.998987 0.998895
vt 0.001647 0.850355
vt 0.998987 0.850355
vt 0.000200 0.219937
vt 0.906075 0.259595
vt 0.906075 0.219937
vt 0.000000 0.025761
vt 0.905875 0.012881
vt 0.000000 0.012881
vt 0.985655 0.179437
vt 0.939081 0.132863
vt 0.939081 0.179437
vt 0.980629 0.718868
vt 0.000156 0.781451
vt 0.000156 0.718868
vt 0.302823 0.656284
vt 0.156795 0.718868
vt 0.156795 0.656284
vt 0.999534 0.654611
vt -0.000466 0.505675
vt 0.999534 0.505675
vt 0.905875 0.048121
vt 0.000000 0.062150
vt 0.905875 0.062150
vt 0.000000 0.034093
vt 0.905875 0.048121
vt 0.905875 0.034093
vt 0.906075 0.219937
vt 0.000200 0.259595
vt 0.906075 0.259595
vt -0.000122 0.210448
vt 0.905753 0.156096
vt -0.000122 0.156096
vt 0.000000 0.093759
vt 0.905875 0.121202
vt 0.905875 0.093759
vt 0.000000 0.012881
vt 0.905875 0.025761
vt 0.905875 0.012881
vt 0.000512 0.321630
vt 0.906387 0.330358
vt 0.906387 0.321630
vt 0.906075 0.312903
vt 0.000200 0.296828
vt 0.000200 0.312903
vt 0.000000 0.089593
vt 0.905875 0.062150
vt 0.000000 0.062150
vt 0.000000 0.012881
vt 0.905875 0.000000
vt 0.000000 0.000000
vt 0.000512 0.312903
vt 0.906387 0.321630
vt 0.906387 0.312903
vt 0.906075 0.281378
vt 0.000200 0.297453
vt 0.906075 0.297453
vt 0.999050 0.183297
vt 0.939310 0.342604
vt 0.939310 0.183297
vt 0.999050 0.342604
vt 0.939310 0.183297
vt 0.999050 0.183297
vt 0.999050 0.342604
vt 0.939310 0.183297
vt 0.999050 0.183297
vt 0.999050 0.342604
vt 0.939310 0.183297
vt 0.999050 0.183297
vt 0.985655 0.132863
vt 0.939081 0.179437
vt 0.939081 0.132863
vt 0.999050 0.342604
vt 0.939310 0.183297
vt 0.939310 0.342604
vt 0.999050 0.342604
vt 0.939310 0.183297
vt 0.939310 0.342604
vt 0.999050 0.342604
vt 0.939310 0.183297
vt 0.939310 0.342604
vt 0.999050 0.342604
vt 0.939310 0.183297
vt 0.939310 0.342604
vt 0.979692 0.844034
vt -0.000781 0.781451
vt 0.979692 0.781451
vt 0.146184 0.656284
vt 0.000156 0.718868
vt 0.000156 0.656284
vt 0.998987 0.998895
vt 0.001647 0.850355
vt 0.998987 0.850355
vt 0.939081 0.179437
vt 0.985655 0.132863
vt 0.939081 0.132863
vt 0.980629 0.781451
vt 0.000156 0.718868
vt 0.980629 0.718868
vt 0.302823 0.718868
vt 0.156795 0.656284
vt 0.302823 0.656284
vt 0.999534 0.654611
vt -0.000466 0.505675
vt 0.999534 0.505675
vt 0.980536 0.046423
vt 0.980536 0.017287
vt 0.956964 0.046423
vt 0.947698 0.046423
vt 0.947698 0.060098
vt 0.939898 0.017287
vt 0.956964 0.017287
vt 0.939898 0.002393
vt 0.997602 0.002393
vt 0.997602 0.017287
vt 0.999050 0.342604
vt 0.939310 0.183297
vt 0.999050 0.183297
vt 0.999050 0.342604
vt 0.939310 0.183297
vt 0.999050 0.183297
vt 0.999050 0.183297
vt 0.939310 0.342604
vt 0.939310 0.183297
vt 0.999050 0.342604
vt 0.939310 0.183297
vt 0.999050 0.183297
vt 0.985655 0.132863
vt 0.939081 0.179437
vt 0.939081 0.132863
vt 0.999050 0.342604
vt 0.939310 0.183297
vt 0.939310 0.342604
vt 0.999050 0.342604
vt 0.939310 0.183297
vt 0.939310 0.342604
vt 0.999050 0.342604
vt 0.939310 0.183297
vt 0.939310 0.342604
vt 0.999050 0.342604
vt 0.939310 0.183297
vt 0.939310 0.342604
vt 0.939081 0.179437
vt 0.985655 0.132863
vt 0.939081 0.132863
vt 0.979692 0.844034
vt -0.000781 0.781451
vt 0.979692 0.781451
vt 0.146184 0.718868
vt 0.000156 0.656284
vt 0.146184 0.656284
vt 0.980629 0.718868
vt 0.000156 0.781451
vt 0.000156 0.718868
vt 0.302823 0.656284
vt 0.156795 0.718868
vt 0.156795 0.656284
vt 0.999534 0.505675
vt -0.000466 0.654611
vt -0.000466 0.505675
vt 0.998987 0.998895
vt 0.001647 0.850355
vt 0.998987 0.850355
vt 0.999050 0.342604
vt 0.939310 0.183297
vt 0.999050 0.183297
vt 0.999050 0.342604
vt 0.939310 0.183297
vt 0.999050 0.183297
vt 0.999050 0.342604
vt 0.939310 0.183297
vt 0.999050 0.183297
vt 0.999050 0.342604
vt 0.939310 0.183297
vt 0.999050 0.183297
vt 0.985655 0.179437
vt 0.939081 0.132863
vt 0.985655 0.132863
vt 0.999050 0.342604
vt 0.939310 0.183297
vt 0.939310 0.342604
vt 0.999050 0.342604
vt 0.939310 0.183297
vt 0.939310 0.342604
vt 0.999050 0.342604
vt 0.939310 0.183297
vt 0.939310 0.342604
vt 0.939310 0.342604
vt 0.999050 0.183297
vt 0.939310 0.183297
vt 0.985655 0.179437
vt 0.939081 0.132863
vt 0.939081 0.179437
vt 0.979692 0.844034
vt -0.000781 0.781451
vt 0.979692 0.781451
vt 0.146184 0.718868
vt 0.000156 0.656284
vt 0.146184 0.656284
vt 0.980629 0.781451
vt 0.000156 0.718868
vt 0.980629 0.718868
vt 0.302823 0.718868
vt 0.156795 0.656284
vt 0.302823 0.656284
vt 0.999534 0.654611
vt -0.000466 0.505675
vt 0.999534 0.505675
vt 0.998987 0.850355
vt 0.001647 0.998895
vt 0.001647 0.850355
vt 0.000000 0.048121
vt 0.905875 0.062150
vt 0.905875 0.048121
vt 0.000000 0.034093
vt 0.905875 0.048121
vt 0.905875 0.034093
vt 0.000200 0.219937
vt 0.906075 0.259595
vt 0.906075 0.219937
vt -0.000122 0.156096
vt 0.905753 0.210448
vt 0.905753 0.156096
vt 0.000000 0.093759
vt 0.905875 0.121202
vt 0.905875 0.093759
vt 0.000000 0.012881
vt 0.905875 0.025761
vt 0.905875 0.012881
vt 0.000512 0.330358
vt 0.906387 0.321630
vt 0.000512 0.321630
vt 0.906075 0.296828
vt 0.000200 0.312903
vt 0.906075 0.312903
vt 0.000000 0.062150
vt 0.905875 0.089593
vt 0.905875 0.062150
vt 0.000000 0.012881
vt 0.905875 0.000000
vt 0.000000 0.000000
vt 0.000512 0.321630
vt 0.906387 0.312903
vt 0.000512 0.312903
vt 0.906075 0.281378
vt 0.000200 0.297453
vt 0.906075 0.297453
vt 0.999050 0.342604
vt 0.939310 0.183297
vt 0.999050 0.183297
vt 0.999050 0.342604
vt 0.939310 0.183297
vt 0.999050 0.183297
vt 0.999050 0.183297
vt 0.939310 0.342604
vt 0.939310 0.183297
vt 0.999050 0.342604
vt 0.939310 0.183297
vt 0.999050 0.183297
vt 0.985655 0.132863
vt 0.939081 0.179437
vt 0.939081 0.132863
vt 0.999050 0.342604
vt 0.939310 0.183297
vt 0.939310 0.342604
vt 0.999050 0.342604
vt 0.939310 0.183297
vt 0.939310 0.342604
vt 0.999050 0.342604
vt 0.939310 0.183297
vt 0.939310 0.342604
vt 0.999050 0.342604
vt 0.939310 0.183297
vt 0.939310 0.342604
vt 0.979692 0.844034
vt -0.000781 0.781451
vt 0.979692 0.781451
vt 0.146184 0.718868
vt 0.000156 0.656284
vt 0.146184 0.656284
vt 0.998987 0.998895
vt 0.001647 0.850355
vt 0.998987 0.850355
vt 0.939081 0.179437
vt 0.985655 0.132863
vt 0.939081 0.132863
vt 0.980629 0.781451
vt 0.000156 0.718868
vt 0.980629 0.718868
vt 0.302823 0.718868
vt 0.156795 0.656284
vt 0.302823 0.656284
vt 0.999534 0.505675
vt -0.000466 0.654611
vt -0.000466 0.505675
vt 0.000000 0.048121
vt 0.905875 0.062150
vt 0.000000 0.062150
vt 0.959024 0.014240
vt 0.943180 0.000413
vt 0.980908 0.014240
vt 0.996752 0.000413
vt 0.980908 0.041289
vt 0.989510 0.053985
vt 0.959024 0.041289
vt 0.950422 0.053985
vt 0.000000 0.034093
vt 0.905875 0.048121
vt 0.000000 0.048121
vt 0.000200 0.219937
vt 0.906075 0.259595
vt 0.000200 0.259595
vt -0.000122 0.210448
vt 0.905753 0.156096
vt 0.905753 0.210448
vt 0.000000 0.121202
vt 0.905875 0.093759
vt 0.905875 0.121202
vt 0.000000 0.025761
vt 0.905875 0.012881
vt 0.905875 0.025761
vt 0.000512 0.330358
vt 0.906387 0.321630
vt 0.906387 0.330358
vt 0.906075 0.296828
vt 0.000200 0.312903
vt 0.000200 0.296828
vt 0.000000 0.089593
vt 0.905875 0.062150
vt 0.905875 0.089593
vt 0.000000 0.012881
vt 0.905875 0.000000
vt 0.905875 0.012881
vt 0.000512 0.321630
vt 0.906387 0.312903
vt 0.906387 0.321630
vt 0.906075 0.281378
vt 0.000200 0.297453
vt 0.000200 0.281378
vt 0.000000 0.048121
vt 0.905875 0.062150
vt 0.905875 0.048121
vt 0.996752 0.000413
vt 0.980908 0.014240
vt 0.996752 0.014240
vt 0.959024 0.014240
vt 0.943180 0.000413
vt 0.943180 0.014240
vt 0.950422 0.053985
vt 0.959024 0.041289
vt 0.950422 0.041289
vt 0.989510 0.053985
vt 0.980908 0.041289
vt 0.905875 0.034093
vt 0.000000 0.048121
vt 0.905875 0.048121
vt 0.000200 0.219937
vt 0.906075 0.259595
vt 0.906075 0.219937
vt -0.000122 0.210448
vt 0.905753 0.156096
vt -0.000122 0.156096
vt 0.000000 0.121202
vt 0.905875 0.093759
vt 0.000000 0.093759
vt 0.000000 0.025761
vt 0.905875 0.012881
vt 0.000000 0.012881
vt 0.000512 0.330358
vt 0.906387 0.321630
vt 0.000512 0.321630
vt 0.906075 0.296828
vt 0.000200 0.312903
vt 0.906075 0.312903
vt 0.000000 0.089593
vt 0.905875 0.062150
vt 0.000000 0.062150
vt 0.000000 0.012881
vt 0.905875 0.000000
vt 0.000000 0.000000
vt 0.000512 0.321630
vt 0.906387 0.312903
vt 0.000512 0.312903
vt 0.906075 0.281378
vt 0.000200 0.297453
vt 0.906075 0.297453
vt 0.999050 0.342604
vt 0.939310 0.183297
vt 0.999050 0.183297
vt 0.999050 0.342604
vt 0.939310 0.183297
vt 0.999050 0.183297
vt 0.999050 0.342604
vt 0.939310 0.183297
vt 0.999050 0.183297
vt 0.999050 0.342604
vt 0.939310 0.183297
vt 0.999050 0.183297
vt 0.985655 0.179437
vt 0.939081 0.132863
vt 0.985655 0.132863
vt 0.999050 0.342604
vt 0.939310 0.183297
vt 0.939310 0.342604
vt 0.999050 0.342604
vt 0.939310 0.183297
vt 0.939310 0.342604
vt 0.999050 0.342604
vt 0.939310 0.183297
vt 0.939310 0.342604
vt 0.999050 0.342604
vt 0.939310 0.183297
vt 0.939310 0.342604
vt 0.985655 0.179437
vt 0.939081 0.132863
vt 0.939081 0.179437
vt 0.999050 0.342604
vt 0.939310 0.183297
vt 0.999050 0.183297
vt 0.999050 0.183297
vt 0.939310 0.342604
vt 0.939310 0.183297
vt 0.999050 0.342604
vt 0.939310 0.183297
vt 0.999050 0.183297
vt 0.999050 0.342604
vt 0.939310 0.183297
vt 0.999050 0.183297
vt 0.985655 0.179437
vt 0.939081 0.132863
vt 0.985655 0.132863
vt 0.999050 0.342604
vt 0.939310 0.183297
vt 0.939310 0.342604
vt 0.939310 0.342604
vt 0.999050 0.183297
vt 0.939310 0.183297
vt 0.999050 0.342604
vt 0.939310 0.183297
vt 0.939310 0.342604
vt 0.999050 0.342604
vt 0.939310 0.183297
vt 0.939310 0.342604
vt 0.985655 0.179437
vt 0.939081 0.132863
vt 0.939081 0.179437
vt 0.979692 0.844034
vt -0.000781 0.781451
vt 0.979692 0.781451
vt 0.146184 0.656284
vt 0.000156 0.718868
vt 0.000156 0.656284
vt 0.980629 0.781451
vt 0.000156 0.718868
vt 0.980629 0.718868
vt 0.302823 0.718868
vt 0.156795 0.656284
vt 0.302823 0.656284
vt 0.999534 0.654611
vt -0.000466 0.505675
vt 0.999534 0.505675
vt 0.979692 0.844034
vt -0.000781 0.781451
vt 0.979692 0.781451
vt 0.145247 0.656284
vt -0.000781 0.718868
vt -0.000781 0.656284
vt 0.979692 0.781451
vt -0.000781 0.718868
vt 0.979692 0.718868
vt 0.302823 0.718868
vt 0.156795 0.656284
vt 0.302823 0.656284
vt 1.000000 1.000000
vt 0.000000 0.851064
vt 1.000000 0.851064
vt 0.998987 0.998895
vt 0.001647 0.850355
vt 0.998987 0.850355
vt 0.998987 0.998049
vt 0.001647 0.849509
vt 0.998987 0.849509
vt 0.996250 0.066246
vt 0.996250 0.080442
vt 0.989802 0.060098
vt 0.989802 0.046423
vt 0.000200 0.259595
vt 0.905875 0.121202
vt 0.905875 0.025761
vt 0.000512 0.330358
vt 0.000200 0.296828
vt 0.905875 0.089593
vt 0.905875 0.012881
vt 0.906387 0.321630
vt 0.999050 0.342604
vt 0.999050 0.342604
vt 0.939310 0.342604
vt 0.939310 0.342604
vt 0.985655 0.179437
vt 0.999050 0.342604
vt 0.999050 0.342604
vt 0.999050 0.342604
vt 0.999050 0.183297
vt -0.000781 0.844034
vt 0.146184 0.718868
vt 0.998987 0.998895
vt 0.000000 0.048121
vt 0.000000 0.048121
vt 0.905753 0.210448
vt 0.906075 0.281378
vt 0.985655 0.132863
vt 0.000156 0.781451
vt 0.156795 0.718868
vt -0.000466 0.654611
vt 0.000000 0.062150
vt 0.000000 0.034093
vt -0.000122 0.210448
vt 0.905875 0.121202
vt 0.000512 0.330358
vt 0.000200 0.296828
vt 0.000000 0.089593
vt 0.905875 0.012881
vt 0.906387 0.321630
vt 0.000200 0.281378
vt 0.999050 0.342604
vt 0.999050 0.342604
vt 0.939310 0.342604
vt 0.939310 0.342604
vt 0.985655 0.179437
vt 0.999050 0.183297
vt 0.999050 0.342604
vt 0.999050 0.183297
vt 0.999050 0.342604
vt -0.000781 0.844034
vt 0.000156 0.718868
vt 0.001647 0.998895
vt 0.000200 0.259595
vt 0.905875 0.025761
vt 0.985655 0.132863
vt 0.980629 0.781451
vt 0.302823 0.718868
vt -0.000466 0.654611
vt 0.000000 0.048121
vt 0.000000 0.048121
vt 0.000200 0.219937
vt 0.905753 0.210448
vt 0.000000 0.121202
vt 0.000000 0.025761
vt 0.000512 0.330358
vt 0.906075 0.296828
vt 0.905875 0.089593
vt 0.905875 0.012881
vt 0.000512 0.321630
vt 0.000200 0.281378
vt 0.999050 0.342604
vt 0.939310 0.342604
vt 0.939310 0.342604
vt 0.939310 0.342604
vt 0.985655 0.179437
vt 0.999050 0.183297
vt 0.999050 0.183297
vt 0.999050 0.183297
vt 0.999050 0.183297
vt -0.000781 0.844034
vt 0.146184 0.718868
vt 0.001647 0.998895
vt 0.985655 0.179437
vt 0.000156 0.781451
vt 0.156795 0.718868
vt -0.000466 0.654611
vt 0.939310 0.342604
vt 0.939310 0.342604
vt 0.999050 0.342604
vt 0.939310 0.342604
vt 0.985655 0.179437
vt 0.999050 0.183297
vt 0.999050 0.183297
vt 0.999050 0.183297
vt 0.999050 0.183297
vt 0.985655 0.179437
vt -0.000781 0.844034
vt 0.000156 0.718868
vt 0.980629 0.781451
vt 0.302823 0.718868
vt 0.999534 0.654611
vt 0.001647 0.998895
vt 0.939310 0.342604
vt 0.939310 0.342604
vt 0.939310 0.342604
vt 0.939310 0.342604
vt 0.939081 0.179437
vt 0.999050 0.183297
vt 0.999050 0.183297
vt 0.999050 0.183297
vt 0.999050 0.342604
vt 0.985655 0.132863
vt -0.000781 0.844034
vt 0.000156 0.718868
vt 0.000156 0.781451
vt 0.156795 0.718868
vt -0.000466 0.654611
vt 0.998987 0.998895
vt 0.000000 0.062150
vt 0.000000 0.048121
vt 0.000200 0.259595
vt -0.000122 0.210448
vt 0.000000 0.121202
vt 0.000000 0.025761
vt 0.906387 0.330358
vt 0.000200 0.296828
vt 0.000000 0.089593
vt 0.905875 0.012881
vt 0.906387 0.321630
vt 0.000200 0.281378
vt 0.939310 0.342604
vt 0.939310 0.342604
vt 0.999050 0.342604
vt 0.939310 0.342604
vt 0.985655 0.179437
vt 0.999050 0.183297
vt 0.999050 0.183297
vt 0.999050 0.183297
vt 0.999050 0.183297
vt -0.000781 0.844034
vt 0.000156 0.718868
vt 0.001647 0.998895
vt 0.985655 0.179437
vt 0.000156 0.781451
vt 0.156795 0.718868
vt 0.999534 0.654611
vt 0.905875 0.048121
vt 0.943180 0.014240
vt 0.996752 0.014240
vt 0.989510 0.041289
vt 0.950422 0.041289
vt 0.905875 0.034093
vt 0.906075 0.219937
vt -0.000122 0.156096
vt 0.000000 0.093759
vt 0.000000 0.012881
vt 0.000512 0.321630
vt 0.906075 0.312903
vt 0.000000 0.062150
vt 0.000000 0.000000
vt 0.000512 0.312903
vt 0.906075 0.297453
vt 0.000000 0.062150
vt 0.989510 0.041289
vt 0.000000 0.034093
vt 0.000200 0.259595
vt 0.905753 0.210448
vt 0.905875 0.121202
vt 0.905875 0.025761
vt 0.906387 0.330358
vt 0.000200 0.296828
vt 0.905875 0.089593
vt 0.905875 0.012881
vt 0.906387 0.321630
vt 0.000200 0.281378
vt 0.939310 0.342604
vt 0.939310 0.342604
vt 0.939310 0.342604
vt 0.939310 0.342604
vt 0.939081 0.179437
vt 0.999050 0.183297
vt 0.999050 0.183297
vt 0.999050 0.183297
vt 0.999050 0.183297
vt 0.985655 0.132863
vt 0.939310 0.342604
vt 0.999050 0.342604
vt 0.939310 0.342604
vt 0.939310 0.342604
vt 0.939081 0.179437
vt 0.999050 0.183297
vt 0.999050 0.342604
vt 0.999050 0.183297
vt 0.999050 0.183297
vt 0.985655 0.132863
vt -0.000781 0.844034
vt 0.146184 0.718868
vt 0.000156 0.781451
vt 0.156795 0.718868
vt -0.000466 0.654611
vt -0.000781 0.844034
vt 0.145247 0.718868
vt -0.000781 0.781451
vt 0.156795 0.718868
vt 0.000000 1.000000
vt 0.001647 0.998895
vt 0.001647 0.998049
vt 0.679406 0.062150
vt 0.679406 0.048121
vt 0.226469 0.093759
vt 0.226469 0.121202
vt 0.226469 0.012881
vt 0.226469 0.025761
vt 0.939310 0.183297
vt 0.999050 0.183297
vt 0.999050 0.342604
vt 0.999050 0.183297
vt 0.999050 0.342604
vt 0.939310 0.342604
vt 0.939310 0.183297
vt 0.999050 0.183297
vt 0.999050 0.342604
vt 0.939310 0.183297
vt 0.999050 0.183297
vt 0.999050 0.342604
vt 0.939081 0.132863
vt 0.985655 0.132863
vt 0.985655 0.179437
vt 0.939310 0.183297
vt 0.999050 0.183297
vt 0.999050 0.342604
vt 0.999050 0.183297
vt 0.999050 0.342604
vt 0.939310 0.342604
vt 0.939310 0.183297
vt 0.999050 0.183297
vt 0.999050 0.342604
vt 0.939310 0.183297
vt 0.999050 0.183297
vt 0.999050 0.342604
vt 0.939081 0.132863
vt 0.985655 0.132863
vt 0.985655 0.179437
vt 0.939310 0.183297
vt 0.999050 0.183297
vt 0.999050 0.342604
vt 0.939310 0.183297
vt 0.999050 0.183297
vt 0.999050 0.342604
vt 0.939310 0.183297
vt 0.999050 0.183297
vt 0.999050 0.342604
vt 0.939310 0.183297
vt 0.999050 0.183297
vt 0.999050 0.342604
vt 0.939081 0.132863
vt 0.985655 0.132863
vt 0.985655 0.179437
vt -0.000781 0.781451
vt 0.979692 0.781451
vt 0.979692 0.844034
vt 0.146184 0.656284
vt 0.146184 0.718868
vt 0.000156 0.718868
vt 0.000156 0.718868
vt 0.980629 0.718868
vt 0.980629 0.781451
vt 0.156795 0.656284
vt 0.302823 0.656284
vt 0.302823 0.718868
vt -0.000466 0.505675
vt 0.999534 0.505675
vt 0.999534 0.654611
vt -0.000781 0.781451
vt 0.979692 0.781451
vt 0.979692 0.844034
vt 0.145247 0.656284
vt 0.145247 0.718868
vt -0.000781 0.718868
vt -0.000781 0.718868
vt 0.979692 0.718868
vt 0.979692 0.781451
vt 0.156795 0.656284
vt 0.302823 0.656284
vt 0.302823 0.718868
vt 1.000000 0.851064
vt 1.000000 1.000000
vt 0.000000 1.000000
vt -0.000781 0.781451
vt 0.979692 0.781451
vt 0.979692 0.844034
vt -0.000781 0.656284
vt 0.145247 0.656284
vt 0.145247 0.718868
vt -0.000781 0.718868
vt 0.979692 0.718868
vt 0.979692 0.781451
vt 0.302823 0.656284
vt 0.302823 0.718868
vt 0.156795 0.718868
vt -0.000103 0.349106
vt 0.999897 0.349106
vt 0.999897 0.498042
vt -0.000781 0.781451
vt 0.979692 0.781451
vt 0.979692 0.844034
vt 0.145247 0.656284
vt 0.145247 0.718868
vt -0.000781 0.718868
vt -0.000781 0.718868
vt 0.979692 0.718868
vt 0.979692 0.781451
vt 0.302823 0.656284
vt 0.302823 0.718868
vt 0.156795 0.718868
vt 0.000000 0.851064
vt 1.000000 0.851064
vt 1.000000 1.000000
vt 0.001647 0.850355
vt 0.998987 0.850355
vt 0.998987 0.998895
vt 0.998987 0.849509
vt 0.998987 0.998049
vt 0.001647 0.998049
vt 0.000000 0.352016
vt 0.997339 0.352016
vt 0.997339 0.500556
vt 0.001647 0.504118
vt 0.998987 0.504118
vt 0.998987 0.652658
vt 0.939310 0.183297
vt 0.999050 0.183297
vt 0.999050 0.342604
vt 0.999050 0.183297
vt 0.999050 0.342604
vt 0.939310 0.342604
vt 0.939310 0.183297
vt 0.999050 0.183297
vt 0.999050 0.342604
vt 0.939310 0.183297
vt 0.999050 0.183297
vt 0.999050 0.342604
vt 0.985655 0.132863
vt 0.985655 0.179437
vt 0.939081 0.179437
vt 0.939310 0.183297
vt 0.999050 0.183297
vt 0.999050 0.342604
vt 0.939310 0.183297
vt 0.999050 0.183297
vt 0.999050 0.342604
vt 0.939310 0.183297
vt 0.999050 0.183297
vt 0.999050 0.342604
vt 0.939310 0.183297
vt 0.999050 0.183297
vt 0.999050 0.342604
vt 0.939081 0.132863
vt 0.985655 0.132863
vt 0.985655 0.179437
vt 0.939310 0.183297
vt 0.999050 0.183297
vt 0.999050 0.342604
vt 0.939310 0.183297
vt 0.999050 0.183297
vt 0.999050 0.342604
vt 0.939310 0.183297
vt 0.999050 0.183297
vt 0.999050 0.342604
vt 0.939310 0.183297
vt 0.999050 0.183297
vt 0.999050 0.342604
vt 0.939081 0.132863
vt 0.985655 0.132863
vt 0.985655 0.179437
vt 0.939310 0.183297
vt 0.939310 0.342604
vt 0.999050 0.342604
vt 0.939310 0.183297
vt 0.939310 0.342604
vt 0.999050 0.342604
vt 0.939310 0.183297
vt 0.939310 0.342604
vt 0.999050 0.342604
vt 0.939310 0.183297
vt 0.939310 0.342604
vt 0.999050 0.342604
vt 0.939081 0.132863
vt 0.939081 0.179437
vt 0.985655 0.179437
vt 0.939310 0.183297
vt 0.999050 0.183297
vt 0.999050 0.342604
vt 0.939310 0.183297
vt 0.999050 0.183297
vt 0.999050 0.342604
vt 0.939310 0.183297
vt 0.999050 0.183297
vt 0.999050 0.342604
vt 0.939310 0.183297
vt 0.999050 0.183297
vt 0.999050 0.342604
vt 0.939081 0.132863
vt 0.985655 0.132863
vt 0.985655 0.179437
vt -0.000781 0.781451
vt 0.979692 0.781451
vt 0.979692 0.844034
vt 0.000156 0.656284
vt 0.146184 0.656284
vt 0.146184 0.718868
vt 0.000156 0.718868
vt 0.980629 0.718868
vt 0.980629 0.781451
vt 0.156795 0.656284
vt 0.302823 0.656284
vt 0.302823 0.718868
vt -0.000466 0.505675
vt 0.999534 0.505675
vt 0.999534 0.654611
vt -0.000781 0.781451
vt 0.979692 0.781451
vt 0.979692 0.844034
vt 0.145247 0.656284
vt 0.145247 0.718868
vt -0.000781 0.718868
vt -0.000781 0.718868
vt 0.979692 0.718868
vt 0.979692 0.781451
vt 0.156795 0.656284
vt 0.302823 0.656284
vt 0.302823 0.718868
vt 1.000000 0.851064
vt 1.000000 1.000000
vt 0.000000 1.000000
vt -0.000781 0.781451
vt 0.979692 0.781451
vt 0.979692 0.844034
vt 0.145247 0.656284
vt 0.145247 0.718868
vt -0.000781 0.718868
vt -0.000781 0.718868
vt 0.979692 0.718868
vt 0.979692 0.781451
vt 0.156795 0.656284
vt 0.302823 0.656284
vt 0.302823 0.718868
vt 0.999897 0.349106
vt 0.999897 0.498042
vt -0.000103 0.498042
vt -0.000781 0.781451
vt 0.979692 0.781451
vt 0.979692 0.844034
vt 0.145247 0.656284
vt 0.145247 0.718868
vt -0.000781 0.718868
vt -0.000781 0.718868
vt 0.979692 0.718868
vt 0.979692 0.781451
vt 0.156795 0.656284
vt 0.302823 0.656284
vt 0.302823 0.718868
vt 0.000000 0.851064
vt 1.000000 0.851064
vt 1.000000 1.000000
vt 0.001647 0.850355
vt 0.998987 0.850355
vt 0.998987 0.998895
vt 0.998987 0.849509
vt 0.998987 0.998049
vt 0.001647 0.998049
vt 0.000000 0.352016
vt 0.997339 0.352016
vt 0.997339 0.500556
vt 0.001647 0.504118
vt 0.998987 0.504118
vt 0.998987 0.652658
vt 0.939310 0.183297
vt 0.999050 0.183297
vt 0.999050 0.342604
vt 0.999050 0.183297
vt 0.999050 0.342604
vt 0.939310 0.342604
vt 0.939310 0.183297
vt 0.999050 0.183297
vt 0.999050 0.342604
vt 0.939310 0.183297
vt 0.999050 0.183297
vt 0.999050 0.342604
vt 0.985655 0.132863
vt 0.985655 0.179437
vt 0.939081 0.179437
vt 0.939310 0.183297
vt 0.939310 0.342604
vt 0.999050 0.342604
vt 0.939310 0.342604
vt 0.999050 0.342604
vt 0.999050 0.183297
vt 0.939310 0.183297
vt 0.939310 0.342604
vt 0.999050 0.342604
vt 0.939310 0.183297
vt 0.939310 0.342604
vt 0.999050 0.342604
vt 0.939081 0.179437
vt 0.985655 0.179437
vt 0.985655 0.132863
vt 0.939310 0.183297
vt 0.999050 0.183297
vt 0.999050 0.342604
vt 0.999050 0.183297
vt 0.999050 0.342604
vt 0.939310 0.342604
vt 0.939310 0.183297
vt 0.999050 0.183297
vt 0.999050 0.342604
vt 0.939310 0.183297
vt 0.999050 0.183297
vt 0.999050 0.342604
vt 0.939081 0.132863
vt 0.985655 0.132863
vt 0.985655 0.179437
vt 0.939310 0.183297
vt 0.939310 0.342604
vt 0.999050 0.342604
vt 0.939310 0.342604
vt 0.999050 0.342604
vt 0.999050 0.183297
vt 0.939310 0.183297
vt 0.939310 0.342604
vt 0.999050 0.342604
vt 0.939310 0.183297
vt 0.939310 0.342604
vt 0.999050 0.342604
vt 0.939081 0.132863
vt 0.939081 0.179437
vt 0.985655 0.179437
vt 0.939310 0.183297
vt 0.999050 0.183297
vt 0.999050 0.342604
vt 0.999050 0.183297
vt 0.999050 0.342604
vt 0.939310 0.342604
vt 0.939310 0.183297
vt 0.999050 0.183297
vt 0.999050 0.342604
vt 0.939310 0.183297
vt 0.999050 0.183297
vt 0.999050 0.342604
vt 0.939081 0.132863
vt 0.985655 0.132863
vt 0.985655 0.179437
vt 0.939310 0.183297
vt 0.939310 0.342604
vt 0.999050 0.342604
vt 0.939310 0.342604
vt 0.999050 0.342604
vt 0.999050 0.183297
vt 0.939310 0.183297
vt 0.939310 0.342604
vt 0.999050 0.342604
vt 0.939310 0.342604
vt 0.999050 0.342604
vt 0.999050 0.183297
vt 0.939081 0.132863
vt 0.939081 0.179437
vt 0.985655 0.179437
vt 0.939310 0.183297
vt 0.999050 0.183297
vt 0.999050 0.342604
vt 0.999050 0.183297
vt 0.999050 0.342604
vt 0.939310 0.342604
vt 0.939310 0.183297
vt 0.999050 0.183297
vt 0.999050 0.342604
vt 0.939310 0.183297
vt 0.999050 0.183297
vt 0.999050 0.342604
vt 0.939081 0.132863
vt 0.985655 0.132863
vt 0.985655 0.179437
vt 0.939310 0.183297
vt 0.939310 0.342604
vt 0.999050 0.342604
vt 0.939310 0.183297
vt 0.939310 0.342604
vt 0.999050 0.342604
vt 0.939310 0.183297
vt 0.939310 0.342604
vt 0.999050 0.342604
vt 0.939310 0.183297
vt 0.939310 0.342604
vt 0.999050 0.342604
vt 0.939081 0.132863
vt 0.939081 0.179437
vt 0.985655 0.179437
vt -0.000781 0.781451
vt 0.979692 0.781451
vt 0.979692 0.844034
vt 0.146184 0.656284
vt 0.146184 0.718868
vt 0.000156 0.718868
vt 0.000156 0.718868
vt 0.980629 0.718868
vt 0.980629 0.781451
vt 0.156795 0.656284
vt 0.302823 0.656284
vt 0.302823 0.718868
vt -0.000466 0.505675
vt 0.999534 0.505675
vt 0.999534 0.654611
vt -0.000781 0.781451
vt 0.979692 0.781451
vt 0.979692 0.844034
vt 0.145247 0.656284
vt 0.145247 0.718868
vt -0.000781 0.718868
vt -0.000781 0.718868
vt 0.979692 0.718868
vt 0.979692 0.781451
vt 0.156795 0.656284
vt 0.302823 0.656284
vt 0.302823 0.718868
vt 0.000000 0.851064
vt 1.000000 0.851064
vt 1.000000 1.000000
vt -0.000781 0.781451
vt 0.979692 0.781451
vt 0.979692 0.844034
vt 0.145247 0.656284
vt 0.145247 0.718868
vt -0.000781 0.718868
vt -0.000781 0.718868
vt 0.979692 0.718868
vt 0.979692 0.781451
vt 0.156795 0.656284
vt 0.302823 0.656284
vt 0.302823 0.718868
vt 0.999897 0.349106
vt 0.999897 0.498042
vt -0.000103 0.498042
vt -0.000781 0.781451
vt 0.979692 0.781451
vt 0.979692 0.844034
vt 0.145247 0.656284
vt 0.145247 0.718868
vt -0.000781 0.718868
vt -0.000781 0.718868
vt 0.979692 0.718868
vt 0.979692 0.781451
vt 0.156795 0.656284
vt 0.302823 0.656284
vt 0.302823 0.718868
vt 1.000000 0.851064
vt 1.000000 1.000000
vt 0.000000 1.000000
vt 0.001647 0.850355
vt 0.998987 0.850355
vt 0.998987 0.998895
vt 0.998987 0.849509
vt 0.998987 0.998049
vt 0.001647 0.998049
vt 0.997339 0.352016
vt 0.997339 0.500556
vt 0.000000 0.500556
vt 0.001647 0.504118
vt 0.998987 0.504118
vt 0.998987 0.652658
vt 0.679406 0.048121
vt 0.679406 0.034093
vt 0.679606 0.259595
vt 0.679606 0.219937
vt 0.226347 0.210448
vt 0.226981 0.330358
vt 0.679606 0.312903
vt 0.679606 0.296828
vt 0.226469 0.089593
vt 0.226469 0.000000
vt 0.226469 0.012881
vt 0.226981 0.321630
vt 0.679606 0.297453
vt 0.679606 0.281378
vt 0.939310 0.183297
vt 0.999050 0.183297
vt 0.999050 0.342604
vt 0.939310 0.183297
vt 0.999050 0.183297
vt 0.999050 0.342604
vt 0.939310 0.183297
vt 0.999050 0.183297
vt 0.999050 0.342604
vt 0.939310 0.183297
vt 0.999050 0.183297
vt 0.999050 0.342604
vt 0.985655 0.132863
vt 0.985655 0.179437
vt 0.939081 0.179437
vt 0.939310 0.183297
vt 0.939310 0.342604
vt 0.999050 0.342604
vt 0.939310 0.342604
vt 0.999050 0.342604
vt 0.999050 0.183297
vt 0.939310 0.183297
vt 0.939310 0.342604
vt 0.999050 0.342604
vt 0.939310 0.183297
vt 0.939310 0.342604
vt 0.999050 0.342604
vt 0.939081 0.132863
vt 0.939081 0.179437
vt 0.985655 0.179437
vt 0.679406 0.025761
vt 0.679406 0.012881
vt 0.679406 0.121202
vt 0.226469 0.062150
vt 0.905875 0.048121
vt 0.679406 0.048121
vt 0.679406 0.034093
vt 0.679606 0.259595
vt 0.679606 0.219937
vt 0.906075 0.219937
vt 0.226347 0.156096
vt 0.226347 0.210448
vt -0.000122 0.210448
vt 0.226981 0.321630
vt 0.226981 0.330358
vt 0.000512 0.330358
vt 0.679606 0.312903
vt 0.679606 0.296828
vt 0.906075 0.296828
vt 0.226469 0.062150
vt 0.226469 0.089593
vt 0.000000 0.089593
vt 0.226469 0.000000
vt 0.226469 0.012881
vt 0.000000 0.012881
vt 0.226981 0.312903
vt 0.226981 0.321630
vt 0.000512 0.321630
vt 0.679606 0.281378
vt 0.906075 0.281378
vt 0.906075 0.297453
vt 0.905875 0.025761
vt 0.679406 0.025761
vt 0.679406 0.012881
vt 0.905875 0.093759
vt 0.905875 0.121202
vt 0.679406 0.121202
vt 0.226469 0.062150
vt 0.000000 0.062150
vt 0.000000 0.048121
vt 0.905875 0.048121
vt 0.679406 0.048121
vt 0.679406 0.034093
vt 0.679606 0.259595
vt 0.679606 0.219937
vt 0.906075 0.219937
vt 0.226347 0.156096
vt 0.226347 0.210448
vt -0.000122 0.210448
vt 0.226981 0.321630
vt 0.226981 0.330358
vt 0.000512 0.330358
vt 0.679606 0.312903
vt 0.679606 0.296828
vt 0.906075 0.296828
vt 0.226469 0.062150
vt 0.226469 0.089593
vt 0.000000 0.089593
vt 0.226469 0.000000
vt 0.226469 0.012881
vt 0.000000 0.012881
vt 0.226981 0.312903
vt 0.226981 0.321630
vt 0.000512 0.321630
vt 0.679606 0.281378
vt 0.906075 0.281378
vt 0.906075 0.297453
vt 0.939310 0.183297
vt 0.939310 0.342604
vt 0.999050 0.342604
vt 0.939310 0.183297
vt 0.939310 0.342604
vt 0.999050 0.342604
vt 0.939310 0.183297
vt 0.939310 0.342604
vt 0.999050 0.342604
vt 0.939310 0.183297
vt 0.939310 0.342604
vt 0.999050 0.342604
vt 0.939081 0.179437
vt 0.985655 0.179437
vt 0.985655 0.132863
vt -0.000781 0.781451
vt 0.979692 0.781451
vt 0.979692 0.844034
vt 0.145247 0.656284
vt 0.145247 0.718868
vt -0.000781 0.718868
vt -0.000781 0.718868
vt 0.979692 0.718868
vt 0.979692 0.781451
vt 0.156795 0.656284
vt 0.302823 0.656284
vt 0.302823 0.718868
vt 1.000000 0.851064
vt 1.000000 1.000000
vt 0.000000 1.000000
vt 0.001647 0.504118
vt 0.998987 0.504118
vt 0.998987 0.652658
vt 0.905875 0.025761
vt 0.679406 0.025761
vt 0.679406 0.012881
vt 0.905875 0.093759
vt 0.905875 0.121202
vt 0.679406 0.121202
vt 0.226469 0.062150
vt 0.000000 0.062150
vt 0.000000 0.048121
vt 0.905875 0.048121
vt 0.679406 0.048121
vt 0.679406 0.034093
vt 0.679606 0.259595
vt 0.679606 0.219937
vt 0.906075 0.219937
vt 0.226347 0.156096
vt 0.226347 0.210448
vt -0.000122 0.210448
vt 0.226981 0.321630
vt 0.226981 0.330358
vt 0.000512 0.330358
vt 0.679606 0.312903
vt 0.679606 0.296828
vt 0.906075 0.296828
vt 0.226469 0.062150
vt 0.226469 0.089593
vt 0.000000 0.089593
vt 0.226469 0.012881
vt 0.000000 0.012881
vt 0.000000 0.000000
vt 0.226981 0.312903
vt 0.226981 0.321630
vt 0.000512 0.321630
vt 0.679606 0.281378
vt 0.906075 0.281378
vt 0.906075 0.297453
vt 0.939310 0.183297
vt 0.939310 0.342604
vt 0.999050 0.342604
vt 0.939310 0.183297
vt 0.939310 0.342604
vt 0.999050 0.342604
vt 0.939310 0.183297
vt 0.939310 0.342604
vt 0.999050 0.342604
vt 0.939310 0.183297
vt 0.939310 0.342604
vt 0.999050 0.342604
vt 0.939081 0.179437
vt 0.985655 0.179437
vt 0.985655 0.132863
vt -0.000781 0.781451
vt 0.979692 0.781451
vt 0.979692 0.844034
vt 0.145247 0.656284
vt 0.145247 0.718868
vt -0.000781 0.718868
vt -0.000781 0.718868
vt 0.979692 0.718868
vt 0.979692 0.781451
vt 0.302823 0.656284
vt 0.302823 0.718868
vt 0.156795 0.718868
vt 1.000000 0.851064
vt 1.000000 1.000000
vt 0.000000 1.000000
vt 0.001647 0.504118
vt 0.998987 0.504118
vt 0.998987 0.652658
vt 0.905875 0.025761
vt 0.679406 0.025761
vt 0.679406 0.012881
vt 0.905875 0.093759
vt 0.905875 0.121202
vt 0.679406 0.121202
vt 0.226469 0.062150
vt 0.000000 0.062150
vt 0.000000 0.048121
vt 0.905875 0.048121
vt 0.679406 0.048121
vt 0.679406 0.034093
vt 0.679606 0.259595
vt 0.679606 0.219937
vt 0.906075 0.219937
vt 0.226347 0.156096
vt 0.226347 0.210448
vt -0.000122 0.210448
vt 0.226981 0.321630
vt 0.226981 0.330358
vt 0.000512 0.330358
vt 0.679606 0.312903
vt 0.679606 0.296828
vt 0.906075 0.296828
vt 0.226469 0.062150
vt 0.226469 0.089593
vt 0.000000 0.089593
vt 0.226469 0.000000
vt 0.226469 0.012881
vt 0.000000 0.012881
vt 0.226981 0.312903
vt 0.226981 0.321630
vt 0.000512 0.321630
vt 0.679606 0.281378
vt 0.906075 0.281378
vt 0.906075 0.297453
vt 0.939310 0.342604
vt 0.999050 0.342604
vt 0.999050 0.183297
vt 0.939310 0.342604
vt 0.999050 0.342604
vt 0.999050 0.183297
vt 0.939310 0.183297
vt 0.939310 0.342604
vt 0.999050 0.342604
vt 0.939310 0.183297
vt 0.939310 0.342604
vt 0.999050 0.342604
vt 0.939081 0.132863
vt 0.939081 0.179437
vt 0.985655 0.179437
vt -0.000781 0.781451
vt 0.979692 0.781451
vt 0.979692 0.844034
vt -0.000781 0.656284
vt 0.145247 0.656284
vt 0.145247 0.718868
vt -0.000781 0.718868
vt 0.979692 0.718868
vt 0.979692 0.781451
vt 0.156795 0.656284
vt 0.302823 0.656284
vt 0.302823 0.718868
vt 0.000000 0.851064
vt 1.000000 0.851064
vt 1.000000 1.000000
vt 0.998987 0.504118
vt 0.998987 0.652658
vt 0.001647 0.652658
vt 0.905875 0.025761
vt 0.679406 0.025761
vt 0.679406 0.012881
vt 0.905875 0.121202
vt 0.679406 0.121202
vt 0.679406 0.093759
vt 0.226469 0.062150
vt 0.000000 0.062150
vt 0.000000 0.048121
vt 0.905875 0.048121
vt 0.679406 0.048121
vt 0.679406 0.034093
vt 0.679606 0.259595
vt 0.679606 0.219937
vt 0.906075 0.219937
vt 0.226347 0.156096
vt 0.226347 0.210448
vt -0.000122 0.210448
vt 0.226981 0.321630
vt 0.226981 0.330358
vt 0.000512 0.330358
vt 0.679606 0.312903
vt 0.679606 0.296828
vt 0.906075 0.296828
vt 0.226469 0.062150
vt 0.226469 0.089593
vt 0.000000 0.089593
vt 0.226469 0.000000
vt 0.226469 0.012881
vt 0.000000 0.012881
vt 0.226981 0.312903
vt 0.226981 0.321630
vt 0.000512 0.321630
vt 0.679606 0.281378
vt 0.906075 0.281378
vt 0.906075 0.297453
vt 0.939310 0.183297
vt 0.939310 0.342604
vt 0.999050 0.342604
vt 0.939310 0.183297
vt 0.939310 0.342604
vt 0.999050 0.342604
vt 0.939310 0.183297
vt 0.939310 0.342604
vt 0.999050 0.342604
vt 0.939310 0.183297
vt 0.939310 0.342604
vt 0.999050 0.342604
vt 0.939081 0.132863
vt 0.939081 0.179437
vt 0.985655 0.179437
vt -0.000781 0.781451
vt 0.979692 0.781451
vt 0.979692 0.844034
vt -0.000781 0.656284
vt 0.145247 0.656284
vt 0.145247 0.718868
vt -0.000781 0.718868
vt 0.979692 0.718868
vt 0.979692 0.781451
vt 0.156795 0.656284
vt 0.302823 0.656284
vt 0.302823 0.718868
vt 0.000000 0.851064
vt 1.000000 0.851064
vt 1.000000 1.000000
vt 0.998987 0.504118
vt 0.998987 0.652658
vt 0.001647 0.652658
vt 0.905875 0.025761
vt 0.679406 0.025761
vt 0.679406 0.012881
vt 0.905875 0.121202
vt 0.679406 0.121202
vt 0.679406 0.093759
vt 0.226469 0.062150
vt 0.000000 0.062150
vt 0.000000 0.048121
vt 0.905875 0.048121
vt 0.679406 0.048121
vt 0.679406 0.034093
vt 0.679606 0.259595
vt 0.679606 0.219937
vt 0.906075 0.219937
vt 0.226347 0.156096
vt 0.226347 0.210448
vt -0.000122 0.210448
vt 0.226981 0.321630
vt 0.226981 0.330358
vt 0.000512 0.330358
vt 0.679606 0.312903
vt 0.679606 0.296828
vt 0.906075 0.296828
vt 0.226469 0.062150
vt 0.226469 0.089593
vt 0.000000 0.089593
vt 0.226469 0.000000
vt 0.226469 0.012881
vt 0.000000 0.012881
vt 0.226981 0.312903
vt 0.226981 0.321630
vt 0.000512 0.321630
vt 0.679606 0.281378
vt 0.906075 0.281378
vt 0.906075 0.297453
vt 0.999050 0.183297
vt 0.999050 0.342604
vt 0.939310 0.342604
vt 0.939310 0.183297
vt 0.999050 0.183297
vt 0.999050 0.342604
vt 0.939310 0.183297
vt 0.999050 0.183297
vt 0.999050 0.342604
vt 0.939310 0.183297
vt 0.999050 0.183297
vt 0.999050 0.342604
vt 0.939081 0.132863
vt 0.985655 0.132863
vt 0.985655 0.179437
vt 0.939310 0.183297
vt 0.939310 0.342604
vt 0.999050 0.342604
vt 0.939310 0.183297
vt 0.939310 0.342604
vt 0.999050 0.342604
vt 0.939310 0.183297
vt 0.939310 0.342604
vt 0.999050 0.342604
vt 0.939310 0.183297
vt 0.939310 0.342604
vt 0.999050 0.342604
vt 0.939081 0.179437
vt 0.985655 0.179437
vt 0.985655 0.132863
vt -0.000781 0.781451
vt 0.979692 0.781451
vt 0.979692 0.844034
vt 0.145247 0.656284
vt 0.145247 0.718868
vt -0.000781 0.718868
vt -0.000781 0.718868
vt 0.979692 0.718868
vt 0.979692 0.781451
vt 0.156795 0.656284
vt 0.302823 0.656284
vt 0.302823 0.718868
vt 1.000000 0.851064
vt 1.000000 1.000000
vt 0.000000 1.000000
vt 0.001647 0.504118
vt 0.998987 0.504118
vt 0.998987 0.652658
vt 0.905875 0.025761
vt 0.679406 0.025761
vt 0.679406 0.012881
vt 0.905875 0.093759
vt 0.905875 0.121202
vt 0.679406 0.121202
vt 0.226469 0.062150
vt 0.000000 0.062150
vt 0.000000 0.048121
vt 0.905875 0.048121
vt 0.679406 0.048121
vt 0.679406 0.034093
vt 0.679606 0.259595
vt 0.679606 0.219937
vt 0.906075 0.219937
vt 0.226347 0.156096
vt 0.226347 0.210448
vt -0.000122 0.210448
vt 0.226981 0.321630
vt 0.226981 0.330358
vt 0.000512 0.330358
vt 0.679606 0.312903
vt 0.679606 0.296828
vt 0.906075 0.296828
vt 0.226469 0.062150
vt 0.226469 0.089593
vt 0.000000 0.089593
vt 0.226469 0.000000
vt 0.226469 0.012881
vt 0.000000 0.012881
vt 0.226981 0.312903
vt 0.226981 0.321630
vt 0.000512 0.321630
vt 0.679606 0.281378
vt 0.906075 0.281378
vt 0.906075 0.297453
vt 0.939310 0.183297
vt 0.999050 0.183297
vt 0.999050 0.342604
vt 0.999050 0.183297
vt 0.999050 0.342604
vt 0.939310 0.342604
vt 0.939310 0.183297
vt 0.999050 0.183297
vt 0.999050 0.342604
vt 0.939310 0.183297
vt 0.999050 0.183297
vt 0.999050 0.342604
vt 0.939081 0.132863
vt 0.985655 0.132863
vt 0.985655 0.179437
vt 0.939310 0.183297
vt 0.939310 0.342604
vt 0.999050 0.342604
vt 0.939310 0.183297
vt 0.939310 0.342604
vt 0.999050 0.342604
vt 0.939310 0.183297
vt 0.939310 0.342604
vt 0.999050 0.342604
vt 0.939310 0.183297
vt 0.939310 0.342604
vt 0.999050 0.342604
vt 0.939081 0.179437
vt 0.985655 0.179437
vt 0.985655 0.132863
vt -0.000781 0.781451
vt 0.979692 0.781451
vt 0.979692 0.844034
vt 0.145247 0.656284
vt 0.145247 0.718868
vt -0.000781 0.718868
vt -0.000781 0.718868
vt 0.979692 0.718868
vt 0.979692 0.781451
vt 0.156795 0.656284
vt 0.302823 0.656284
vt 0.302823 0.718868
vt 1.000000 0.851064
vt 1.000000 1.000000
vt 0.000000 1.000000
vt 0.001647 0.504118
vt 0.998987 0.504118
vt 0.998987 0.652658
vt 0.905875 0.025761
vt 0.679406 0.025761
vt 0.679406 0.012881
vt 0.905875 0.121202
vt 0.679406 0.121202
vt 0.679406 0.093759
vt 0.226469 0.062150
vt 0.000000 0.062150
vt 0.000000 0.048121
vt 0.905875 0.048121
vt 0.679406 0.048121
vt 0.679406 0.034093
vt 0.679606 0.259595
vt 0.679606 0.219937
vt 0.906075 0.219937
vt 0.226347 0.156096
vt 0.226347 0.210448
vt -0.000122 0.210448
vt 0.226981 0.321630
vt 0.226981 0.330358
vt 0.000512 0.330358
vt 0.679606 0.312903
vt 0.679606 0.296828
vt 0.906075 0.296828
vt 0.226469 0.062150
vt 0.226469 0.089593
vt 0.000000 0.089593
vt 0.226469 0.000000
vt 0.226469 0.012881
vt 0.000000 0.012881
vt 0.226981 0.312903
vt 0.226981 0.321630
vt 0.000512 0.321630
vt 0.679606 0.281378
vt 0.906075 0.281378
vt 0.906075 0.297453
vt 0.940937 0.003435
vt 0.940937 0.017793
vt 0.957388 0.017793
vt 0.980112 0.017793
vt 0.996563 0.017793
vt 0.996563 0.003435
vt 0.980112 0.045880
vt 0.948456 0.059062
vt 0.989043 0.059062
vt 0.957388 0.045880
vt 0.939310 0.183297
vt 0.939310 0.342604
vt 0.999050 0.342604
vt 0.939310 0.342604
vt 0.999050 0.342604
vt 0.999050 0.183297
vt 0.939310 0.342604
vt 0.999050 0.342604
vt 0.999050 0.183297
vt 0.939310 0.183297
vt 0.939310 0.342604
vt 0.999050 0.342604
vt 0.939081 0.132863
vt 0.939081 0.179437
vt 0.985655 0.179437
vt -0.000781 0.781451
vt 0.979692 0.781451
vt 0.979692 0.844034
vt -0.000781 0.656284
vt 0.145247 0.656284
vt 0.145247 0.718868
vt -0.000781 0.718868
vt 0.979692 0.718868
vt 0.979692 0.781451
vt 0.156795 0.656284
vt 0.302823 0.656284
vt 0.302823 0.718868
vt 1.000000 0.851064
vt 1.000000 1.000000
vt 0.000000 1.000000
vt 0.001647 0.504118
vt 0.998987 0.504118
vt 0.998987 0.652658
vt 0.905875 0.025761
vt 0.679406 0.025761
vt 0.679406 0.012881
vt 0.905875 0.093759
vt 0.905875 0.121202
vt 0.679406 0.121202
vt 0.226469 0.062150
vt 0.000000 0.062150
vt 0.000000 0.048121
vt 0.905875 0.048121
vt 0.679406 0.048121
vt 0.679406 0.034093
vt 0.679606 0.259595
vt 0.679606 0.219937
vt 0.906075 0.219937
vt 0.226347 0.156096
vt 0.226347 0.210448
vt -0.000122 0.210448
vt 0.226981 0.321630
vt 0.226981 0.330358
vt 0.000512 0.330358
vt 0.679606 0.312903
vt 0.679606 0.296828
vt 0.906075 0.296828
vt 0.226469 0.062150
vt 0.226469 0.089593
vt 0.000000 0.089593
vt 0.226469 0.000000
vt 0.226469 0.012881
vt 0.000000 0.012881
vt 0.226981 0.312903
vt 0.226981 0.321630
vt 0.000512 0.321630
vt 0.679606 0.281378
vt 0.906075 0.281378
vt 0.906075 0.297453
vt 0.226469 0.062150
vt 0.226469 0.048121
vt 0.000000 0.048121
vt 0.679406 0.093759
vt 0.679406 0.121202
vt 0.905875 0.121202
vt 0.905875 0.012881
vt 0.679406 0.012881
vt 0.679406 0.025761
vt 0.939310 0.183297
vt 0.999050 0.183297
vt 0.999050 0.342604
vt 0.999050 0.183297
vt 0.999050 0.342604
vt 0.939310 0.342604
vt 0.939310 0.183297
vt 0.999050 0.183297
vt 0.999050 0.342604
vt 0.999050 0.183297
vt 0.999050 0.342604
vt 0.939310 0.342604
vt 0.939081 0.132863
vt 0.985655 0.132863
vt 0.985655 0.179437
vt 0.939310 0.183297
vt 0.939310 0.342604
vt 0.999050 0.342604
vt 0.939310 0.342604
vt 0.999050 0.342604
vt 0.999050 0.183297
vt 0.939310 0.183297
vt 0.939310 0.342604
vt 0.999050 0.342604
vt 0.939310 0.183297
vt 0.939310 0.342604
vt 0.999050 0.342604
vt 0.939081 0.179437
vt 0.985655 0.179437
vt 0.985655 0.132863
vt -0.000781 0.781451
vt 0.979692 0.781451
vt 0.979692 0.844034
vt 0.145247 0.656284
vt 0.145247 0.718868
vt -0.000781 0.718868
vt -0.000781 0.718868
vt 0.979692 0.718868
vt 0.979692 0.781451
vt 0.302823 0.656284
vt 0.302823 0.718868
vt 0.156795 0.718868
vt 0.000000 0.851064
vt 1.000000 0.851064
vt 1.000000 1.000000
vt 0.998987 0.504118
vt 0.998987 0.652658
vt 0.001647 0.652658
vt 0.906075 0.297453
vt 0.906075 0.281378
vt 0.679606 0.281378
vt 0.000512 0.312903
vt 0.000512 0.321630
vt 0.226981 0.321630
vt 0.226469 0.000000
vt 0.000000 0.000000
vt 0.000000 0.012881
vt 0.226469 0.062150
vt 0.000000 0.062150
vt 0.000000 0.089593
vt 0.679606 0.312903
vt 0.906075 0.312903
vt 0.906075 0.296828
vt 0.000512 0.321630
vt 0.000512 0.330358
vt 0.226981 0.330358
vt 0.226347 0.156096
vt -0.000122 0.156096
vt -0.000122 0.210448
vt 0.906075 0.219937
vt 0.679606 0.219937
vt 0.679606 0.259595
vt 0.905875 0.048121
vt 0.905875 0.034093
vt 0.679406 0.034093
vt 0.905875 0.025761
vt 0.679406 0.025761
vt 0.679406 0.012881
vt 0.905875 0.121202
vt 0.679406 0.121202
vt 0.679406 0.093759
vt 0.226469 0.062150
vt 0.000000 0.062150
vt 0.000000 0.048121
vt 0.905875 0.048121
vt 0.679406 0.048121
vt 0.679406 0.034093
vt 0.679606 0.259595
vt 0.679606 0.219937
vt 0.906075 0.219937
vt 0.226347 0.156096
vt 0.226347 0.210448
vt -0.000122 0.210448
vt 0.226981 0.321630
vt 0.226981 0.330358
vt 0.000512 0.330358
vt 0.679606 0.312903
vt 0.679606 0.296828
vt 0.906075 0.296828
vt 0.226469 0.062150
vt 0.226469 0.089593
vt 0.000000 0.089593
vt 0.226469 0.012881
vt 0.000000 0.012881
vt 0.000000 0.000000
vt 0.226981 0.312903
vt 0.226981 0.321630
vt 0.000512 0.321630
vt 0.679606 0.281378
vt 0.906075 0.281378
vt 0.906075 0.297453
vt 0.226469 0.062150
vt 0.226469 0.048121
vt 0.000000 0.048121
vt 0.679406 0.093759
vt 0.679406 0.121202
vt 0.905875 0.121202
vt 0.905875 0.012881
vt 0.679406 0.012881
vt 0.679406 0.025761
vt 0.939310 0.183297
vt 0.999050 0.183297
vt 0.999050 0.342604
vt 0.939310 0.183297
vt 0.999050 0.183297
vt 0.999050 0.342604
vt 0.939310 0.183297
vt 0.999050 0.183297
vt 0.999050 0.342604
vt 0.939310 0.183297
vt 0.999050 0.183297
vt 0.999050 0.342604
vt 0.985655 0.132863
vt 0.985655 0.179437
vt 0.939081 0.179437
vt 0.939310 0.183297
vt 0.939310 0.342604
vt 0.999050 0.342604
vt 0.939310 0.183297
vt 0.939310 0.342604
vt 0.999050 0.342604
vt 0.939310 0.183297
vt 0.939310 0.342604
vt 0.999050 0.342604
vt 0.939310 0.183297
vt 0.939310 0.342604
vt 0.999050 0.342604
vt 0.939081 0.132863
vt 0.939081 0.179437
vt 0.985655 0.179437
vt -0.000781 0.781451
vt 0.979692 0.781451
vt 0.979692 0.844034
vt -0.000781 0.656284
vt 0.145247 0.656284
vt 0.145247 0.718868
vt -0.000781 0.718868
vt 0.979692 0.718868
vt 0.979692 0.781451
vt 0.156795 0.656284
vt 0.302823 0.656284
vt 0.302823 0.718868
vt 1.000000 0.851064
vt 1.000000 1.000000
vt 0.000000 1.000000
vt 0.001647 0.504118
vt 0.998987 0.504118
vt 0.998987 0.652658
vt 0.906075 0.297453
vt 0.906075 0.281378
vt 0.679606 0.281378
vt 0.000512 0.312903
vt 0.000512 0.321630
vt 0.226981 0.321630
vt 0.000000 0.000000
vt 0.000000 0.012881
vt 0.226469 0.012881
vt 0.226469 0.062150
vt 0.000000 0.062150
vt 0.000000 0.089593
vt 0.679606 0.312903
vt 0.906075 0.312903
vt 0.906075 0.296828
vt 0.000512 0.321630
vt 0.000512 0.330358
vt 0.226981 0.330358
vt 0.226347 0.156096
vt -0.000122 0.156096
vt -0.000122 0.210448
vt 0.906075 0.219937
vt 0.679606 0.219937
vt 0.679606 0.259595
vt 0.905875 0.048121
vt 0.905875 0.034093
vt 0.679406 0.034093
vt 0.905875 0.025761
vt 0.679406 0.025761
vt 0.679406 0.012881
vt 0.905875 0.121202
vt 0.679406 0.121202
vt 0.679406 0.093759
vt 0.226469 0.062150
vt 0.000000 0.062150
vt 0.000000 0.048121
vt 0.905875 0.048121
vt 0.679406 0.048121
vt 0.679406 0.034093
vt 0.679606 0.259595
vt 0.679606 0.219937
vt 0.906075 0.219937
vt 0.226347 0.156096
vt 0.226347 0.210448
vt -0.000122 0.210448
vt 0.226981 0.321630
vt 0.226981 0.330358
vt 0.000512 0.330358
vt 0.679606 0.312903
vt 0.679606 0.296828
vt 0.906075 0.296828
vt 0.226469 0.089593
vt 0.000000 0.089593
vt 0.000000 0.062150
vt 0.226469 0.012881
vt 0.000000 0.012881
vt 0.000000 0.000000
vt 0.226981 0.312903
vt 0.226981 0.321630
vt 0.000512 0.321630
vt 0.679606 0.281378
vt 0.906075 0.281378
vt 0.906075 0.297453
vt 0.226469 0.062150
vt 0.226469 0.048121
vt 0.000000 0.048121
vt 0.679406 0.093759
vt 0.679406 0.121202
vt 0.905875 0.121202
vt 0.905875 0.012881
vt 0.679406 0.012881
vt 0.679406 0.025761
vt 0.939310 0.183297
vt 0.999050 0.183297
vt 0.999050 0.342604
vt 0.999050 0.183297
vt 0.999050 0.342604
vt 0.939310 0.342604
vt 0.939310 0.183297
vt 0.999050 0.183297
vt 0.999050 0.342604
vt 0.939310 0.183297
vt 0.999050 0.183297
vt 0.999050 0.342604
vt 0.939081 0.132863
vt 0.985655 0.132863
vt 0.985655 0.179437
vt 0.939310 0.183297
vt 0.939310 0.342604
vt 0.999050 0.342604
vt 0.939310 0.183297
vt 0.939310 0.342604
vt 0.999050 0.342604
vt 0.939310 0.342604
vt 0.999050 0.342604
vt 0.999050 0.183297
vt 0.939310 0.183297
vt 0.939310 0.342604
vt 0.999050 0.342604
vt 0.939081 0.179437
vt 0.985655 0.179437
vt 0.985655 0.132863
vt -0.000781 0.781451
vt 0.979692 0.781451
vt 0.979692 0.844034
vt 0.145247 0.656284
vt 0.145247 0.718868
vt -0.000781 0.718868
vt -0.000781 0.718868
vt 0.979692 0.718868
vt 0.979692 0.781451
vt 0.156795 0.656284
vt 0.302823 0.656284
vt 0.302823 0.718868
vt 0.000000 0.851064
vt 1.000000 0.851064
vt 1.000000 1.000000
vt 0.998987 0.504118
vt 0.998987 0.652658
vt 0.001647 0.652658
vt 0.906075 0.297453
vt 0.906075 0.281378
vt 0.679606 0.281378
vt 0.000512 0.312903
vt 0.000512 0.321630
vt 0.226981 0.321630
vt 0.226469 0.000000
vt 0.000000 0.000000
vt 0.000000 0.012881
vt 0.226469 0.062150
vt 0.000000 0.062150
vt 0.000000 0.089593
vt 0.679606 0.312903
vt 0.906075 0.312903
vt 0.906075 0.296828
vt 0.000512 0.321630
vt 0.000512 0.330358
vt 0.226981 0.330358
vt 0.226347 0.156096
vt -0.000122 0.156096
vt -0.000122 0.210448
vt 0.906075 0.219937
vt 0.679606 0.219937
vt 0.679606 0.259595
vt 0.905875 0.048121
vt 0.905875 0.034093
vt 0.679406 0.034093
vt 0.905875 0.025761
vt 0.679406 0.025761
vt 0.679406 0.012881
vt 0.905875 0.093759
vt 0.905875 0.121202
vt 0.679406 0.121202
vt 0.226469 0.062150
vt 0.000000 0.062150
vt 0.000000 0.048121
vt 0.905875 0.048121
vt 0.679406 0.048121
vt 0.679406 0.034093
vt 0.679606 0.259595
vt 0.679606 0.219937
vt 0.906075 0.219937
vt 0.226347 0.156096
vt 0.226347 0.210448
vt -0.000122 0.210448
vt 0.226981 0.321630
vt 0.226981 0.330358
vt 0.000512 0.330358
vt 0.679606 0.312903
vt 0.679606 0.296828
vt 0.906075 0.296828
vt 0.226469 0.089593
vt 0.000000 0.089593
vt 0.000000 0.062150
vt 0.226469 0.000000
vt 0.226469 0.012881
vt 0.000000 0.012881
vt 0.226981 0.312903
vt 0.226981 0.321630
vt 0.000512 0.321630
vt 0.679606 0.281378
vt 0.906075 0.281378
vt 0.906075 0.297453
vt 0.226469 0.062150
vt 0.226469 0.048121
vt 0.000000 0.048121
vt 0.679406 0.093759
vt 0.679406 0.121202
vt 0.905875 0.121202
vt 0.905875 0.012881
vt 0.679406 0.012881
vt 0.679406 0.025761
vt 0.939310 0.183297
vt 0.999050 0.183297
vt 0.999050 0.342604
vt 0.939310 0.183297
vt 0.999050 0.183297
vt 0.999050 0.342604
vt 0.939310 0.183297
vt 0.999050 0.183297
vt 0.999050 0.342604
vt 0.939310 0.183297
vt 0.999050 0.183297
vt 0.999050 0.342604
vt 0.985655 0.132863
vt 0.985655 0.179437
vt 0.939081 0.179437
vt 0.939310 0.183297
vt 0.939310 0.342604
vt 0.999050 0.342604
vt 0.939310 0.183297
vt 0.939310 0.342604
vt 0.999050 0.342604
vt 0.939310 0.183297
vt 0.939310 0.342604
vt 0.999050 0.342604
vt 0.939310 0.183297
vt 0.939310 0.342604
vt 0.999050 0.342604
vt 0.939081 0.132863
vt 0.939081 0.179437
vt 0.985655 0.179437
vt -0.000781 0.781451
vt 0.979692 0.781451
vt 0.979692 0.844034
vt -0.000781 0.656284
vt 0.145247 0.656284
vt 0.145247 0.718868
vt -0.000781 0.718868
vt 0.979692 0.718868
vt 0.979692 0.781451
vt 0.156795 0.656284
vt 0.302823 0.656284
vt 0.302823 0.718868
vt 1.000000 0.851064
vt 1.000000 1.000000
vt 0.000000 1.000000
vt 0.001647 0.504118
vt 0.998987 0.504118
vt 0.998987 0.652658
vt 0.906075 0.297453
vt 0.906075 0.281378
vt 0.679606 0.281378
vt 0.000512 0.312903
vt 0.000512 0.321630
vt 0.226981 0.321630
vt 0.226469 0.000000
vt 0.000000 0.000000
vt 0.000000 0.012881
vt 0.226469 0.062150
vt 0.000000 0.062150
vt 0.000000 0.089593
vt 0.679606 0.312903
vt 0.906075 0.312903
vt 0.906075 0.296828
vt 0.000512 0.321630
vt 0.000512 0.330358
vt 0.226981 0.330358
vt 0.226347 0.156096
vt -0.000122 0.156096
vt -0.000122 0.210448
vt 0.906075 0.219937
vt 0.679606 0.219937
vt 0.679606 0.259595
vt 0.905875 0.048121
vt 0.905875 0.034093
vt 0.679406 0.034093
vt 0.905875 0.025761
vt 0.679406 0.025761
vt 0.679406 0.012881
vt 0.905875 0.093759
vt 0.905875 0.121202
vt 0.679406 0.121202
vt 0.226469 0.062150
vt 0.000000 0.062150
vt 0.000000 0.048121
vt 0.905875 0.048121
vt 0.679406 0.048121
vt 0.679406 0.034093
vt 0.679606 0.259595
vt 0.679606 0.219937
vt 0.906075 0.219937
vt 0.226347 0.156096
vt 0.226347 0.210448
vt -0.000122 0.210448
vt 0.226981 0.321630
vt 0.226981 0.330358
vt 0.000512 0.330358
vt 0.679606 0.312903
vt 0.679606 0.296828
vt 0.906075 0.296828
vt 0.226469 0.062150
vt 0.226469 0.089593
vt 0.000000 0.089593
vt 0.226469 0.012881
vt 0.000000 0.012881
vt 0.000000 0.000000
vt 0.226981 0.312903
vt 0.226981 0.321630
vt 0.000512 0.321630
vt 0.679606 0.281378
vt 0.906075 0.281378
vt 0.906075 0.297453
vt 0.226469 0.048121
vt 0.000000 0.048121
vt 0.000000 0.062150
vt 0.679406 0.093759
vt 0.679406 0.121202
vt 0.905875 0.121202
vt 0.905875 0.012881
vt 0.679406 0.012881
vt 0.679406 0.025761
vt 0.939310 0.183297
vt 0.999050 0.183297
vt 0.999050 0.342604
vt 0.939310 0.183297
vt 0.999050 0.183297
vt 0.999050 0.342604
vt 0.939310 0.183297
vt 0.999050 0.183297
vt 0.999050 0.342604
vt 0.939310 0.183297
vt 0.999050 0.183297
vt 0.999050 0.342604
vt 0.985655 0.132863
vt 0.985655 0.179437
vt 0.939081 0.179437
vt 0.939310 0.183297
vt 0.939310 0.342604
vt 0.999050 0.342604
vt 0.939310 0.183297
vt 0.939310 0.342604
vt 0.999050 0.342604
vt 0.939310 0.183297
vt 0.939310 0.342604
vt 0.999050 0.342604
vt 0.939310 0.183297
vt 0.939310 0.342604
vt 0.999050 0.342604
vt 0.939081 0.132863
vt 0.939081 0.179437
vt 0.985655 0.179437
vt -0.000781 0.781451
vt 0.979692 0.781451
vt 0.979692 0.844034
vt -0.000781 0.656284
vt 0.145247 0.656284
vt 0.145247 0.718868
vt 0.979692 0.718868
vt 0.979692 0.781451
vt -0.000781 0.781451
vt 0.156795 0.656284
vt 0.302823 0.656284
vt 0.302823 0.718868
vt 1.000000 0.851064
vt 1.000000 1.000000
vt 0.000000 1.000000
vt 0.001647 0.504118
vt 0.998987 0.504118
vt 0.998987 0.652658
vt 0.906075 0.297453
vt 0.906075 0.281378
vt 0.679606 0.281378
vt 0.000512 0.312903
vt 0.000512 0.321630
vt 0.226981 0.321630
vt 0.226469 0.000000
vt 0.000000 0.000000
vt 0.000000 0.012881
vt 0.226469 0.062150
vt 0.000000 0.062150
vt 0.000000 0.089593
vt 0.679606 0.312903
vt 0.906075 0.312903
vt 0.906075 0.296828
vt 0.000512 0.321630
vt 0.000512 0.330358
vt 0.226981 0.330358
vt 0.226347 0.156096
vt -0.000122 0.156096
vt -0.000122 0.210448
vt 0.906075 0.219937
vt 0.679606 0.219937
vt 0.679606 0.259595
vt 0.905875 0.048121
vt 0.905875 0.034093
vt 0.679406 0.034093
vt 0.905875 0.025761
vt 0.679406 0.025761
vt 0.679406 0.012881
vt 0.905875 0.093759
vt 0.905875 0.121202
vt 0.679406 0.121202
vt 0.226469 0.062150
vt 0.000000 0.062150
vt 0.000000 0.048121
vt 0.905875 0.048121
vt 0.679406 0.048121
vt 0.679406 0.034093
vt 0.679606 0.259595
vt 0.679606 0.219937
vt 0.906075 0.219937
vt 0.226347 0.156096
vt 0.226347 0.210448
vt -0.000122 0.210448
vt 0.226981 0.321630
vt 0.226981 0.330358
vt 0.000512 0.330358
vt 0.679606 0.312903
vt 0.679606 0.296828
vt 0.906075 0.296828
vt 0.226469 0.062150
vt 0.226469 0.089593
vt 0.000000 0.089593
vt 0.226469 0.000000
vt 0.226469 0.012881
vt 0.000000 0.012881
vt 0.226981 0.312903
vt 0.226981 0.321630
vt 0.000512 0.321630
vt 0.679606 0.281378
vt 0.906075 0.281378
vt 0.906075 0.297453
vt 0.226469 0.062150
vt 0.226469 0.048121
vt 0.000000 0.048121
vt 0.679406 0.093759
vt 0.679406 0.121202
vt 0.905875 0.121202
vt 0.905875 0.012881
vt 0.679406 0.012881
vt 0.679406 0.025761
vt 0.999050 0.183297
vt 0.999050 0.342604
vt 0.939310 0.342604
vt 0.939310 0.183297
vt 0.999050 0.183297
vt 0.999050 0.342604
vt 0.939310 0.183297
vt 0.999050 0.183297
vt 0.999050 0.342604
vt 0.939310 0.183297
vt 0.999050 0.183297
vt 0.999050 0.342604
vt 0.939081 0.132863
vt 0.985655 0.132863
vt 0.985655 0.179437
vt 0.939310 0.183297
vt 0.939310 0.342604
vt 0.999050 0.342604
vt 0.939310 0.183297
vt 0.939310 0.342604
vt 0.999050 0.342604
vt 0.939310 0.183297
vt 0.939310 0.342604
vt 0.999050 0.342604
vt 0.939310 0.183297
vt 0.939310 0.342604
vt 0.999050 0.342604
vt 0.939081 0.179437
vt 0.985655 0.179437
vt 0.985655 0.132863
vt -0.000781 0.781451
vt 0.979692 0.781451
vt 0.979692 0.844034
vt -0.000781 0.656284
vt 0.145247 0.656284
vt 0.145247 0.718868
vt 0.979692 0.718868
vt 0.979692 0.781451
vt -0.000781 0.781451
vt 0.156795 0.656284
vt 0.302823 0.656284
vt 0.302823 0.718868
vt 0.000000 0.851064
vt 1.000000 0.851064
vt 1.000000 1.000000
vt 0.998987 0.504118
vt 0.998987 0.652658
vt 0.001647 0.652658
vt 0.906075 0.297453
vt 0.906075 0.281378
vt 0.679606 0.281378
vt 0.000512 0.312903
vt 0.000512 0.321630
vt 0.226981 0.321630
vt 0.226469 0.000000
vt 0.000000 0.000000
vt 0.000000 0.012881
vt 0.226469 0.062150
vt 0.000000 0.062150
vt 0.000000 0.089593
vt 0.679606 0.312903
vt 0.906075 0.312903
vt 0.906075 0.296828
vt 0.000512 0.321630
vt 0.000512 0.330358
vt 0.226981 0.330358
vt 0.226347 0.156096
vt -0.000122 0.156096
vt -0.000122 0.210448
vt 0.906075 0.219937
vt 0.679606 0.219937
vt 0.679606 0.259595
vt 0.905875 0.048121
vt 0.905875 0.034093
vt 0.679406 0.034093
vt 0.905875 0.025761
vt 0.679406 0.025761
vt 0.679406 0.012881
vt 0.905875 0.121202
vt 0.679406 0.121202
vt 0.679406 0.093759
vt 0.000000 0.062150
vt 0.000000 0.048121
vt 0.226469 0.048121
vt 0.226669 0.281378
vt 0.679918 0.321630
vt 0.679918 0.312903
vt 0.679406 0.012881
vt 0.679406 0.089593
vt 0.226669 0.296828
vt 0.679918 0.330358
vt 0.283086 0.025761
vt 0.283086 0.093759
vt 0.283086 0.121202
vt 0.679284 0.210448
vt 0.679284 0.156096
vt 0.226669 0.259595
vt 0.226469 0.048121
vt 0.622789 0.062150
vt 0.622789 0.048121
vt 0.283086 0.048121
vt 0.226469 0.034093
vt 0.283286 0.259595
vt 0.226669 0.219937
vt 0.622667 0.210448
vt 0.679918 0.321630
vt 0.623301 0.330358
vt 0.226669 0.312903
vt 0.283286 0.296828
vt 0.679406 0.062150
vt 0.622789 0.089593
vt 0.679406 0.000000
vt 0.622789 0.012881
vt 0.623301 0.321630
vt 0.226669 0.297453
vt 0.283286 0.281378
vt 0.939310 0.183297
vt 0.939310 0.342604
vt 0.999050 0.342604
vt 0.939310 0.183297
vt 0.939310 0.342604
vt 0.999050 0.342604
vt 0.939310 0.183297
vt 0.939310 0.342604
vt 0.999050 0.342604
vt 0.939310 0.183297
vt 0.939310 0.342604
vt 0.999050 0.342604
vt 0.939081 0.132863
vt 0.939081 0.179437
vt 0.985655 0.179437
vt 0.939310 0.183297
vt 0.999050 0.183297
vt 0.999050 0.342604
vt 0.999050 0.183297
vt 0.999050 0.342604
vt 0.939310 0.342604
vt 0.939310 0.183297
vt 0.999050 0.183297
vt 0.999050 0.342604
vt 0.939310 0.183297
vt 0.999050 0.183297
vt 0.999050 0.342604
vt 0.985655 0.132863
vt 0.985655 0.179437
vt 0.939081 0.179437
vt 0.939310 0.342604
vt 0.939310 0.183297
vt 0.939310 0.342604
vt 0.939310 0.342604
vt 0.939081 0.179437
vt 0.939310 0.342604
vt 0.939310 0.183297
vt 0.939310 0.342604
vt 0.939310 0.342604
vt 0.939081 0.179437
vt 0.939310 0.342604
vt 0.939310 0.342604
vt 0.939310 0.342604
vt 0.939310 0.342604
vt 0.939081 0.179437
vt -0.000781 0.844034
vt 0.000156 0.656284
vt 0.000156 0.781451
vt 0.156795 0.718868
vt -0.000466 0.654611
vt -0.000781 0.844034
vt -0.000781 0.656284
vt -0.000781 0.781451
vt 0.156795 0.718868
vt 0.000000 0.851064
vt -0.000781 0.844034
vt -0.000781 0.718868
vt -0.000781 0.781451
vt 0.156795 0.656284
vt -0.000103 0.498042
vt -0.000781 0.844034
vt -0.000781 0.656284
vt -0.000781 0.781451
vt 0.156795 0.656284
vt 0.000000 1.000000
vt 0.001647 0.998895
vt 0.001647 0.849509
vt 0.000000 0.500556
vt 0.001647 0.652658
vt 0.939310 0.342604
vt 0.939310 0.183297
vt 0.939310 0.342604
vt 0.939310 0.342604
vt 0.939081 0.132863
vt 0.939310 0.342604
vt 0.939310 0.342604
vt 0.939310 0.342604
vt 0.939310 0.342604
vt 0.939081 0.179437
vt 0.939310 0.342604
vt 0.939310 0.342604
vt 0.939310 0.342604
vt 0.939310 0.342604
vt 0.939081 0.179437
vt 0.999050 0.183297
vt 0.999050 0.183297
vt 0.999050 0.183297
vt 0.999050 0.183297
vt 0.985655 0.132863
vt 0.939310 0.342604
vt 0.939310 0.342604
vt 0.939310 0.342604
vt 0.939310 0.342604
vt 0.939081 0.179437
vt -0.000781 0.844034
vt 0.000156 0.718868
vt 0.000156 0.781451
vt 0.156795 0.718868
vt -0.000466 0.654611
vt -0.000781 0.844034
vt -0.000781 0.656284
vt -0.000781 0.781451
vt 0.156795 0.718868
vt 0.000000 0.851064
vt -0.000781 0.844034
vt -0.000781 0.656284
vt -0.000781 0.781451
vt 0.156795 0.718868
vt -0.000103 0.349106
vt -0.000781 0.844034
vt -0.000781 0.656284
vt -0.000781 0.781451
vt 0.156795 0.718868
vt 0.000000 1.000000
vt 0.001647 0.998895
vt 0.001647 0.849509
vt 0.000000 0.500556
vt 0.001647 0.652658
vt 0.939310 0.342604
vt 0.939310 0.183297
vt 0.939310 0.342604
vt 0.939310 0.342604
vt 0.939081 0.132863
vt 0.999050 0.183297
vt 0.939310 0.183297
vt 0.999050 0.183297
vt 0.999050 0.183297
vt 0.939081 0.132863
vt 0.939310 0.342604
vt 0.939310 0.183297
vt 0.939310 0.342604
vt 0.939310 0.342604
vt 0.939081 0.179437
vt 0.999050 0.183297
vt 0.939310 0.183297
vt 0.999050 0.183297
vt 0.999050 0.183297
vt 0.985655 0.132863
vt 0.939310 0.342604
vt 0.939310 0.183297
vt 0.939310 0.342604
vt 0.939310 0.342604
vt 0.939081 0.179437
vt 0.999050 0.183297
vt 0.939310 0.183297
vt 0.999050 0.183297
vt 0.939310 0.183297
vt 0.985655 0.132863
vt 0.939310 0.342604
vt 0.939310 0.183297
vt 0.939310 0.342604
vt 0.939310 0.342604
vt 0.939081 0.179437
vt 0.999050 0.183297
vt 0.999050 0.183297
vt 0.999050 0.183297
vt 0.999050 0.183297
vt 0.985655 0.132863
vt -0.000781 0.844034
vt 0.000156 0.656284
vt 0.000156 0.781451
vt 0.156795 0.718868
vt -0.000466 0.654611
vt -0.000781 0.844034
vt -0.000781 0.656284
vt -0.000781 0.781451
vt 0.156795 0.718868
vt 0.000000 1.000000
vt -0.000781 0.844034
vt -0.000781 0.656284
vt -0.000781 0.781451
vt 0.156795 0.718868
vt -0.000103 0.349106
vt -0.000781 0.844034
vt -0.000781 0.656284
vt -0.000781 0.781451
vt 0.156795 0.718868
vt 0.000000 0.851064
vt 0.001647 0.998895
vt 0.001647 0.849509
vt 0.000000 0.352016
vt 0.001647 0.652658
vt 0.226347 0.156096
vt 0.226981 0.321630
vt 0.226469 0.062150
vt 0.226981 0.312903
vt 0.939310 0.342604
vt 0.939310 0.342604
vt 0.939310 0.342604
vt 0.939310 0.342604
vt 0.939081 0.132863
vt 0.999050 0.183297
vt 0.939310 0.183297
vt 0.999050 0.183297
vt 0.999050 0.183297
vt 0.985655 0.132863
vt 0.679406 0.093759
vt 0.226469 0.048121
vt 0.905875 0.034093
vt 0.906075 0.259595
vt -0.000122 0.156096
vt 0.000512 0.321630
vt 0.906075 0.312903
vt 0.000000 0.062150
vt 0.000000 0.000000
vt 0.000512 0.312903
vt 0.679606 0.297453
vt 0.905875 0.012881
vt 0.679406 0.093759
vt 0.226469 0.048121
vt 0.905875 0.034093
vt 0.906075 0.259595
vt -0.000122 0.156096
vt 0.000512 0.321630
vt 0.906075 0.312903
vt 0.000000 0.062150
vt 0.000000 0.000000
vt 0.000512 0.312903
vt 0.679606 0.297453
vt 0.999050 0.183297
vt 0.999050 0.183297
vt 0.999050 0.183297
vt 0.999050 0.183297
vt 0.939081 0.132863
vt -0.000781 0.844034
vt -0.000781 0.656284
vt -0.000781 0.781451
vt 0.156795 0.718868
vt 0.000000 0.851064
vt 0.001647 0.652658
vt 0.905875 0.012881
vt 0.679406 0.093759
vt 0.226469 0.048121
vt 0.905875 0.034093
vt 0.906075 0.259595
vt -0.000122 0.156096
vt 0.000512 0.321630
vt 0.906075 0.312903
vt 0.000000 0.062150
vt 0.226469 0.000000
vt 0.000512 0.312903
vt 0.679606 0.297453
vt 0.999050 0.183297
vt 0.999050 0.183297
vt 0.999050 0.183297
vt 0.999050 0.183297
vt 0.939081 0.132863
vt -0.000781 0.844034
vt -0.000781 0.656284
vt -0.000781 0.781451
vt 0.156795 0.656284
vt 0.000000 0.851064
vt 0.001647 0.652658
vt 0.905875 0.012881
vt 0.679406 0.093759
vt 0.226469 0.048121
vt 0.905875 0.034093
vt 0.906075 0.259595
vt -0.000122 0.156096
vt 0.000512 0.321630
vt 0.906075 0.312903
vt 0.000000 0.062150
vt 0.000000 0.000000
vt 0.000512 0.312903
vt 0.679606 0.297453
vt 0.939310 0.183297
vt 0.939310 0.183297
vt 0.999050 0.183297
vt 0.999050 0.183297
vt 0.985655 0.132863
vt -0.000781 0.844034
vt -0.000781 0.718868
vt -0.000781 0.781451
vt 0.156795 0.718868
vt 0.000000 1.000000
vt 0.001647 0.504118
vt 0.905875 0.012881
vt 0.905875 0.093759
vt 0.226469 0.048121
vt 0.905875 0.034093
vt 0.906075 0.259595
vt -0.000122 0.156096
vt 0.000512 0.321630
vt 0.906075 0.312903
vt 0.000000 0.062150
vt 0.000000 0.000000
vt 0.000512 0.312903
vt 0.679606 0.297453
vt 0.999050 0.183297
vt 0.999050 0.183297
vt 0.999050 0.183297
vt 0.999050 0.183297
vt 0.985655 0.132863
vt -0.000781 0.844034
vt -0.000781 0.718868
vt -0.000781 0.781451
vt 0.156795 0.718868
vt 0.000000 1.000000
vt 0.001647 0.504118
vt 0.905875 0.012881
vt 0.905875 0.093759
vt 0.226469 0.048121
vt 0.905875 0.034093
vt 0.906075 0.259595
vt -0.000122 0.156096
vt 0.000512 0.321630
vt 0.906075 0.312903
vt 0.000000 0.062150
vt 0.000000 0.000000
vt 0.000512 0.312903
vt 0.679606 0.297453
vt 0.939310 0.183297
vt 0.939310 0.342604
vt 0.939310 0.342604
vt 0.939310 0.342604
vt 0.939081 0.179437
vt 0.999050 0.183297
vt 0.999050 0.183297
vt 0.999050 0.183297
vt 0.999050 0.183297
vt 0.939081 0.132863
vt -0.000781 0.844034
vt -0.000781 0.656284
vt -0.000781 0.781451
vt 0.156795 0.718868
vt 0.000000 0.851064
vt 0.001647 0.652658
vt 0.905875 0.012881
vt 0.679406 0.093759
vt 0.226469 0.048121
vt 0.905875 0.034093
vt 0.906075 0.259595
vt -0.000122 0.156096
vt 0.000512 0.321630
vt 0.906075 0.312903
vt 0.000000 0.062150
vt 0.000000 0.000000
vt 0.000512 0.312903
vt 0.679606 0.297453
vt 0.939310 0.342604
vt 0.939310 0.183297
vt 0.939310 0.342604
vt 0.939310 0.342604
vt 0.939081 0.179437
vt 0.999050 0.183297
vt 0.999050 0.183297
vt 0.999050 0.183297
vt 0.999050 0.183297
vt 0.939081 0.132863
vt -0.000781 0.844034
vt -0.000781 0.656284
vt -0.000781 0.781451
vt 0.156795 0.718868
vt 0.000000 0.851064
vt 0.001647 0.652658
vt 0.905875 0.012881
vt 0.905875 0.093759
vt 0.226469 0.048121
vt 0.905875 0.034093
vt 0.906075 0.259595
vt -0.000122 0.156096
vt 0.000512 0.321630
vt 0.906075 0.312903
vt 0.000000 0.062150
vt 0.000000 0.000000
vt 0.000512 0.312903
vt 0.679606 0.297453
vt 0.989043 0.045880
vt 0.948456 0.045880
vt 0.999050 0.183297
vt 0.939310 0.183297
vt 0.939310 0.183297
vt 0.999050 0.183297
vt 0.985655 0.132863
vt -0.000781 0.844034
vt -0.000781 0.718868
vt -0.000781 0.781451
vt 0.156795 0.718868
vt 0.000000 0.851064
vt 0.001647 0.652658
vt 0.905875 0.012881
vt 0.679406 0.093759
vt 0.226469 0.048121
vt 0.905875 0.034093
vt 0.906075 0.259595
vt -0.000122 0.156096
vt 0.000512 0.321630
vt 0.906075 0.312903
vt 0.000000 0.062150
vt 0.000000 0.000000
vt 0.000512 0.312903
vt 0.679606 0.297453
vt 0.000000 0.062150
vt 0.905875 0.093759
vt 0.905875 0.025761
vt 0.939310 0.342604
vt 0.939310 0.183297
vt 0.939310 0.342604
vt 0.939310 0.183297
vt 0.939081 0.179437
vt 0.999050 0.183297
vt 0.939310 0.183297
vt 0.999050 0.183297
vt 0.999050 0.183297
vt 0.939081 0.132863
vt -0.000781 0.844034
vt -0.000781 0.656284
vt -0.000781 0.781451
vt 0.156795 0.656284
vt 0.000000 1.000000
vt 0.001647 0.504118
vt 0.679606 0.297453
vt 0.226981 0.312903
vt 0.226469 0.012881
vt 0.226469 0.089593
vt 0.679606 0.296828
vt 0.226981 0.321630
vt 0.226347 0.210448
vt 0.906075 0.259595
vt 0.679406 0.048121
vt 0.905875 0.012881
vt 0.905875 0.093759
vt 0.226469 0.048121
vt 0.905875 0.034093
vt 0.906075 0.259595
vt -0.000122 0.156096
vt 0.000512 0.321630
vt 0.906075 0.312903
vt 0.000000 0.062150
vt 0.226469 0.000000
vt 0.000512 0.312903
vt 0.679606 0.297453
vt 0.000000 0.062150
vt 0.905875 0.093759
vt 0.905875 0.025761
vt 0.939310 0.342604
vt 0.939310 0.342604
vt 0.939310 0.342604
vt 0.939310 0.342604
vt 0.939081 0.132863
vt 0.999050 0.183297
vt 0.999050 0.183297
vt 0.999050 0.183297
vt 0.999050 0.183297
vt 0.985655 0.132863
vt -0.000781 0.844034
vt -0.000781 0.718868
vt -0.000781 0.781451
vt 0.156795 0.718868
vt 0.000000 0.851064
vt 0.001647 0.652658
vt 0.679606 0.297453
vt 0.226981 0.312903
vt 0.226469 0.000000
vt 0.226469 0.089593
vt 0.679606 0.296828
vt 0.226981 0.321630
vt 0.226347 0.210448
vt 0.906075 0.259595
vt 0.679406 0.048121
vt 0.905875 0.012881
vt 0.905875 0.093759
vt 0.226469 0.048121
vt 0.905875 0.034093
vt 0.906075 0.259595
vt -0.000122 0.156096
vt 0.000512 0.321630
vt 0.906075 0.312903
vt 0.226469 0.062150
vt 0.226469 0.000000
vt 0.000512 0.312903
vt 0.679606 0.297453
vt 0.000000 0.062150
vt 0.905875 0.093759
vt 0.905875 0.025761
vt 0.939310 0.342604
vt 0.939310 0.183297
vt 0.939310 0.342604
vt 0.939310 0.342604
vt 0.939081 0.179437
vt 0.999050 0.183297
vt 0.999050 0.183297
vt 0.939310 0.183297
vt 0.999050 0.183297
vt 0.939081 0.132863
vt -0.000781 0.844034
vt -0.000781 0.656284
vt -0.000781 0.781451
vt 0.156795 0.718868
vt 0.000000 1.000000
vt 0.001647 0.504118
vt 0.679606 0.297453
vt 0.226981 0.312903
vt 0.226469 0.012881
vt 0.226469 0.089593
vt 0.679606 0.296828
vt 0.226981 0.321630
vt 0.226347 0.210448
vt 0.906075 0.259595
vt 0.679406 0.048121
vt 0.905875 0.012881
vt 0.679406 0.093759
vt 0.226469 0.048121
vt 0.905875 0.034093
vt 0.906075 0.259595
vt -0.000122 0.156096
vt 0.000512 0.321630
vt 0.906075 0.312903
vt 0.226469 0.062150
vt 0.000000 0.000000
vt 0.000512 0.312903
vt 0.679606 0.297453
vt 0.000000 0.062150
vt 0.905875 0.093759
vt 0.905875 0.025761
vt 0.939310 0.342604
vt 0.939310 0.342604
vt 0.939310 0.342604
vt 0.939310 0.342604
vt 0.939081 0.132863
vt 0.999050 0.183297
vt 0.999050 0.183297
vt 0.999050 0.183297
vt 0.999050 0.183297
vt 0.985655 0.132863
vt -0.000781 0.844034
vt -0.000781 0.718868
vt -0.000781 0.781451
vt 0.156795 0.718868
vt 0.000000 0.851064
vt 0.001647 0.652658
vt 0.679606 0.297453
vt 0.226981 0.312903
vt 0.226469 0.012881
vt 0.226469 0.089593
vt 0.679606 0.296828
vt 0.226981 0.321630
vt 0.226347 0.210448
vt 0.906075 0.259595
vt 0.679406 0.048121
vt 0.905875 0.012881
vt 0.679406 0.093759
vt 0.226469 0.048121
vt 0.905875 0.034093
vt 0.906075 0.259595
vt -0.000122 0.156096
vt 0.000512 0.321630
vt 0.906075 0.312903
vt 0.000000 0.062150
vt 0.226469 0.000000
vt 0.000512 0.312903
vt 0.679606 0.297453
vt 0.226469 0.062150
vt 0.905875 0.093759
vt 0.905875 0.025761
vt 0.939310 0.342604
vt 0.939310 0.342604
vt 0.939310 0.342604
vt 0.939310 0.342604
vt 0.939081 0.132863
vt 0.999050 0.183297
vt 0.999050 0.183297
vt 0.999050 0.183297
vt 0.999050 0.183297
vt 0.985655 0.132863
vt -0.000781 0.844034
vt -0.000781 0.718868
vt -0.000781 0.718868
vt 0.156795 0.718868
vt 0.000000 0.851064
vt 0.001647 0.652658
vt 0.679606 0.297453
vt 0.226981 0.312903
vt 0.226469 0.012881
vt 0.226469 0.089593
vt 0.679606 0.296828
vt 0.226981 0.321630
vt 0.226347 0.210448
vt 0.906075 0.259595
vt 0.679406 0.048121
vt 0.905875 0.012881
vt 0.679406 0.093759
vt 0.226469 0.048121
vt 0.905875 0.034093
vt 0.906075 0.259595
vt -0.000122 0.156096
vt 0.000512 0.321630
vt 0.906075 0.312903
vt 0.000000 0.062150
vt 0.000000 0.000000
vt 0.000512 0.312903
vt 0.679606 0.297453
vt 0.000000 0.062150
vt 0.905875 0.093759
vt 0.905875 0.025761
vt 0.939310 0.183297
vt 0.939310 0.342604
vt 0.939310 0.342604
vt 0.939310 0.342604
vt 0.939081 0.179437
vt 0.999050 0.183297
vt 0.999050 0.183297
vt 0.999050 0.183297
vt 0.999050 0.183297
vt 0.939081 0.132863
vt -0.000781 0.844034
vt -0.000781 0.718868
vt -0.000781 0.718868
vt 0.156795 0.718868
vt 0.000000 1.000000
vt 0.001647 0.504118
vt 0.679606 0.297453
vt 0.226981 0.312903
vt 0.226469 0.012881
vt 0.226469 0.089593
vt 0.679606 0.296828
vt 0.226981 0.321630
vt 0.226347 0.210448
vt 0.906075 0.259595
vt 0.679406 0.048121
vt 0.905875 0.012881
vt 0.905875 0.093759
vt 0.226469 0.062150
vt 0.283086 0.012881
vt 0.283086 0.034093
vt 0.283286 0.219937
vt 0.622667 0.156096
vt 0.623301 0.321630
vt 0.283286 0.312903
vt 0.622789 0.062150
vt 0.622789 0.000000
vt 0.623301 0.312903
vt 0.283286 0.297453
vt 0.999050 0.183297
vt 0.999050 0.183297
vt 0.999050 0.183297
vt 0.999050 0.183297
vt 0.985655 0.132863
vt 0.939310 0.342604
vt 0.939310 0.183297
vt 0.939310 0.342604
vt 0.939310 0.342604
vt 0.939081 0.132863
vn -0.8527 0.0000 0.5223
vn 0.8529 -0.0002 -0.5221
vn 0.8529 -0.0000 -0.5221
vn 0.8525 -0.0026 -0.5228
vn 0.8525 -0.0024 -0.5227
vn 0.0000 1.0000 0.0000
vn -0.0000 -1.0000 0.0000
vn -0.8527 -0.0024 0.5224
vn -0.8527 -0.0027 0.5224
vn -0.8521 0.0040 0.5234
vn 0.8525 0.0074 -0.5226
vn -0.8906 -0.0087 0.4547
vn 0.8900 0.0013 -0.4560
vn 0.8900 0.0012 -0.4560
vn 0.8896 0.0052 -0.4568
vn -0.8903 0.0055 0.4553
vn -0.8903 0.0054 0.4553
vn -0.8899 0.0059 0.4560
vn -0.8899 0.0058 0.4560
vn 0.8893 -0.0018 -0.4572
vn 0.8894 -0.0018 -0.4572
vn -0.9239 -0.0085 0.3824
vn -0.9239 -0.0084 0.3824
vn 0.9243 0.0008 -0.3817
vn 0.9243 0.0015 -0.3816
vn 0.9243 0.0010 -0.3817
vn 0.9249 0.0074 -0.3802
vn -0.9240 0.0076 0.3824
vn -0.9240 0.0077 0.3824
vn -0.9248 0.0017 0.3805
vn -0.9248 0.0018 0.3805
vn 0.9251 -0.0087 -0.3797
vn 0.9251 -0.0088 -0.3797
vn -0.9449 -0.0000 0.3275
vn 0.9448 0.0000 -0.3276
vn 0.9448 0.0003 -0.3275
vn 0.9448 -0.0001 -0.3276
vn -0.9448 0.0000 0.3276
vn 0.9448 0.0000 -0.3275
vn -0.9620 -0.0000 0.2732
vn 0.9620 -0.0000 -0.2732
vn 0.9620 0.0004 -0.2732
vn 0.9620 -0.0003 -0.2732
vn -0.9619 0.0000 0.2733
vn 0.7071 0.0000 -0.7071
vn 0.7944 0.0000 -0.6074
vn 0.7944 0.0000 -0.6075
vn -0.7944 0.0000 0.6074
vn -0.7944 0.0000 0.6075
vn -0.7071 0.0000 0.7071
vn -0.7071 0.0000 -0.7071
vn -0.2386 0.0251 -0.9708
vn -0.2387 0.0252 -0.9708
vn -0.2566 -0.0000 -0.9665
vn -0.2567 0.0077 -0.9665
vn -0.2567 0.0016 -0.9665
vn -0.2544 0.0040 -0.9671
vn -0.2565 0.0114 -0.9665
vn -0.2539 0.0020 -0.9672
vn -0.2537 0.0021 -0.9673
vn 0.5437 -0.0261 0.8388
vn 0.5436 -0.0260 0.8389
vn 0.5599 0.0001 0.8285
vn 0.5598 0.0001 0.8286
vn 0.5598 0.0000 0.8286
vn 0.5599 -0.0080 0.8285
vn 0.5600 -0.0017 0.8285
vn 0.5579 -0.0041 0.8299
vn 0.5574 -0.0022 0.8303
vn 0.5573 -0.0022 0.8303
vn 0.7071 0.0000 0.7071
vn 0.8525 -0.0023 -0.5227
vn -0.8527 -0.0025 0.5224
vn 0.8899 0.0009 -0.4561
vn 0.8896 0.0053 -0.4568
vn -0.8899 0.0056 0.4561
vn 0.8893 -0.0017 -0.4572
vn 0.9243 0.0014 -0.3816
vn -0.9248 0.0019 0.3805
vn -0.2567 0.0000 -0.9665
vn 0.5437 -0.0261 0.8389
vn 0.5600 0.0000 0.8285
vn 0.5598 -0.0119 0.8285
vn -0.7071 0.0001 -0.7071
vn -0.7071 -0.0001 -0.7071
vn -0.7070 0.0000 0.7072
vn 0.7072 0.0000 -0.7070
vn 0.7072 0.0000 0.7071
vn 0.7071 0.0000 0.7072
vn 0.7071 -0.0001 0.7071
vn 0.7070 0.0000 -0.7072
vn -0.7072 0.0000 0.7070
vn -0.7071 0.0000 -0.7072
vn -0.7069 0.0000 0.7073
vn 0.7069 0.0000 -0.7073
vn 0.4628 -0.6224 0.6312
vn 0.2365 0.4279 -0.8723
vn 0.2735 -0.8315 -0.4836
vn 1.0000 0.0000 0.0000
vn 0.0000 0.0000 -1.0000
vn -1.0000 0.0000 -0.0000
vn 0.0000 0.0000 1.0000
vn 0.1670 -0.3358 0.9270
vn 0.7071 0.0001 0.7071
vn 0.2519 -0.4497 -0.8569
vn 0.2450 0.2707 -0.9310
vn -0.4839 -0.8315 -0.2729
vn -0.0005 -0.7840 -0.6207
vn -0.7124 0.0000 0.7018
vn -0.7124 0.0006 0.7017
vn -0.7124 0.0005 0.7017
vn 0.7123 0.0000 -0.7019
vn 0.7105 0.0742 -0.6998
vn 0.7102 0.0775 -0.6998
vn 0.7157 0.0032 -0.6984
vn 0.7082 0.0000 0.7060
vn 0.7213 0.0000 -0.6926
vn -0.7041 0.0000 -0.7101
vn -0.7213 0.0000 0.6927
vn -0.7229 0.0000 0.6910
vn 0.7230 0.0000 -0.6909
vn -0.7124 0.0005 0.7018
vn -0.7124 0.0004 0.7018
vn -0.7598 -0.0026 0.6501
vn -0.7597 0.0014 0.6503
vn -0.7621 0.0013 0.6474
vn 0.7608 0.0000 -0.6489
vn 0.7607 0.0034 -0.6491
vn 0.7609 0.0000 -0.6489
vn 0.7557 0.0710 -0.6511
vn -0.7597 -0.0025 0.6503
vn -0.7596 0.0013 0.6503
vn -0.7618 0.0012 0.6478
vn -0.7608 0.0000 0.6490
vn -0.8116 -0.0023 0.5842
vn -0.8117 0.0017 0.5841
vn -0.8138 0.0016 0.5812
vn 0.8128 0.0000 -0.5826
vn 0.5819 0.0000 0.8132
vn -0.8082 0.0000 0.5889
vn -0.5730 0.0000 -0.8195
vn 0.8081 0.0000 -0.5890
vn 0.5980 0.0000 0.8015
vn 0.8173 0.0000 -0.5762
vn -0.5569 0.0000 -0.8306
vn -0.8170 0.0000 0.5766
vn -0.8118 -0.0022 0.5840
vn -0.8118 0.0015 0.5840
vn -0.8137 0.0014 0.5812
vn -0.8127 -0.0000 0.5826
vn 0.8128 0.0000 -0.5825
vn -0.8558 -0.0019 0.5173
vn -0.8559 0.0020 0.5171
vn -0.8577 0.0019 0.5141
vn 0.8568 0.0000 -0.5157
vn 0.5144 0.0000 0.8575
vn -0.8569 -0.0000 0.5155
vn -0.5056 0.0000 -0.8628
vn 0.8569 0.0000 -0.5155
vn 0.5304 -0.0000 0.8477
vn 0.8613 0.0000 -0.5082
vn -0.4896 0.0000 -0.8720
vn -0.8609 0.0000 0.5087
vn -0.8559 -0.0018 0.5172
vn -0.8561 0.0018 0.5169
vn -0.8577 0.0017 0.5142
vn -0.8567 0.0000 0.5157
vn -0.8567 0.0000 0.5158
vn 0.8568 0.0000 -0.5156
vn -0.8920 -0.0014 0.4520
vn -0.8923 0.0023 0.4515
vn -0.8937 0.0022 0.4488
vn 0.8928 0.0000 -0.4504
vn 0.4480 0.0000 0.8940
vn -0.8972 -0.0000 0.4417
vn -0.4395 0.0000 -0.8982
vn 0.8972 0.0000 -0.4417
vn 0.8972 0.0000 -0.4416
vn 0.4636 0.0000 0.8860
vn 0.8955 0.0000 -0.4451
vn -0.4239 0.0000 -0.9057
vn -0.8956 0.0000 0.4448
vn -0.8920 -0.0013 0.4520
vn -0.8921 0.0022 0.4518
vn -0.8936 0.0021 0.4489
vn -0.8928 0.0000 0.4505
vn -0.9207 -0.0008 0.3902
vn -0.9208 0.0028 0.3900
vn -0.9221 0.0027 0.3868
vn 0.9214 0.0000 -0.3886
vn 0.9214 0.0000 -0.3885
vn 0.3842 0.0000 0.9232
vn -0.9293 0.0000 0.3693
vn -0.3763 0.0000 -0.9265
vn 0.9294 0.0000 -0.3691
vn 0.3992 0.0000 0.9168
vn 0.9248 0.0000 -0.3805
vn -0.3616 0.0000 -0.9323
vn -0.9248 0.0000 0.3805
vn -0.9209 -0.0006 0.3898
vn -0.9209 0.0025 0.3898
vn -0.9220 0.0025 0.3873
vn -0.9214 0.0000 0.3886
vn -0.9450 -0.0003 0.3271
vn -0.9450 0.0013 0.3270
vn -0.9450 0.0012 0.3270
vn 0.9450 0.0000 -0.3271
vn 0.3242 -0.0000 0.9460
vn 0.9450 0.0000 -0.3272
vn -0.3166 0.0000 -0.9485
vn -0.3166 0.0000 -0.9486
vn -0.9450 0.0000 0.3271
vn 0.3243 0.0000 0.9460
vn -0.9446 -0.0000 0.3283
vn 0.9445 0.0000 -0.3284
vn 0.3383 0.0000 0.9410
vn 0.9473 0.0000 -0.3202
vn -0.3032 0.0000 -0.9529
vn -0.9473 0.0000 0.3203
vn -0.9448 0.0012 0.3275
vn -0.9453 0.0011 0.3263
vn -0.9622 -0.0014 0.2724
vn -0.9621 0.0018 0.2726
vn -0.9629 0.0017 0.2699
vn 0.9625 0.0000 -0.2713
vn 0.2686 0.0000 0.9632
vn 0.2686 0.0000 0.9633
vn 0.9635 0.0000 -0.2678
vn -0.2616 0.0000 -0.9652
vn -0.9635 0.0000 0.2678
vn -0.9634 0.0000 0.2682
vn 0.9634 0.0000 -0.2682
vn 0.9633 0.0000 -0.2683
vn 0.9633 0.0000 -0.2682
vn 0.2814 0.0000 0.9596
vn 0.9643 0.0000 -0.2648
vn -0.2490 0.0000 -0.9685
vn -0.9643 0.0000 0.2649
vn -0.9622 -0.0013 0.2725
vn -0.9622 0.0016 0.2723
vn -0.9627 0.0015 0.2706
vn -0.9625 0.0000 0.2714
vn 0.9625 0.0000 -0.2712
vn -0.9744 -0.0005 0.2249
vn -0.9743 0.0025 0.2252
vn -0.9750 0.0024 0.2222
vn 0.9746 0.0000 -0.2237
vn 0.9747 0.0000 -0.2237
vn 0.2172 0.0000 0.9761
vn -0.9789 0.0000 0.2042
vn -0.2109 0.0000 -0.9775
vn 0.9789 0.0000 -0.2041
vn 0.2291 0.0000 0.9734
vn 0.9769 0.0000 -0.2135
vn -0.1994 0.0000 -0.9799
vn -0.9769 0.0000 0.2137
vn -0.9744 -0.0005 0.2250
vn -0.9744 0.0023 0.2250
vn -0.9747 0.0022 0.2236
vn -0.9746 0.0000 0.2238
vn -0.9849 -0.0000 0.1731
vn -0.9848 0.0014 0.1734
vn -0.9850 0.0013 0.1726
vn 0.9850 0.0000 -0.1726
vn -0.9847 0.0000 0.1740
vn 0.9847 -0.0000 -0.1741
vn 0.9847 -0.0003 -0.1741
vn 0.9847 0.0003 -0.1741
vn 0.1704 -0.0000 0.9854
vn 0.9847 0.0000 -0.1744
vn -0.1645 0.0000 -0.9864
vn -0.9847 -0.0000 0.1743
vn -0.9845 0.0000 0.1752
vn 0.9845 0.0000 -0.1752
vn 0.1812 0.0000 0.9834
vn 0.9858 0.0000 -0.1677
vn -0.1540 0.0000 -0.9881
vn -0.9858 0.0000 0.1677
vn -0.9847 0.0000 0.1742
vn 0.0001 1.0000 0.0005
vn 0.0000 1.0000 0.0002
vn 0.9847 0.0000 -0.1740
vn -0.9850 -0.0000 0.1727
vn -0.9850 0.0012 0.1726
vn -0.9851 0.0012 0.1721
vn -0.9907 -0.0004 0.1358
vn -0.9907 0.0022 0.1357
vn -0.9911 0.0021 0.1330
vn 0.9909 0.0000 -0.1346
vn -0.9908 0.0000 0.1353
vn 0.9908 -0.0000 -0.1353
vn 0.9908 -0.0001 -0.1353
vn 0.9908 0.0002 -0.1353
vn 0.1276 0.0000 0.9918
vn 0.9929 0.0000 -0.1186
vn -0.1223 0.0000 -0.9925
vn -0.9929 0.0000 0.1186
vn 0.1275 0.0000 0.9918
vn -0.9930 0.0000 0.1179
vn 0.9930 0.0000 -0.1178
vn 0.1374 0.0000 0.9905
vn 0.9923 0.0000 -0.1238
vn -0.1128 0.0000 -0.9936
vn -0.9923 0.0000 0.1240
vn -0.9908 0.0020 0.1356
vn -0.9910 0.0019 0.1339
vn -0.9909 0.0000 0.1347
vn -0.9957 0.0001 0.0922
vn -0.9958 0.0012 0.0918
vn 0.9958 -0.0000 -0.0918
vn -0.9957 0.0000 0.0929
vn 0.9957 -0.0000 -0.0930
vn 0.9957 -0.0002 -0.0930
vn 0.9957 0.0003 -0.0930
vn 0.0887 0.0000 0.9961
vn 0.9958 0.0000 -0.0914
vn -0.0838 0.0000 -0.9965
vn -0.9958 0.0000 0.0914
vn -0.9958 0.0000 0.0919
vn 0.9958 0.0000 -0.0919
vn 0.0977 0.0000 0.9952
vn 0.9962 0.0000 -0.0872
vn -0.0751 0.0000 -0.9972
vn -0.9962 0.0000 0.0871
vn -0.9957 0.0000 0.0931
vn -0.9957 0.0000 0.0930
vn 0.9957 0.0000 -0.0929
vn -0.9957 0.0000 0.0927
vn -0.9958 0.0011 0.0918
vn -0.9958 0.0000 0.0918
vn -0.9982 -0.0004 0.0602
vn -0.9982 0.0008 0.0598
vn 0.9982 -0.0000 -0.0598
vn -0.9982 0.0000 0.0601
vn 0.9982 -0.0000 -0.0601
vn 0.9982 0.0002 -0.0601
vn 0.0531 0.0000 0.9986
vn 0.9991 0.0000 -0.0422
vn -0.0489 0.0000 -0.9988
vn -0.9991 0.0000 0.0423
vn 0.0532 0.0000 0.9986
vn -0.9991 0.0000 0.0415
vn 0.9991 0.0000 -0.0415
vn 0.0615 0.0000 0.9981
vn 0.9987 0.0000 -0.0503
vn -0.0410 0.0000 -0.9992
vn -0.0411 0.0000 -0.9992
vn -0.9987 0.0000 0.0504
vn -0.9982 -0.0003 0.0598
vn -0.9982 0.0008 0.0601
vn -0.9982 0.0007 0.0598
vn -0.9982 0.0000 0.0598
vn -0.9996 -0.0008 0.0279
vn -0.9996 0.0016 0.0276
vn -0.9997 0.0015 0.0255
vn 0.9996 0.0000 -0.0266
vn -0.9996 0.0000 0.0279
vn 0.9996 0.0000 -0.0279
vn 0.9996 -0.0002 -0.0279
vn 0.9996 0.0004 -0.0279
vn 0.0211 0.0000 0.9998
vn 0.9998 0.0000 -0.0186
vn -0.0171 0.0000 -0.9999
vn -0.9998 0.0000 0.0186
vn 0.9998 0.0000 -0.0185
vn 0.0284 0.0000 0.9996
vn -0.0098 0.0000 -1.0000
vn 0.0001 1.0000 -0.0000
vn -0.9996 0.0000 0.0280
vn -0.9996 -0.0007 0.0276
vn -0.9996 0.0014 0.0275
vn -0.9996 0.0013 0.0265
vn -0.9996 0.0000 0.0266
vn 0.9996 0.0000 -0.0265
vn -1.0000 0.0004 0.0031
vn -1.0000 0.0000 0.0031
vn 1.0000 0.0000 -0.0031
vn 1.0000 0.0001 -0.0031
vn 1.0000 0.0002 -0.0031
vn -0.0084 0.0000 1.0000
vn 1.0000 0.0000 0.0039
vn 0.0122 0.0000 -0.9999
vn -1.0000 0.0000 -0.0040
vn -1.0000 0.0000 -0.0035
vn 1.0000 0.0000 0.0034
vn -0.0016 0.0000 1.0000
vn 1.0000 0.0000 0.0035
vn 0.0144 0.0000 -0.9999
vn -1.0000 0.0000 -0.0039
vn -1.0000 0.0003 0.0031
vn 0.6248 0.0000 0.7808
vn 0.7808 0.0000 -0.6248
vn -0.6248 0.0000 -0.7808
vn -0.7808 0.0000 0.6248
vn 0.7158 0.0000 -0.6983
vn -0.7618 -0.0027 0.6478
vn 0.7553 0.0745 -0.6511
vn -0.7620 -0.0026 0.6476
vn -0.8139 -0.0024 0.5810
vn -0.8139 -0.0022 0.5811
vn -0.8577 -0.0020 0.5142
vn -0.8577 -0.0019 0.5142
vn -0.8936 -0.0014 0.4490
vn -0.8936 -0.0013 0.4489
vn -0.9221 -0.0009 0.3870
vn -0.9220 -0.0007 0.3871
vn -0.9450 -0.0004 0.3271
vn -0.9628 -0.0015 0.2702
vn -0.9629 -0.0014 0.2700
vn -0.9748 -0.0006 0.2231
vn -0.9749 -0.0006 0.2224
vn -0.9851 -0.0001 0.1718
vn -0.9850 -0.0001 0.1727
vn -0.9910 -0.0005 0.1335
vn -0.9910 -0.0005 0.1336
vn -0.9958 0.0001 0.0918
vn -0.9982 -0.0004 0.0598
vn -0.9982 -0.0003 0.0595
vn -0.9997 -0.0008 0.0255
vn -0.9997 -0.0007 0.0256
usemtl Default_OBJ.001
s 1
f 1/1/1 3/2/1 4/3/1
f 5/4/2 7/5/3 8/6/3
f 10/7/4 12/8/5 9/9/4
f 3/10/6 14/11/6 4/12/6
f 15/13/7 17/14/7 18/15/7
f 16/16/8 20/17/9 17/18/9
f 15/19/10 14/20/10 13/21/10
f 21/22/6 5/23/6 8/24/6
f 12/25/7 6/26/7 9/27/7
f 2/28/7 24/29/7 23/30/7
f 11/31/6 20/32/6 19/33/6
f 23/34/11 22/35/11 21/36/11
f 1/37/12 26/38/12 25/39/12
f 28/40/13 5/41/14 27/42/13
f 30/43/15 9/44/15 29/45/15
f 4/46/6 31/47/6 26/48/6
f 17/49/7 33/50/7 18/51/7
f 20/52/16 32/53/17 17/54/16
f 18/55/18 31/56/19 14/57/19
f 5/58/6 35/59/6 27/60/6
f 6/61/7 29/62/7 9/63/7
f 1/64/7 36/65/7 24/66/7
f 30/67/6 20/68/6 10/69/6
f 36/70/20 22/71/21 24/72/20
f 25/73/22 38/74/23 37/75/22
f 40/76/24 27/77/25 39/78/26
f 42/79/27 29/80/27 41/81/27
f 26/82/6 43/83/6 38/84/6
f 33/85/7 44/86/7 45/87/7
f 34/88/28 44/89/29 32/90/29
f 33/91/30 43/92/31 31/93/31
f 35/94/6 39/95/6 27/96/6
f 29/97/7 40/98/7 41/99/7
f 36/100/7 37/101/7 48/102/7
f 30/103/6 46/104/6 34/105/6
f 48/106/32 35/107/32 36/108/33
f 49/109/34 38/110/34 50/111/34
f 51/112/35 40/113/35 39/114/35
f 54/115/36 41/116/37 53/117/36
f 38/118/6 55/119/6 50/120/6
f 45/121/7 56/122/7 57/123/7
f 46/124/38 56/125/38 44/126/38
f 45/127/38 55/128/38 43/129/38
f 47/130/6 51/131/6 39/132/6
f 41/133/7 52/134/7 53/135/7
f 37/136/7 60/137/7 48/138/7
f 42/139/6 58/140/6 46/141/6
f 60/142/39 47/143/39 48/144/39
f 61/145/40 50/146/40 62/147/40
f 63/148/41 52/149/41 51/150/41
f 66/151/42 53/152/43 65/153/42
f 50/154/6 67/155/6 62/156/6
f 57/157/7 68/158/7 69/159/7
f 58/160/44 68/161/44 56/162/44
f 55/163/44 69/164/44 67/165/44
f 59/166/6 63/167/6 51/168/6
f 53/169/7 64/170/7 65/171/7
f 49/172/7 72/173/7 60/174/7
f 54/175/6 70/176/6 58/177/6
f 72/178/41 59/179/41 60/180/41
f 73/181/6 75/182/6 76/183/6
f 74/184/6 78/185/6 75/182/6
f 80/186/7 82/187/7 79/188/7
f 83/189/7 81/190/7 80/186/7
f 86/191/45 79/192/45 85/193/45
f 87/194/46 80/195/47 86/191/47
f 81/196/45 73/197/45 82/198/45
f 81/196/47 77/199/47 74/200/47
f 89/201/6 91/202/6 88/203/6
f 89/201/6 93/204/6 90/205/6
f 95/206/7 97/207/7 94/208/7
f 98/209/7 96/210/7 95/206/7
f 101/211/48 99/212/49 100/213/49
f 95/214/49 93/215/49 98/216/49
f 102/217/7 104/218/7 105/219/7
f 106/220/7 104/218/7 103/221/7
f 108/222/6 86/223/6 85/224/6
f 101/225/6 87/226/6 86/223/6
f 105/227/50 89/228/50 88/229/50
f 104/230/48 92/231/49 89/228/48
f 78/232/47 103/233/47 75/234/47
f 103/233/45 76/235/45 75/234/45
f 102/236/45 110/237/45 76/235/45
f 112/238/50 88/229/50 111/239/50
f 113/240/6 108/222/6 85/224/6
f 102/217/7 112/241/7 109/242/7
f 94/243/50 90/244/50 95/214/50
f 115/245/50 91/246/50 94/243/50
f 101/211/50 97/247/50 96/248/50
f 114/249/50 97/247/50 108/250/50
f 94/208/7 117/251/7 115/252/7
f 111/253/6 91/202/6 116/254/6
f 118/255/45 73/197/45 119/256/45
f 85/193/45 120/257/45 113/258/45
f 79/188/7 118/259/7 120/260/7
f 73/181/6 110/261/6 119/262/6
f 113/263/51 118/264/51 114/265/51
f 114/265/51 115/266/51 117/267/51
f 109/268/51 119/269/51 110/270/51
f 112/271/51 116/272/51 109/268/51
f 115/266/51 119/269/51 116/272/51
f 67/273/52 61/274/53 62/275/53
f 72/276/54 63/277/54 71/278/54
f 63/277/54 69/279/55 64/280/56
f 64/280/56 66/281/57 65/282/58
f 70/283/59 69/279/55 68/284/60
f 2/285/61 13/286/62 3/287/61
f 8/288/63 23/289/64 21/290/65
f 15/291/66 8/288/63 7/292/67
f 7/292/67 11/293/68 15/291/66
f 15/291/66 19/294/69 16/295/70
f 77/296/71 106/297/71 78/298/71
f 107/299/71 93/300/71 92/301/71
f 84/302/71 93/300/71 77/296/71
f 98/303/71 100/304/71 99/305/71
f 87/306/71 84/302/71 83/307/71
f 1/1/1 2/308/1 3/2/1
f 5/4/2 6/309/2 7/5/3
f 10/7/4 11/310/72 12/8/5
f 3/10/6 13/311/6 14/11/6
f 15/13/7 16/312/7 17/14/7
f 16/16/8 19/313/73 20/17/9
f 15/19/10 18/314/10 14/20/10
f 21/22/6 22/315/6 5/23/6
f 12/25/7 7/316/7 6/26/7
f 2/28/7 1/317/7 24/29/7
f 11/31/6 10/318/6 20/32/6
f 23/34/11 24/319/11 22/35/11
f 1/37/12 4/320/12 26/38/12
f 28/40/13 6/321/74 5/41/14
f 30/43/15 10/322/75 9/44/15
f 4/46/6 14/323/6 31/47/6
f 17/49/7 32/324/7 33/50/7
f 20/52/16 34/325/17 32/53/17
f 18/55/18 33/326/76 31/56/19
f 5/58/6 22/327/6 35/59/6
f 6/61/7 28/328/7 29/62/7
f 1/64/7 25/329/7 36/65/7
f 30/67/6 34/330/6 20/68/6
f 36/70/20 35/331/77 22/71/21
f 25/73/22 26/332/22 38/74/23
f 40/76/24 28/333/78 27/77/25
f 42/79/27 30/334/27 29/80/27
f 26/82/6 31/335/6 43/83/6
f 33/85/7 32/336/7 44/86/7
f 34/88/28 46/337/29 44/89/29
f 33/91/30 45/338/79 43/92/31
f 35/94/6 47/339/6 39/95/6
f 29/97/7 28/340/7 40/98/7
f 36/100/7 25/341/7 37/101/7
f 30/103/6 42/342/6 46/104/6
f 48/106/32 47/343/32 35/107/32
f 49/109/34 37/344/34 38/110/34
f 51/112/35 52/345/35 40/113/35
f 54/115/36 42/346/37 41/116/37
f 38/118/6 43/347/6 55/119/6
f 45/121/7 44/348/7 56/122/7
f 46/124/38 58/349/38 56/125/38
f 45/127/38 57/350/38 55/128/38
f 47/130/6 59/351/6 51/131/6
f 41/133/7 40/352/7 52/134/7
f 37/136/7 49/353/7 60/137/7
f 42/139/6 54/354/6 58/140/6
f 60/142/39 59/355/39 47/143/39
f 61/145/40 49/356/40 50/146/40
f 63/148/41 64/357/41 52/149/41
f 66/151/42 54/358/43 53/152/43
f 50/154/6 55/359/6 67/155/6
f 57/157/7 56/360/7 68/158/7
f 58/160/44 70/361/44 68/161/44
f 55/163/44 57/362/44 69/164/44
f 59/166/6 71/363/6 63/167/6
f 53/169/7 52/364/7 64/170/7
f 49/172/7 61/365/7 72/173/7
f 54/175/6 66/366/6 70/176/6
f 72/178/41 71/367/41 59/179/41
f 73/181/6 74/184/6 75/182/6
f 74/184/6 77/368/6 78/185/6
f 80/186/7 81/190/7 82/187/7
f 83/189/7 84/369/7 81/190/7
f 86/191/45 80/195/45 79/192/45
f 87/194/46 83/370/46 80/195/47
f 81/196/45 74/200/45 73/197/45
f 81/196/47 84/371/47 77/199/47
f 89/201/6 90/205/6 91/202/6
f 89/201/6 92/372/6 93/204/6
f 95/206/7 96/210/7 97/207/7
f 98/209/7 99/373/7 96/210/7
f 101/211/48 96/248/48 99/212/49
f 95/214/49 90/244/49 93/215/49
f 102/217/7 103/221/7 104/218/7
f 106/220/7 107/374/7 104/218/7
f 108/222/6 101/225/6 86/223/6
f 101/225/6 100/375/6 87/226/6
f 105/227/50 104/230/50 89/228/50
f 104/230/48 107/376/49 92/231/49
f 78/232/47 106/377/47 103/233/47
f 103/233/45 102/236/45 76/235/45
f 102/236/45 109/378/45 110/237/45
f 112/238/50 105/227/50 88/229/50
f 113/240/6 114/379/6 108/222/6
f 102/217/7 105/219/7 112/241/7
f 94/243/50 91/246/50 90/244/50
f 115/245/50 116/380/50 91/246/50
f 101/211/50 108/250/50 97/247/50
f 114/249/50 117/381/50 97/247/50
f 94/208/7 97/207/7 117/251/7
f 111/253/6 88/203/6 91/202/6
f 118/255/45 82/198/45 73/197/45
f 85/193/45 79/192/45 120/257/45
f 79/188/7 82/187/7 118/259/7
f 73/181/6 76/183/6 110/261/6
f 113/263/51 120/382/51 118/264/51
f 114/265/51 118/264/51 115/266/51
f 109/268/51 116/272/51 119/269/51
f 112/271/51 111/383/51 116/272/51
f 115/266/51 118/264/51 119/269/51
f 67/273/52 72/276/53 61/274/53
f 72/276/54 67/273/80 63/277/54
f 63/277/54 67/273/80 69/279/55
f 64/280/56 69/279/55 66/281/57
f 70/283/59 66/281/57 69/279/55
f 2/285/61 23/289/81 13/286/62
f 8/288/63 13/286/82 23/289/64
f 15/291/66 13/286/82 8/288/63
f 7/292/67 12/384/83 11/293/68
f 15/291/66 11/293/68 19/294/69
f 77/296/71 107/299/71 106/297/71
f 107/299/71 77/296/71 93/300/71
f 84/302/71 98/303/71 93/300/71
f 98/303/71 87/306/71 100/304/71
f 87/306/71 98/303/71 84/302/71
usemtl Default_OBJ.003
s off
f 128/385/51 129/386/51 127/387/51
f 129/386/84 128/385/84 130/388/84
f 122/389/85 123/390/85 126/391/85
f 122/389/51 129/386/51 123/390/51
f 126/391/51 125/392/51 122/389/51
f 130/388/51 123/390/51 129/386/51
f 124/393/51 126/391/51 123/390/51
f 189/394/86 139/395/86 170/396/86
f 135/397/71 132/398/71 140/399/71
f 135/397/71 140/399/71 141/400/71
f 125/392/51 144/401/51 122/389/51
f 160/402/87 121/403/87 131/404/87
f 170/405/6 140/406/6 149/407/6
f 184/408/7 138/409/7 189/410/7
f 194/411/86 143/412/86 169/413/86
f 154/414/6 141/415/6 142/416/6
f 127/417/7 175/418/7 190/419/7
f 200/420/87 130/421/87 155/422/87
f 149/423/86 132/424/86 179/425/86
f 139/426/71 138/427/71 140/399/71
f 140/399/71 138/427/71 137/428/71
f 132/398/88 143/429/88 136/430/88
f 134/431/89 133/432/89 135/397/89
f 133/432/71 143/429/71 135/397/71
f 135/397/90 143/429/90 132/398/90
f 142/433/71 141/400/71 137/428/71
f 140/399/71 137/428/71 141/400/71
f 130/434/7 195/435/7 155/436/7
f 128/385/51 131/437/51 130/388/51
f 121/438/51 130/388/51 131/437/51
f 126/439/87 150/440/87 180/441/87
f 143/442/6 133/443/6 164/444/6
f 162/445/6 166/446/6 167/447/6
f 163/448/6 167/449/6 168/450/6
f 128/451/6 160/452/6 131/453/6
f 161/454/6 165/455/6 166/456/6
f 184/457/91 142/458/91 137/459/91
f 183/460/45 154/461/45 184/462/45
f 182/463/45 153/464/45 183/465/45
f 182/466/45 151/467/45 152/468/45
f 180/469/45 151/470/45 181/471/45
f 135/472/7 199/473/7 134/474/7
f 159/475/7 198/476/7 199/477/7
f 158/478/7 197/479/7 198/480/7
f 157/481/7 196/482/7 197/483/7
f 155/484/7 196/485/7 156/486/7
f 122/487/92 175/488/92 129/489/92
f 145/490/50 176/491/50 175/492/50
f 176/493/50 147/494/50 177/495/50
f 147/496/50 178/497/50 177/498/50
f 148/499/50 179/500/50 178/501/50
f 141/502/91 159/503/91 135/504/91
f 204/505/45 158/506/45 159/507/45
f 203/508/45 157/509/45 158/510/45
f 202/511/45 156/512/45 157/513/45
f 201/514/45 155/515/45 156/516/45
f 136/517/7 179/518/7 132/519/7
f 193/520/7 179/518/7 194/521/7
f 192/522/7 178/523/7 193/520/7
f 191/524/7 177/525/7 192/522/7
f 190/419/7 176/526/7 191/524/7
f 124/527/6 200/528/6 150/529/6
f 150/530/6 201/531/6 151/532/6
f 151/533/6 202/534/6 152/535/6
f 152/536/6 203/537/6 153/538/6
f 153/539/6 204/540/6 154/541/6
f 127/542/92 165/543/92 128/544/92
f 190/545/50 166/546/50 165/547/50
f 191/548/50 167/549/50 166/550/50
f 192/551/50 168/552/50 167/553/50
f 193/554/50 169/555/50 168/556/50
f 125/557/7 180/558/7 185/559/7
f 185/560/7 181/561/7 186/562/7
f 186/563/7 182/564/7 187/565/7
f 187/566/7 183/567/7 188/568/7
f 188/569/7 184/570/7 189/571/7
f 144/572/6 145/573/6 122/574/6
f 174/575/6 146/576/6 145/577/6
f 173/578/6 147/579/6 146/580/6
f 172/581/6 148/582/6 147/583/6
f 171/584/6 149/585/6 148/586/6
f 134/587/91 164/588/91 133/589/91
f 199/590/45 163/591/45 164/592/45
f 198/593/45 162/594/45 163/595/45
f 162/596/45 196/597/45 161/598/45
f 196/599/45 160/600/45 161/601/45
f 125/602/92 174/603/92 144/604/92
f 185/605/50 173/606/50 174/607/50
f 173/608/50 187/609/50 172/610/50
f 187/611/50 171/612/50 172/613/50
f 188/614/50 170/615/50 171/616/50
f 160/402/87 195/617/87 121/403/87
f 127/417/7 129/618/7 175/418/7
f 200/420/87 123/619/87 130/421/87
f 130/434/7 121/620/7 195/435/7
f 126/439/87 124/621/87 150/440/87
f 182/463/45 152/622/45 153/464/45
f 182/466/45 181/623/45 151/467/45
f 180/469/45 150/624/45 151/470/45
f 158/478/7 157/625/7 197/479/7
f 157/481/7 156/626/7 196/482/7
f 155/484/7 195/627/7 196/485/7
f 122/487/92 145/628/92 175/488/92
f 145/490/50 146/629/50 176/491/50
f 176/493/50 146/630/50 147/494/50
f 147/496/50 148/631/50 178/497/50
f 203/508/45 202/632/45 157/509/45
f 202/511/45 201/633/45 156/512/45
f 201/514/45 200/634/45 155/515/45
f 192/522/7 177/525/7 178/523/7
f 191/524/7 176/526/7 177/525/7
f 190/419/7 175/418/7 176/526/7
f 124/527/6 123/635/6 200/528/6
f 150/530/6 200/636/6 201/531/6
f 151/533/6 201/637/6 202/534/6
f 152/536/6 202/638/6 203/537/6
f 127/542/92 190/639/92 165/543/92
f 190/545/50 191/640/50 166/546/50
f 191/548/50 192/641/50 167/549/50
f 192/551/50 193/642/50 168/552/50
f 125/557/7 126/643/7 180/558/7
f 185/560/7 180/644/7 181/561/7
f 186/563/7 181/645/7 182/564/7
f 187/566/7 182/646/7 183/567/7
f 144/572/6 174/647/6 145/573/6
f 174/575/6 173/648/6 146/576/6
f 173/578/6 172/649/6 147/579/6
f 172/581/6 171/650/6 148/582/6
f 198/593/45 197/651/45 162/594/45
f 162/596/45 197/652/45 196/597/45
f 196/599/45 195/653/45 160/600/45
f 125/602/92 185/654/92 174/603/92
f 185/605/50 186/655/50 173/606/50
f 173/608/50 186/656/50 187/609/50
f 187/611/50 188/657/50 171/612/50
f 143/442/6 164/444/6 169/658/6
f 164/659/6 168/660/6 169/661/6
f 164/659/6 163/662/6 168/660/6
f 128/451/6 165/663/6 160/452/6
f 161/454/6 160/664/6 165/455/6
f 162/445/6 161/665/6 166/446/6
f 163/448/6 162/666/6 167/449/6
f 194/411/86 136/667/86 143/412/86
f 193/554/50 194/668/50 169/555/50
f 148/499/50 149/669/50 179/500/50
f 149/423/86 140/670/86 132/424/86
f 171/584/6 170/671/6 149/585/6
f 170/405/6 139/672/6 140/406/6
f 189/394/86 138/673/86 139/395/86
f 188/614/50 189/674/50 170/615/50
f 184/408/7 137/675/7 138/409/7
f 188/569/7 183/676/7 184/570/7
f 184/457/91 154/677/91 142/458/91
f 183/460/45 153/678/45 154/461/45
f 154/414/6 204/679/6 141/415/6
f 153/539/6 203/680/6 204/540/6
f 141/502/91 204/681/91 159/503/91
f 204/505/45 203/682/45 158/506/45
f 134/587/91 199/683/91 164/588/91
f 199/590/45 198/684/45 163/591/45
f 135/472/7 159/685/7 199/473/7
f 159/475/7 158/686/7 198/476/7
f 136/517/7 194/521/7 179/518/7
f 193/520/7 178/523/7 179/518/7
usemtl Default_OBJ.004
f 216/687/51 217/688/51 209/689/51
f 218/690/93 217/688/93 216/687/93
f 217/688/51 238/691/51 215/692/51
f 215/692/51 235/693/51 217/688/51
f 215/692/51 239/694/51 214/695/51
f 252/696/6 216/697/6 209/698/6
f 254/699/94 215/700/94 257/701/94
f 252/702/94 210/703/94 287/704/94
f 210/705/7 254/706/7 287/707/7
f 214/708/6 257/709/6 215/710/6
f 217/711/95 258/712/95 238/713/95
f 216/714/95 256/715/95 218/716/95
f 218/717/7 253/718/7 217/719/7
f 219/720/51 221/721/51 222/722/51
f 223/723/50 220/724/50 219/725/50
f 225/726/71 223/727/71 224/728/71
f 221/729/45 224/730/45 222/731/45
f 220/732/6 225/733/6 221/734/6
f 213/735/51 226/736/51 227/737/51
f 212/738/45 228/739/45 226/740/45
f 211/741/71 230/742/71 228/743/71
f 213/744/50 230/745/50 229/746/50
f 232/747/51 243/748/51 231/749/51
f 242/750/50 232/751/50 231/752/50
f 242/753/7 243/754/7 234/755/7
f 249/756/95 236/757/95 251/758/95
f 259/759/94 214/760/94 239/761/94
f 237/762/7 259/763/7 239/764/7
f 236/765/6 258/766/6 251/767/6
f 211/768/6 213/769/6 229/770/6
f 240/771/71 242/772/71 234/773/71
f 233/774/45 234/775/45 243/776/45
f 241/777/6 233/778/6 232/779/6
f 235/693/51 210/780/51 209/689/51
f 235/693/51 209/689/51 217/688/51
f 238/691/51 239/694/51 215/692/51
f 249/781/45 261/782/45 250/783/45
f 259/784/50 320/785/50 260/786/50
f 259/787/7 250/788/7 262/789/7
f 265/790/50 257/791/50 263/792/50
f 287/793/7 265/794/7 268/795/7
f 260/796/6 263/797/6 257/798/6
f 258/799/45 266/800/45 264/801/45
f 255/802/45 245/803/45 256/804/45
f 256/805/7 266/806/7 253/807/7
f 258/808/6 261/809/6 251/810/6
f 269/811/51 271/812/51 272/813/51
f 273/814/50 270/815/50 269/816/50
f 276/817/71 273/818/71 275/819/71
f 271/820/45 275/821/45 272/822/45
f 270/823/6 276/824/6 271/825/6
f 277/826/51 279/827/51 288/828/51
f 277/829/45 281/830/45 278/831/45
f 282/832/71 281/833/71 280/834/71
f 282/835/50 279/836/50 283/837/50
f 286/838/51 247/839/51 284/840/51
f 285/841/50 284/842/50 290/843/50
f 284/844/7 248/845/7 290/846/7
f 267/847/6 255/848/6 252/849/6
f 267/850/50 287/851/50 268/852/50
f 280/853/6 288/854/6 282/855/6
f 248/856/71 285/857/71 290/858/71
f 247/859/45 289/860/45 248/861/45
f 285/862/6 291/863/6 286/864/6
f 301/865/45 261/866/45 205/867/45
f 323/868/50 320/869/50 262/870/50
f 267/871/6 302/872/6 246/873/6
f 250/874/7 323/875/7 262/876/7
f 321/877/50 265/878/50 263/879/50
f 304/880/50 267/881/50 268/882/50
f 268/883/7 207/884/7 304/885/7
f 263/886/6 208/887/6 321/888/6
f 266/889/45 322/890/45 264/891/45
f 246/892/45 206/893/45 245/894/45
f 266/895/7 206/896/7 303/897/7
f 264/898/6 205/899/6 261/900/6
f 305/901/51 306/902/51 307/903/51
f 309/904/50 305/905/50 308/906/50
f 311/907/71 308/908/71 310/909/71
f 306/910/45 310/911/45 307/912/45
f 319/913/6 311/914/6 306/915/6
f 299/916/51 313/917/51 293/918/51
f 300/919/45 312/920/45 299/921/45
f 292/922/71 314/923/71 300/924/71
f 293/925/50 315/926/50 292/927/50
f 298/928/51 317/929/51 316/930/51
f 294/931/50 298/932/50 316/933/50
f 316/934/7 295/935/7 294/936/7
f 292/937/6 299/938/6 293/939/6
f 318/940/71 294/941/71 295/942/71
f 297/943/45 295/944/45 317/945/45
f 296/946/6 297/947/6 298/948/6
f 349/949/71 352/950/71 348/951/71
f 351/952/71 350/953/71 348/951/71
f 374/954/71 353/955/71 373/956/71
f 355/957/96 352/950/71 354/958/71
f 357/959/51 359/960/51 356/961/51
f 361/962/50 356/963/50 360/964/50
f 362/965/71 361/966/71 360/967/71
f 358/968/45 362/969/45 359/970/45
f 357/971/6 363/972/6 358/973/6
f 365/974/51 367/975/51 364/976/51
f 371/977/45 366/978/45 365/979/45
f 369/980/71 368/981/71 371/982/71
f 364/983/50 370/984/50 369/985/50
f 369/986/6 365/987/6 364/988/6
f 376/989/51 378/990/51 375/991/51
f 380/992/50 375/993/50 379/994/50
f 381/995/71 380/996/71 379/997/71
f 378/998/45 382/999/45 381/1000/45
f 376/1001/6 382/1002/6 377/1003/6
f 375/1004/7 381/1005/7 379/1006/7
f 394/1007/51 385/1008/51 383/1009/51
f 395/1010/50 383/1011/50 386/1012/50
f 388/1013/71 386/1014/71 387/1015/71
f 384/1016/45 387/1017/45 385/1018/45
f 395/1019/6 384/1020/6 394/1021/6
f 397/1022/51 390/1023/51 398/1024/51
f 396/1025/45 389/1026/45 397/1027/45
f 392/1028/71 391/1029/71 396/1030/71
f 392/1031/50 390/1032/50 393/1033/50
f 396/1034/6 398/1035/6 392/1036/6
f 400/1037/51 402/1038/51 399/1039/51
f 404/1040/50 399/1041/50 403/1042/50
f 406/1043/71 403/1044/71 405/1045/71
f 401/1046/45 405/1047/45 402/1048/45
f 404/1049/6 401/1050/6 400/1051/6
f 403/1052/7 402/1053/7 405/1054/7
f 329/1055/97 374/1056/87 373/1057/87
f 355/1058/92 326/1059/92 325/1060/92
f 372/1061/6 328/1062/6 327/1063/6
f 325/1064/98 373/1065/7 355/1066/7
f 352/1067/92 330/1068/92 332/1069/92
f 347/1070/92 327/1071/92 331/1072/92
f 330/1073/7 347/1074/7 331/1075/7
f 326/1076/6 352/1077/6 332/1078/6
f 334/1079/87 348/1080/87 353/1081/87
f 328/1082/87 351/1083/87 335/1084/87
f 335/1085/7 348/1086/7 333/1087/7
f 334/1088/6 374/1089/6 336/1090/6
f 429/1091/51 409/1092/51 407/1093/51
f 430/1094/50 407/1095/50 410/1096/50
f 411/1097/71 430/1098/71 410/1099/71
f 408/1100/45 411/1101/45 409/1102/45
f 429/1103/6 412/1104/6 408/1105/6
f 413/1106/51 415/1107/51 427/1108/51
f 425/1109/45 414/1110/45 413/1111/45
f 417/1112/71 416/1113/71 425/1114/71
f 427/1115/50 418/1116/50 417/1117/50
f 424/1118/51 426/1119/51 419/1120/51
f 422/1121/50 419/1122/50 421/1123/50
f 419/1124/7 423/1125/7 421/1126/7
f 417/1127/6 413/1128/6 427/1129/6
f 428/1130/71 421/1131/71 423/1132/71
f 420/1133/45 423/1134/45 426/1135/45
f 424/1136/6 428/1137/6 420/1138/6
f 338/1139/99 438/1140/99 435/1141/99
f 440/1142/100 437/1143/100 439/1144/100
f 441/1145/100 439/1144/100 437/1143/100
f 444/1146/100 446/1147/100 443/1148/100
f 447/1149/100 443/1148/100 446/1147/100
f 439/1144/100 443/1148/100 440/1142/100
f 441/1150/101 436/1151/101 442/1152/101
f 446/1153/6 337/1154/6 447/1155/6
f 338/1156/7 441/1157/7 437/1158/7
f 444/1159/101 340/1160/101 433/1161/101
f 446/1162/101 339/1163/101 432/1164/101
f 433/1165/7 445/1166/7 444/1167/7
f 436/1168/6 439/1169/6 442/1170/6
f 431/1171/99 440/1172/99 443/1173/99
f 337/1174/99 448/1175/99 447/1176/99
f 342/1177/7 443/1178/7 448/1179/7
f 341/1180/6 438/1181/6 440/1182/6
f 343/1183/101 458/1184/101 457/1185/101
f 459/1186/100 460/1187/100 461/1188/100
f 462/1189/100 457/1190/100 458/1191/100
f 464/1192/100 466/1193/100 463/1194/100
f 467/1195/100 465/1196/100 464/1192/100
f 465/1196/100 462/1189/100 466/1193/100
f 455/1197/99 461/1198/99 456/1199/99
f 467/1200/6 452/1201/6 449/1202/6
f 343/1203/7 459/1204/7 455/1205/7
f 465/1206/99 454/1207/99 460/1208/99
f 467/1209/99 344/1210/99 468/1211/99
f 451/1212/7 468/1213/7 344/1214/7
f 456/1215/6 460/1216/6 454/1217/6
f 450/1218/101 462/1219/101 345/1220/101
f 452/1221/101 463/1222/101 346/1223/101
f 346/1224/7 466/1225/7 450/1226/7
f 345/1227/6 458/1228/6 453/1229/6
f 470/1230/102 472/1231/102 469/1232/102
f 474/1233/99 469/1234/99 473/1235/99
f 476/1236/100 473/1237/100 475/1238/100
f 471/1239/101 475/1240/101 472/1241/101
f 474/1242/6 471/1243/6 470/1244/6
f 478/1245/102 480/1246/102 477/1247/102
f 481/1248/101 479/1249/101 478/1250/101
f 483/1251/100 482/1252/100 481/1253/100
f 477/1254/99 484/1255/99 483/1256/99
f 481/1257/6 477/1258/6 483/1259/6
f 486/1260/102 488/1261/102 485/1262/102
f 489/1263/99 486/1264/99 485/1265/99
f 492/1266/100 489/1267/100 491/1268/100
f 487/1269/101 491/1270/101 488/1271/101
f 490/1272/6 487/1273/6 486/1274/6
f 494/1275/102 496/1276/102 493/1277/102
f 494/1278/101 498/1279/101 495/1280/101
f 499/1281/100 498/1282/100 497/1283/100
f 493/1284/99 500/1285/99 499/1286/99
f 497/1287/6 493/1288/6 499/1289/6
f 502/1290/102 504/1291/102 501/1292/102
f 505/1293/99 502/1294/99 501/1295/99
f 508/1296/100 505/1297/100 507/1298/100
f 503/1299/101 507/1300/101 504/1301/101
f 506/1302/6 503/1303/6 502/1304/6
f 510/1305/102 512/1306/102 509/1307/102
f 513/1308/99 510/1309/99 509/1310/99
f 516/1311/100 513/1312/100 515/1313/100
f 511/1314/101 515/1315/101 512/1316/101
f 514/1317/6 511/1318/6 510/1319/6
f 501/1320/7 507/1321/7 505/1322/7
f 509/1323/7 515/1324/7 513/1325/7
f 239/694/51 238/691/51 237/1326/51
f 237/1326/51 238/691/51 236/1327/51
f 348/951/71 350/953/71 349/949/71
f 350/953/71 372/1328/71 349/949/71
f 349/949/71 372/1328/71 347/1329/71
f 348/951/71 352/950/71 353/955/71
f 353/955/71 352/950/71 373/956/71
f 355/957/103 373/956/104 352/950/104
f 252/696/6 255/1330/6 216/697/6
f 254/699/94 235/1331/94 215/700/94
f 252/702/94 209/1332/94 210/703/94
f 210/705/7 235/1333/7 254/706/7
f 214/708/6 260/1334/6 257/709/6
f 217/711/95 253/1335/95 258/712/95
f 216/714/95 255/1336/95 256/715/95
f 218/717/7 256/1337/7 253/718/7
f 219/720/51 220/1338/51 221/721/51
f 223/723/50 244/1339/50 220/724/50
f 225/726/71 244/1340/71 223/727/71
f 221/729/45 225/1341/45 224/730/45
f 220/732/6 244/1342/6 225/733/6
f 213/735/51 212/1343/51 226/736/51
f 212/738/45 211/1344/45 228/739/45
f 211/741/71 229/1345/71 230/742/71
f 213/744/50 227/1346/50 230/745/50
f 232/747/51 233/1347/51 243/748/51
f 242/750/50 241/1348/50 232/751/50
f 242/753/7 231/1349/7 243/754/7
f 249/756/95 237/1350/95 236/757/95
f 259/759/94 260/1351/94 214/760/94
f 237/762/7 249/1352/7 259/763/7
f 236/765/6 238/1353/6 258/766/6
f 211/768/6 212/1354/6 213/769/6
f 240/771/71 241/1355/71 242/772/71
f 233/774/45 240/1356/45 234/775/45
f 241/777/6 240/1357/6 233/778/6
f 249/781/45 251/1358/45 261/782/45
f 259/784/50 262/1359/50 320/785/50
f 259/787/7 249/1360/7 250/788/7
f 265/790/50 254/1361/50 257/791/50
f 287/793/7 254/1362/7 265/794/7
f 260/796/6 320/1363/6 263/797/6
f 258/799/45 253/1364/45 266/800/45
f 255/802/45 246/1365/45 245/803/45
f 256/805/7 245/1366/7 266/806/7
f 258/808/6 264/1367/6 261/809/6
f 269/811/51 270/1368/51 271/812/51
f 273/814/50 274/1369/50 270/815/50
f 276/817/71 274/1370/71 273/818/71
f 271/820/45 276/1371/45 275/821/45
f 270/823/6 274/1372/6 276/824/6
f 277/826/51 278/1373/51 279/827/51
f 277/829/45 280/1374/45 281/830/45
f 282/832/71 283/1375/71 281/833/71
f 282/835/50 288/1376/50 279/836/50
f 286/838/51 291/1377/51 247/839/51
f 285/841/50 286/1378/50 284/842/50
f 284/844/7 247/1379/7 248/845/7
f 267/847/6 246/1380/6 255/848/6
f 267/850/50 252/1381/50 287/851/50
f 280/853/6 277/1382/6 288/854/6
f 248/856/71 289/1383/71 285/857/71
f 247/859/45 291/1384/45 289/860/45
f 285/862/6 289/1385/6 291/863/6
f 301/865/45 250/1386/45 261/866/45
f 323/868/50 208/1387/50 320/869/50
f 267/871/6 324/1388/6 302/872/6
f 250/874/7 301/1389/7 323/875/7
f 321/877/50 207/1390/50 265/878/50
f 304/880/50 324/1391/50 267/881/50
f 268/883/7 265/1392/7 207/884/7
f 263/886/6 320/1393/6 208/887/6
f 266/889/45 303/1394/45 322/890/45
f 246/892/45 302/1395/45 206/893/45
f 266/895/7 245/1396/7 206/896/7
f 264/898/6 322/1397/6 205/899/6
f 305/901/51 319/1398/51 306/902/51
f 309/904/50 319/1399/50 305/905/50
f 311/907/71 309/1400/71 308/908/71
f 306/910/45 311/1401/45 310/911/45
f 319/913/6 309/1402/6 311/914/6
f 299/916/51 312/1403/51 313/917/51
f 300/919/45 314/1404/45 312/920/45
f 292/922/71 315/1405/71 314/923/71
f 293/925/50 313/1406/50 315/926/50
f 298/928/51 297/1407/51 317/929/51
f 294/931/50 296/1408/50 298/932/50
f 316/934/7 317/1409/7 295/935/7
f 292/937/6 300/1410/6 299/938/6
f 318/940/71 296/1411/71 294/941/71
f 297/943/45 318/1412/45 295/944/45
f 296/946/6 318/1413/6 297/947/6
f 357/959/51 358/1414/51 359/960/51
f 361/962/50 357/1415/50 356/963/50
f 362/965/71 363/1416/71 361/966/71
f 358/968/45 363/1417/45 362/969/45
f 357/971/6 361/1418/6 363/972/6
f 365/974/51 366/1419/51 367/975/51
f 371/977/45 368/1420/45 366/978/45
f 369/980/71 370/1421/71 368/981/71
f 364/983/50 367/1422/50 370/984/50
f 369/986/6 371/1423/6 365/987/6
f 376/989/51 377/1424/51 378/990/51
f 380/992/50 376/1425/50 375/993/50
f 381/995/71 382/1426/71 380/996/71
f 378/998/45 377/1427/45 382/999/45
f 376/1001/6 380/1428/6 382/1002/6
f 375/1004/7 378/1429/7 381/1005/7
f 394/1007/51 384/1430/51 385/1008/51
f 395/1010/50 394/1431/50 383/1011/50
f 388/1013/71 395/1432/71 386/1014/71
f 384/1016/45 388/1433/45 387/1017/45
f 395/1019/6 388/1434/6 384/1020/6
f 397/1022/51 389/1435/51 390/1023/51
f 396/1025/45 391/1436/45 389/1026/45
f 392/1028/71 393/1437/71 391/1029/71
f 392/1031/50 398/1438/50 390/1032/50
f 396/1034/6 397/1439/6 398/1035/6
f 400/1037/51 401/1440/51 402/1038/51
f 404/1040/50 400/1441/50 399/1041/50
f 406/1043/71 404/1442/71 403/1044/71
f 401/1046/45 406/1443/45 405/1047/45
f 404/1049/6 406/1444/6 401/1050/6
f 403/1052/7 399/1445/7 402/1053/7
f 329/1055/105 336/1446/106 374/1056/87
f 355/1058/92 354/1447/92 326/1059/92
f 372/1061/6 350/1448/6 328/1062/6
f 325/1064/107 329/1449/108 373/1065/7
f 352/1067/92 349/1450/92 330/1068/92
f 347/1070/92 372/1451/92 327/1071/92
f 330/1073/7 349/1452/7 347/1074/7
f 326/1076/6 354/1453/6 352/1077/6
f 334/1079/87 333/1454/87 348/1080/87
f 328/1082/87 350/1455/87 351/1083/87
f 335/1085/7 351/1456/7 348/1086/7
f 334/1088/6 353/1457/6 374/1089/6
f 429/1091/51 408/1458/51 409/1092/51
f 430/1094/50 429/1459/50 407/1095/50
f 411/1097/71 412/1460/71 430/1098/71
f 408/1100/45 412/1461/45 411/1101/45
f 429/1103/6 430/1462/6 412/1104/6
f 413/1106/51 414/1463/51 415/1107/51
f 425/1109/45 416/1464/45 414/1110/45
f 417/1112/71 418/1465/71 416/1113/71
f 427/1115/50 415/1466/50 418/1116/50
f 424/1118/51 420/1467/51 426/1119/51
f 422/1121/50 424/1468/50 419/1122/50
f 419/1124/7 426/1469/7 423/1125/7
f 417/1127/6 425/1470/6 413/1128/6
f 428/1130/71 422/1471/71 421/1131/71
f 420/1133/45 428/1472/45 423/1134/45
f 424/1136/6 422/1473/6 428/1137/6
f 338/1139/99 437/1474/99 438/1140/99
f 440/1142/100 438/1475/100 437/1143/100
f 441/1145/100 442/1476/100 439/1144/100
f 444/1146/100 445/1477/100 446/1147/100
f 447/1149/100 448/1478/100 443/1148/100
f 439/1144/100 444/1146/100 443/1148/100
f 441/1150/101 434/1479/101 436/1151/101
f 446/1153/6 432/1480/6 337/1154/6
f 338/1156/7 434/1481/7 441/1157/7
f 444/1159/101 439/1482/101 340/1160/101
f 446/1162/101 445/1483/101 339/1163/101
f 433/1165/7 339/1484/7 445/1166/7
f 436/1168/6 340/1485/6 439/1169/6
f 431/1171/99 341/1486/99 440/1172/99
f 337/1174/99 342/1487/99 448/1175/99
f 342/1177/7 431/1488/7 443/1178/7
f 341/1180/6 435/1489/6 438/1181/6
f 343/1183/101 453/1490/101 458/1184/101
f 459/1186/100 457/1190/100 460/1187/100
f 462/1189/100 460/1187/100 457/1190/100
f 464/1192/100 465/1196/100 466/1193/100
f 467/1195/100 468/1491/100 465/1196/100
f 465/1196/100 460/1187/100 462/1189/100
f 455/1197/99 459/1492/99 461/1198/99
f 467/1200/6 464/1493/6 452/1201/6
f 343/1203/7 457/1494/7 459/1204/7
f 465/1206/99 451/1495/99 454/1207/99
f 467/1209/99 449/1496/99 344/1210/99
f 451/1212/7 465/1497/7 468/1213/7
f 456/1215/6 461/1498/6 460/1216/6
f 450/1218/101 466/1499/101 462/1219/101
f 452/1221/101 464/1500/101 463/1222/101
f 346/1224/7 463/1501/7 466/1225/7
f 345/1227/6 462/1502/6 458/1228/6
f 470/1230/102 471/1503/102 472/1231/102
f 474/1233/99 470/1504/99 469/1234/99
f 476/1236/100 474/1505/100 473/1237/100
f 471/1239/101 476/1506/101 475/1240/101
f 474/1242/6 476/1507/6 471/1243/6
f 478/1245/102 479/1508/102 480/1246/102
f 481/1248/101 482/1509/101 479/1249/101
f 483/1251/100 484/1510/100 482/1252/100
f 477/1254/99 480/1511/99 484/1255/99
f 481/1257/6 478/1512/6 477/1258/6
f 486/1260/102 487/1513/102 488/1261/102
f 489/1263/99 490/1514/99 486/1264/99
f 492/1266/100 490/1515/100 489/1267/100
f 487/1269/101 492/1516/101 491/1270/101
f 490/1272/6 492/1517/6 487/1273/6
f 494/1275/102 495/1518/102 496/1276/102
f 494/1278/101 497/1519/101 498/1279/101
f 499/1281/100 500/1520/100 498/1282/100
f 493/1284/99 496/1521/99 500/1285/99
f 497/1287/6 494/1522/6 493/1288/6
f 502/1290/102 503/1523/102 504/1291/102
f 505/1293/99 506/1524/99 502/1294/99
f 508/1296/100 506/1525/100 505/1297/100
f 503/1299/101 508/1526/101 507/1300/101
f 506/1302/6 508/1527/6 503/1303/6
f 510/1305/102 511/1528/102 512/1306/102
f 513/1308/99 514/1529/99 510/1309/99
f 516/1311/100 514/1530/100 513/1312/100
f 511/1314/101 516/1531/101 515/1315/101
f 514/1317/6 516/1532/6 511/1318/6
f 501/1320/7 504/1533/7 507/1321/7
f 509/1323/7 512/1534/7 515/1324/7
s 1
f 205/867/45 517/1535/45 518/1536/45
f 520/1537/50 519/1538/50 207/1390/50
f 522/1539/50 521/1540/50 324/1391/50
f 526/1541/71 523/1542/71 524/1543/71
f 527/1544/45 528/1545/45 524/1546/45
f 527/1547/51 529/1548/51 530/1549/51
f 529/1550/50 526/1551/50 525/1552/50
f 525/1553/6 524/1554/6 528/1555/6
f 534/1556/71 531/1557/71 532/1558/71
f 535/1559/45 536/1560/45 532/1561/45
f 535/1562/51 537/1563/51 538/1564/51
f 537/1565/50 534/1566/50 533/1567/50
f 533/1568/6 532/1569/6 536/1570/6
f 542/1571/71 539/1572/71 540/1573/71
f 539/1574/45 543/1575/45 544/1576/45
f 543/1577/51 545/1578/51 546/1579/51
f 545/1580/50 542/1581/50 541/1582/50
f 541/1583/6 540/1584/6 544/1585/6
f 550/1586/71 547/1587/71 548/1588/71
f 551/1589/45 552/1590/45 548/1591/45
f 551/1592/51 553/1593/51 554/1594/51
f 553/1595/50 550/1596/50 549/1597/50
f 549/1598/6 548/1599/6 552/1600/6
f 558/1601/71 555/1602/71 556/1603/71
f 559/1604/45 560/1605/45 556/1606/45
f 559/1607/51 561/1608/51 562/1609/51
f 561/1610/50 558/1611/50 557/1612/50
f 556/1613/6 560/1614/6 562/1615/6
f 566/1616/71 563/1617/71 564/1618/71
f 563/1619/45 567/1620/45 568/1621/45
f 567/1622/51 569/1623/51 570/1624/51
f 566/1625/50 565/1626/50 570/1627/50
f 565/1628/6 564/1629/6 568/1630/6
f 574/1631/71 571/1632/71 572/1633/71
f 575/1634/45 576/1635/45 572/1636/45
f 575/1637/51 577/1638/51 578/1639/51
f 574/1640/50 573/1641/50 578/1642/50
f 573/1643/6 572/1644/6 576/1645/6
f 553/1646/7 551/1647/7 547/1648/7
f 559/1649/7 555/1650/7 558/1651/7
f 569/1652/7 567/1653/7 563/1654/7
f 577/1655/7 575/1656/7 571/1657/7
f 582/1658/71 579/1659/71 580/1660/71
f 583/1661/45 584/1662/45 580/1663/45
f 583/1664/51 585/1665/51 586/1666/51
f 585/1667/50 582/1668/50 581/1669/50
f 580/1670/6 584/1671/6 586/1672/6
f 590/1673/71 587/1674/71 588/1675/71
f 587/1676/45 591/1677/45 592/1678/45
f 591/1679/51 593/1680/51 594/1681/51
f 593/1682/50 590/1683/50 589/1684/50
f 589/1685/6 588/1686/6 592/1687/6
f 598/1688/71 595/1689/71 596/1690/71
f 595/1691/45 599/1692/45 600/1693/45
f 599/1694/51 601/1695/51 602/1696/51
f 601/1697/50 598/1698/50 597/1699/50
f 597/1700/6 596/1701/6 600/1702/6
f 606/1703/71 603/1704/71 604/1705/71
f 605/1706/50 604/1707/50 607/1708/50
f 608/1709/51 607/1710/51 609/1711/51
f 610/1712/45 609/1713/45 603/1714/45
f 603/1715/6 609/1716/6 607/1717/6
f 614/1718/71 611/1719/71 612/1720/71
f 611/1721/45 615/1722/45 616/1723/45
f 615/1724/51 617/1725/51 618/1726/51
f 617/1727/50 614/1728/50 613/1729/50
f 613/1730/6 612/1731/6 616/1732/6
f 622/1733/71 619/1734/71 620/1735/71
f 619/1736/45 623/1737/45 624/1738/45
f 623/1739/51 625/1740/51 626/1741/51
f 625/1742/50 622/1743/50 621/1744/50
f 621/1745/6 620/1746/6 624/1747/6
f 630/1748/71 627/1749/71 628/1750/71
f 631/1751/45 632/1752/45 628/1753/45
f 631/1754/51 633/1755/51 634/1756/51
f 633/1757/50 630/1758/50 629/1759/50
f 628/1760/6 632/1761/6 634/1762/6
f 638/1763/71 635/1764/71 636/1765/71
f 639/1766/45 640/1767/45 636/1768/45
f 639/1769/51 641/1770/51 642/1771/51
f 641/1772/50 638/1773/50 637/1774/50
f 636/1775/6 640/1776/6 642/1777/6
f 646/1778/71 643/1779/71 644/1780/71
f 647/1781/45 648/1782/45 644/1783/45
f 647/1784/51 649/1785/51 650/1786/51
f 649/1787/50 646/1788/50 645/1789/50
f 645/1790/6 644/1791/6 648/1792/6
f 625/1793/7 623/1794/7 619/1795/7
f 631/1796/7 627/1797/7 630/1798/7
f 641/1799/7 639/1800/7 635/1801/7
f 649/1802/7 647/1803/7 643/1804/7
f 654/1805/71 651/1806/71 652/1807/71
f 655/1808/45 656/1809/45 652/1810/45
f 655/1811/51 657/1812/51 658/1813/51
f 657/1814/50 654/1815/50 653/1816/50
f 652/1817/6 656/1818/6 658/1819/6
f 662/1820/71 659/1821/71 660/1822/71
f 660/1823/50 663/1824/50 664/1825/50
f 664/1826/51 663/1827/51 665/1828/51
f 666/1829/45 665/1830/45 659/1831/45
f 665/1832/6 663/1833/6 660/1834/6
f 670/1835/71 667/1836/71 668/1837/71
f 671/1838/45 672/1839/45 668/1840/45
f 671/1841/51 673/1842/51 674/1843/51
f 673/1844/50 670/1845/50 669/1846/50
f 669/1847/6 668/1848/6 672/1849/6
f 678/1850/71 675/1851/71 676/1852/71
f 676/1853/50 679/1854/50 680/1855/50
f 680/1856/51 679/1857/51 681/1858/51
f 682/1859/45 681/1860/45 675/1861/45
f 675/1862/6 681/1863/6 679/1864/6
f 686/1865/71 683/1866/71 684/1867/71
f 687/1868/45 688/1869/45 684/1870/45
f 687/1871/51 689/1872/51 690/1873/51
f 689/1874/50 686/1875/50 685/1876/50
f 685/1877/6 684/1878/6 688/1879/6
f 694/1880/71 691/1881/71 692/1882/71
f 692/1883/50 695/1884/50 696/1885/50
f 696/1886/51 695/1887/51 697/1888/51
f 697/1889/45 691/1890/45 694/1891/45
f 691/1892/6 697/1893/6 695/1894/6
f 702/1895/71 699/1896/71 700/1897/71
f 703/1898/45 704/1899/45 700/1900/45
f 703/1901/51 705/1902/51 706/1903/51
f 705/1904/50 702/1905/50 701/1906/50
f 701/1907/6 700/1908/6 704/1909/6
f 710/1910/71 707/1911/71 708/1912/71
f 709/1913/50 708/1914/50 711/1915/50
f 712/1916/51 711/1917/51 713/1918/51
f 714/1919/45 713/1920/45 707/1921/45
f 707/1922/6 713/1923/6 711/1924/6
f 718/1925/71 715/1926/71 716/1927/71
f 719/1928/45 720/1929/45 716/1930/45
f 719/1931/51 721/1932/51 722/1933/51
f 721/1934/50 718/1935/50 717/1936/50
f 717/1937/6 716/1938/6 720/1939/6
f 726/1940/71 723/1941/71 724/1942/71
f 727/1943/45 728/1944/45 724/1945/45
f 727/1946/51 729/1947/51 730/1948/51
f 729/1949/50 726/1950/50 725/1951/50
f 725/1952/6 724/1953/6 728/1954/6
f 734/1955/71 731/1956/71 732/1957/71
f 735/1958/45 736/1959/45 732/1960/45
f 735/1961/51 737/1962/51 738/1963/51
f 737/1964/50 734/1965/50 733/1966/50
f 732/1967/6 736/1968/6 738/1969/6
f 742/1970/71 739/1971/71 740/1972/71
f 743/1973/45 744/1974/45 740/1975/45
f 743/1976/51 745/1977/51 746/1978/51
f 745/1979/50 742/1980/50 741/1981/50
f 740/1982/6 744/1983/6 746/1984/6
f 721/1985/7 719/1986/7 715/1987/7
f 727/1988/7 723/1989/7 726/1990/7
f 735/1991/7 731/1992/7 734/1993/7
f 745/1994/7 743/1995/7 739/1996/7
f 326/1059/109 747/1997/110 748/1998/111
f 749/1999/6 750/2000/6 327/1063/6
f 751/2001/7 329/1449/7 325/1064/7
f 752/2002/7 330/1073/7 331/1075/7
f 754/2003/6 747/2004/6 326/1076/6
f 755/2005/112 333/1454/112 334/1079/112
f 757/2006/113 749/2007/114 328/1082/115
f 757/2008/7 335/1085/7 333/1087/7
f 758/2009/6 756/2010/6 334/1088/6
f 762/2011/116 759/2012/116 760/2013/116
f 759/2014/117 763/2015/117 764/2016/117
f 763/2017/118 765/2018/118 766/2019/118
f 765/2020/119 762/2021/119 761/2022/119
f 760/2023/6 764/2024/6 766/2025/6
f 770/2026/116 767/2027/116 768/2028/116
f 768/2029/120 771/2030/120 772/2031/120
f 772/2032/118 771/2033/118 773/2034/118
f 774/2035/121 773/2036/121 767/2037/121
f 767/2038/6 773/2039/6 771/2040/6
f 327/1071/109 750/2041/122 753/2042/123
f 332/1069/109 330/1068/109 752/2043/109
f 758/2044/112 336/1446/112 329/1055/112
f 747/2045/124 775/2046/125 776/2047/126
f 777/2048/6 778/2049/6 750/2050/6
f 776/2051/7 779/2052/7 751/2053/7
f 781/2054/7 780/2055/7 752/2056/7
f 782/2057/6 775/2058/6 747/2059/6
f 784/2060/127 783/2061/127 755/2062/127
f 785/2063/128 777/2064/129 749/2065/130
f 783/2066/7 785/2067/7 757/2068/7
f 784/2069/6 756/2070/6 758/2071/6
f 750/2072/131 778/2073/132 781/2074/133
f 754/2075/134 752/2076/134 780/2077/134
f 786/2078/129 758/2079/129 751/2080/129
f 775/2081/135 787/2082/136 788/2083/137
f 789/2084/6 790/2085/6 778/2086/6
f 788/2087/7 791/2088/7 779/2089/7
f 793/2090/7 792/2091/7 780/2092/7
f 794/2093/6 787/2094/6 775/2095/6
f 796/2096/138 795/2097/138 783/2098/138
f 797/2099/138 789/2100/138 777/2101/138
f 795/2102/7 797/2103/7 785/2104/7
f 796/2105/6 784/2106/6 786/2107/6
f 802/2108/139 799/2109/139 800/2110/139
f 801/2111/140 800/2112/140 803/2113/140
f 804/2114/141 803/2115/141 805/2116/141
f 806/2117/142 805/2118/142 799/2119/142
f 805/2120/6 803/2121/6 800/2122/6
f 810/2123/143 807/2124/143 808/2125/143
f 811/2126/144 812/2127/144 808/2128/144
f 811/2129/145 813/2130/145 814/2131/145
f 813/2132/146 810/2133/146 809/2134/146
f 808/2135/6 812/2136/6 814/2137/6
f 813/2138/7 811/2139/7 807/2140/7
f 778/2141/147 790/2142/148 793/2143/149
f 782/2144/150 780/2145/150 792/2146/150
f 798/2147/151 786/2148/151 779/2149/151
f 787/2150/152 815/2151/153 816/2152/154
f 817/2153/6 818/2154/6 790/2155/6
f 816/2156/7 819/2157/7 791/2158/7
f 821/2159/7 820/2160/7 792/2161/7
f 822/2162/6 815/2163/6 787/2164/6
f 824/2165/155 823/2166/155 795/2167/155
f 817/2168/155 789/2169/155 797/2170/155
f 823/2171/7 825/2172/7 797/2173/7
f 824/2174/6 796/2175/6 798/2176/6
f 830/2177/156 827/2178/156 828/2179/156
f 829/2180/157 828/2181/157 831/2182/157
f 832/2183/158 831/2184/158 833/2185/158
f 834/2186/159 833/2187/159 827/2188/159
f 833/2189/6 831/2190/6 828/2191/6
f 838/2192/160 835/2193/160 836/2194/160
f 839/2195/161 840/2196/161 836/2197/161
f 839/2198/162 841/2199/162 842/2200/162
f 838/2201/163 837/2202/163 842/2203/163
f 836/2204/6 840/2205/6 842/2206/6
f 841/2207/7 839/2208/7 835/2209/7
f 790/2210/164 818/2211/165 821/2212/166
f 794/2213/167 792/2214/167 820/2215/168
f 826/2216/169 798/2217/169 791/2218/169
f 815/2219/170 843/2220/171 844/2221/172
f 845/2222/6 846/2223/6 818/2224/6
f 844/2225/7 847/2226/7 819/2227/7
f 849/2228/7 848/2229/7 820/2230/7
f 850/2231/6 843/2232/6 815/2233/6
f 852/2234/173 851/2235/173 823/2236/173
f 853/2237/173 845/2238/173 817/2239/173
f 851/2240/7 853/2241/7 825/2242/7
f 852/2243/6 824/2244/6 826/2245/6
f 855/2246/174 856/2247/174 857/2248/174
f 856/2249/175 859/2250/175 860/2251/175
f 860/2252/176 859/2253/176 861/2254/176
f 862/2255/177 861/2256/178 855/2257/178
f 855/2258/6 861/2259/6 859/2260/6
f 866/2261/179 863/2262/179 864/2263/179
f 863/2264/180 867/2265/180 868/2266/180
f 867/2267/181 869/2268/181 870/2269/181
f 869/2270/182 866/2271/182 865/2272/182
f 865/2273/6 864/2274/6 868/2275/6
f 867/2276/7 863/2277/7 866/2278/7
f 818/2279/183 846/2280/184 849/2281/185
f 820/2282/186 848/2283/186 850/2284/186
f 854/2285/173 826/2286/173 819/2287/173
f 843/2288/187 871/2289/188 872/2290/189
f 873/2291/6 874/2292/6 846/2293/6
f 872/2294/7 875/2295/7 847/2296/7
f 877/2297/7 876/2298/7 848/2299/7
f 878/2300/6 871/2301/6 843/2302/6
f 880/2303/190 879/2304/190 851/2305/190
f 881/2306/191 873/2307/191 845/2308/191
f 879/2309/7 881/2310/7 853/2311/7
f 880/2312/6 852/2313/6 854/2314/6
f 886/2315/192 883/2316/192 884/2317/192
f 885/2318/193 884/2319/193 887/2320/193
f 888/2321/194 887/2322/194 889/2323/194
f 890/2324/195 889/2325/195 883/2326/195
f 883/2327/6 889/2328/6 887/2329/6
f 894/2330/196 891/2331/196 892/2332/196
f 891/2333/197 895/2334/197 896/2335/197
f 895/2336/198 897/2337/198 898/2338/198
f 897/2339/199 894/2340/199 893/2341/199
f 893/2342/6 892/2343/6 896/2344/6
f 895/2345/7 891/2346/7 894/2347/7
f 846/2348/200 874/2349/201 877/2350/202
f 848/2351/203 876/2352/203 878/2353/203
f 882/2354/191 854/2355/191 847/2356/191
f 871/2357/204 899/2358/205 900/2359/206
f 901/2360/6 902/2361/6 874/2362/6
f 900/2363/7 903/2364/7 875/2365/7
f 905/2366/7 904/2367/7 876/2368/7
f 906/2369/6 899/2370/6 871/2371/6
f 908/2372/207 907/2373/207 879/2374/207
f 909/2375/207 901/2376/207 873/2377/207
f 907/2378/7 909/2379/7 881/2380/7
f 908/2381/6 880/2382/6 882/2383/6
f 911/2384/208 912/2385/208 913/2386/208
f 911/2387/209 915/2388/209 916/2389/209
f 915/2390/210 917/2391/210 918/2392/211
f 917/2393/212 914/2394/212 913/2395/212
f 913/2396/6 912/2397/6 916/2398/6
f 922/2399/213 919/2400/213 920/2401/213
f 921/2402/214 920/2403/214 923/2404/214
f 924/2405/210 923/2406/210 925/2407/210
f 926/2408/215 925/2409/215 919/2410/215
f 925/2411/6 923/2412/6 920/2413/6
f 930/2414/216 927/2415/216 928/2416/216
f 931/2417/217 932/2418/217 928/2419/217
f 931/2420/218 933/2421/218 934/2422/218
f 933/2423/219 930/2424/219 929/2425/219
f 928/2426/6 932/2427/6 934/2428/6
f 933/2429/7 931/2430/7 927/2431/7
f 874/2432/204 902/2433/220 905/2434/221
f 878/2435/212 876/2436/212 904/2437/212
f 910/2438/207 882/2439/207 875/2440/207
f 899/2441/222 935/2442/223 936/2443/224
f 937/2444/6 938/2445/6 902/2446/6
f 936/2447/7 939/2448/7 903/2449/7
f 941/2450/7 940/2451/7 904/2452/7
f 942/2453/6 935/2454/6 899/2455/6
f 944/2456/225 943/2457/225 907/2458/225
f 945/2459/225 937/2460/225 901/2461/225
f 943/2462/7 945/2463/7 909/2464/7
f 944/2465/6 908/2466/6 910/2467/6
f 950/2468/226 947/2469/226 948/2470/227
f 951/2471/228 952/2472/228 948/2473/228
f 951/2474/229 953/2475/229 954/2476/229
f 953/2477/230 950/2478/230 949/2479/230
f 949/2480/6 948/2481/6 952/2482/6
f 958/2483/227 955/2484/227 956/2485/227
f 957/2486/231 956/2487/231 959/2488/231
f 960/2489/229 959/2490/229 961/2491/229
f 962/2492/232 961/2493/233 955/2494/234
f 961/2495/6 959/2496/6 956/2497/6
f 966/2498/235 963/2499/235 964/2500/235
f 967/2501/236 968/2502/236 964/2503/236
f 967/2504/237 969/2505/237 970/2506/237
f 969/2507/238 966/2508/238 965/2509/238
f 964/2510/6 968/2511/6 970/2512/6
f 969/2513/7 967/2514/7 963/2515/7
f 902/2516/239 938/2517/240 941/2518/241
f 904/2519/242 940/2520/242 942/2521/242
f 946/2522/243 910/2523/243 903/2524/243
f 935/2525/244 971/2526/245 972/2527/246
f 973/2528/6 974/2529/6 938/2530/6
f 972/2531/7 975/2532/7 939/2533/7
f 977/2534/7 976/2535/7 940/2536/7
f 978/2537/6 971/2538/6 935/2539/6
f 980/2540/247 979/2541/247 943/2542/247
f 981/2543/248 973/2544/248 937/2545/248
f 979/2546/7 981/2547/7 945/2548/7
f 980/2549/6 944/2550/6 946/2551/6
f 983/2552/71 984/2553/71 985/2554/71
f 986/2555/71 987/2556/71 988/2557/71
f 989/2558/71 990/2559/71 991/2560/71
f 990/2559/71 989/2558/71 993/2561/71
f 985/2554/71 993/2561/71 989/2558/71
f 998/2562/249 995/2563/249 996/2564/249
f 996/2565/250 999/2566/250 1000/2567/250
f 999/2568/251 1001/2569/251 1002/2570/251
f 1002/2571/252 1001/2572/252 995/2573/252
f 995/2574/6 1001/2575/6 999/2576/6
f 1006/2577/253 1003/2578/253 1004/2579/253
f 1003/2580/254 1007/2581/254 1008/2582/254
f 1007/2583/255 1009/2584/255 1010/2585/255
f 1009/2586/256 1006/2587/256 1005/2588/256
f 1004/2589/6 1008/2590/6 1010/2591/6
f 1009/2592/7 1007/2593/7 1003/2594/7
f 938/2595/257 974/2596/258 977/2597/259
f 942/2598/260 940/2599/260 976/2600/260
f 982/2601/248 946/2602/248 939/2603/248
f 971/2604/261 1011/2605/262 1012/2606/263
f 1013/2607/6 1014/2608/6 974/2609/6
f 1012/2610/7 1015/2611/7 975/2612/7
f 1017/2613/7 1016/2614/7 976/2615/7
f 1018/2616/6 1011/2617/6 971/2618/6
f 1020/2619/264 1019/2620/264 979/2621/264
f 1021/2622/264 1013/2623/264 973/2624/264
f 1019/2625/7 1021/2626/7 981/2627/7
f 1020/2628/6 980/2629/6 982/2630/6
f 1026/2631/265 1023/2632/265 1024/2633/265
f 1027/2634/266 1028/2635/266 1029/2636/266
f 1034/2637/267 1031/2638/268 1032/2639/268
f 1038/2640/269 1035/2641/269 1036/2642/269
f 1039/2643/270 1040/2644/270 1036/2645/270
f 1039/2646/271 1041/2647/271 1042/2648/271
f 1038/2649/272 1037/2650/272 1042/2651/272
f 1037/2652/6 1036/2653/6 1040/2654/6
f 1046/2655/269 1043/2656/269 1044/2657/269
f 1044/2658/273 1047/2659/273 1048/2660/273
f 1048/2661/271 1047/2662/271 1049/2663/271
f 1050/2664/274 1049/2665/274 1043/2666/274
f 1049/2667/6 1047/2668/6 1044/2669/6
f 1054/2670/275 1051/2671/275 1052/2672/275
f 1055/2673/276 1056/2674/276 1052/2675/276
f 1055/2676/277 1057/2677/277 1058/2678/277
f 1054/2679/278 1053/2680/278 1058/2681/278
f 1053/2682/6 1052/2683/6 1056/2684/6
f 1055/2685/7 1051/2686/7 1054/2687/7
f 1025/2688/6 1059/2689/6 1060/2690/6
f 1061/2691/7 1062/2692/7 1063/2693/7
f 1063/2694/279 1062/2695/279 1065/2696/279
f 1060/2697/279 1059/2698/279 1061/2699/279
f 1027/2700/6 1030/2701/6 1067/2702/6
f 1034/2703/7 1029/2704/7 1028/2705/7
f 1070/2706/7 1069/2707/7 1024/2708/7
f 1033/2709/280 1032/2710/281 1066/2711/281
f 1067/2712/282 1069/2713/282 1070/2714/282
f 974/2715/283 1014/2716/284 1017/2717/285
f 976/2718/283 1016/2719/283 1018/2720/283
f 1022/2721/264 982/2722/264 975/2723/264
f 1011/2724/286 1071/2725/287 1072/2726/288
f 1073/2727/6 1074/2728/6 1014/2729/6
f 1072/2730/7 1075/2731/7 1015/2732/7
f 1077/2733/7 1076/2734/7 1016/2735/7
f 1078/2736/6 1071/2737/6 1011/2738/6
f 1080/2739/289 1079/2740/289 1019/2741/289
f 1073/2742/289 1013/2743/289 1021/2744/289
f 1079/2745/7 1081/2746/7 1021/2747/7
f 1080/2748/6 1020/2749/6 1022/2750/6
f 1084/2751/290 1083/2752/290 1023/2753/290
f 1085/2754/291 1086/2755/291 1028/2756/291
f 1031/2757/292 1087/2758/293 1088/2759/293
f 1092/2760/294 1089/2761/294 1090/2762/294
f 1089/2763/295 1093/2764/295 1094/2765/295
f 1093/2766/296 1095/2767/296 1096/2768/296
f 1095/2769/297 1092/2770/297 1091/2771/297
f 1090/2772/6 1094/2773/6 1096/2774/6
f 1100/2775/294 1097/2776/298 1098/2777/298
f 1099/2778/299 1098/2779/299 1101/2780/299
f 1102/2781/296 1101/2782/296 1103/2783/296
f 1104/2784/300 1103/2785/300 1097/2786/300
f 1097/2787/6 1103/2788/6 1101/2789/6
f 1108/2790/301 1105/2791/301 1106/2792/301
f 1105/2793/302 1109/2794/302 1110/2795/302
f 1109/2796/303 1111/2797/303 1112/2798/303
f 1111/2799/304 1108/2800/304 1107/2801/304
f 1106/2802/6 1110/2803/6 1112/2804/6
f 1111/2805/7 1109/2806/7 1105/2807/7
f 1026/2808/6 1060/2809/6 1113/2810/6
f 1064/2811/7 1063/2812/7 1114/2813/7
f 1063/2814/290 1066/2815/290 1116/2816/290
f 1113/2817/290 1060/2818/290 1064/2819/290
f 1085/2820/6 1027/2821/6 1068/2822/6
f 1031/2823/7 1028/2824/7 1086/2825/7
f 1118/2826/7 1070/2827/7 1023/2828/7
f 1032/2829/281 1088/2830/6 1116/2831/6
f 1068/2832/291 1070/2833/291 1118/2834/291
f 1014/2835/286 1074/2836/305 1077/2837/306
f 1016/2838/307 1076/2839/307 1078/2840/307
f 1082/2841/289 1022/2842/289 1015/2843/289
f 1071/2844/308 1119/2845/309 1120/2846/309
f 1121/2847/6 1122/2848/6 1074/2849/6
f 1120/2850/7 1123/2851/7 1075/2852/7
f 1125/2853/7 1124/2854/7 1076/2855/7
f 1126/2856/6 1119/2857/6 1071/2858/6
f 1127/2859/310 1079/2860/310 1080/2861/310
f 1121/2862/310 1073/2863/310 1081/2864/310
f 1127/2865/7 1129/2866/7 1081/2867/7
f 1128/2868/6 1080/2869/6 1082/2870/6
f 1132/2871/311 1131/2872/311 1083/2873/311
f 1133/2874/312 1134/2875/312 1086/2876/312
f 1087/2877/313 1135/2878/314 1136/2879/314
f 1140/2880/315 1137/2881/315 1138/2882/315
f 1141/2883/316 1142/2884/316 1138/2885/316
f 1141/2886/317 1143/2887/317 1144/2888/317
f 1143/2889/318 1140/2890/318 1139/2891/318
f 1139/2892/6 1138/2893/6 1142/2894/6
f 1148/2895/315 1145/2896/315 1146/2897/315
f 1147/2898/319 1146/2899/319 1149/2900/319
f 1149/2901/317 1151/2902/317 1152/2903/317
f 1152/2904/320 1151/2905/320 1145/2906/320
f 1151/2907/6 1149/2908/6 1146/2909/6
f 1156/2910/321 1153/2911/321 1154/2912/321
f 1157/2913/322 1158/2914/322 1154/2915/322
f 1157/2916/323 1159/2917/323 1160/2918/323
f 1159/2919/324 1156/2920/324 1155/2921/324
f 1155/2922/6 1154/2923/6 1158/2924/6
f 1157/2925/7 1153/2926/7 1156/2927/7
f 1084/2928/6 1113/2929/6 1161/2930/6
f 1115/2931/7 1114/2932/7 1162/2933/7
f 1162/2934/325 1114/2935/325 1116/2936/325
f 1161/2937/326 1113/2938/326 1115/2939/326
f 1133/2940/6 1085/2941/6 1117/2942/6
f 1087/2943/7 1086/2944/7 1134/2945/7
f 1166/2946/7 1118/2947/7 1083/2948/7
f 1088/2949/6 1136/2950/6 1164/2951/6
f 1117/2952/327 1118/2953/327 1166/2954/327
f 1074/2955/328 1122/2956/309 1125/2957/329
f 1078/2958/330 1076/2959/330 1124/2960/330
f 1130/2961/310 1082/2962/310 1075/2963/310
f 1119/2964/331 1167/2965/332 1168/2966/332
f 1169/2967/6 1170/2968/6 1122/2969/6
f 1168/2970/7 1171/2971/7 1123/2972/7
f 1173/2973/7 1172/2974/7 1124/2975/7
f 1174/2976/6 1167/2977/6 1119/2978/6
f 1175/2979/333 1127/2980/333 1128/2981/333
f 1177/2982/333 1169/2983/333 1121/2984/333
f 1175/2985/7 1177/2986/7 1129/2987/7
f 1176/2988/6 1128/2989/6 1130/2990/6
f 1180/2991/334 1179/2992/334 1131/2993/334
f 1181/2994/335 1182/2995/335 1134/2996/335
f 1135/2997/335 1183/2998/336 1184/2999/336
f 1188/3000/337 1185/3001/337 1186/3002/337
f 1185/3003/338 1189/3004/338 1190/3005/338
f 1189/3006/339 1191/3007/339 1192/3008/339
f 1191/3009/340 1188/3010/340 1187/3011/340
f 1186/3012/6 1190/3013/6 1192/3014/6
f 1196/3015/341 1193/3016/337 1194/3017/337
f 1195/3018/342 1194/3019/342 1197/3020/342
f 1198/3021/339 1197/3022/339 1199/3023/339
f 1200/3024/343 1199/3025/343 1193/3026/343
f 1193/3027/6 1199/3028/6 1197/3029/6
f 1204/3030/344 1201/3031/344 1202/3032/344
f 1201/3033/345 1205/3034/345 1206/3035/345
f 1205/3036/346 1207/3037/347 1208/3038/347
f 1207/3039/348 1204/3040/348 1203/3041/348
f 1202/3042/6 1206/3043/6 1208/3044/6
f 1207/3045/7 1205/3046/7 1201/3047/7
f 1132/3048/6 1161/3049/6 1209/3050/6
f 1163/3051/7 1162/3052/7 1210/3053/7
f 1210/3054/334 1162/3055/334 1164/3056/334
f 1209/3057/334 1161/3058/334 1163/3059/334
f 1181/3060/6 1133/3061/6 1165/3062/6
f 1135/3063/7 1134/3064/7 1182/3065/7
f 1214/3066/7 1166/3067/7 1131/3068/7
f 1136/3069/6 1184/3070/6 1212/3071/6
f 1165/3072/335 1166/3073/335 1214/3074/335
f 1122/3075/349 1170/3076/350 1173/3077/351
f 1126/3078/352 1124/3079/352 1172/3080/352
f 1178/3081/333 1130/3082/333 1123/3083/333
f 1167/3084/353 1215/3085/354 1216/3086/355
f 1217/3087/6 1218/3088/6 1170/3089/6
f 1216/3090/7 1219/3091/7 1171/3092/7
f 1221/3093/7 1220/3094/7 1172/3095/7
f 1222/3096/6 1215/3097/6 1167/3098/6
f 1224/3099/356 1223/3100/356 1175/3101/356
f 1217/3102/356 1169/3103/356 1177/3104/356
f 1223/3105/7 1225/3106/7 1177/3107/7
f 1224/3108/6 1176/3109/6 1178/3110/6
f 1227/3111/357 1179/3112/357 1180/3113/357
f 1229/3114/358 1230/3115/358 1182/3116/358
f 1183/3117/359 1231/3118/360 1232/3119/360
f 1236/3120/361 1233/3121/361 1234/3122/361
f 1233/3123/362 1237/3124/362 1238/3125/362
f 1237/3126/363 1239/3127/363 1240/3128/363
f 1239/3129/364 1236/3130/364 1235/3131/364
f 1234/3132/6 1238/3133/6 1240/3134/6
f 1244/3135/361 1241/3136/361 1242/3137/361
f 1243/3138/364 1242/3139/364 1245/3140/364
f 1246/3141/363 1245/3142/363 1247/3143/363
f 1248/3144/365 1247/3145/365 1241/3146/365
f 1241/3147/6 1247/3148/6 1245/3149/6
f 1252/3150/366 1249/3151/366 1250/3152/366
f 1249/3153/365 1253/3154/365 1254/3155/365
f 1255/3156/367 1256/3157/367 1254/3158/367
f 1255/3159/364 1252/3160/364 1251/3161/364
f 1250/3162/6 1254/3163/6 1256/3164/6
f 1255/3165/7 1253/3166/7 1249/3167/7
f 1180/3168/6 1209/3169/6 1257/3170/368
f 1211/3171/7 1210/3172/7 1258/3173/7
f 1258/3174/369 1210/3175/369 1212/3176/369
f 1257/3177/369 1209/3178/369 1211/3179/369
f 1229/3180/368 1181/3181/6 1213/3182/6
f 1183/3183/7 1182/3184/7 1230/3185/7
f 1262/3186/7 1214/3187/7 1179/3188/7
f 1184/3189/6 1232/3190/6 1260/3191/6
f 1213/3192/358 1214/3193/358 1262/3194/358
f 1170/3195/370 1218/3196/371 1221/3197/372
f 1174/3198/373 1172/3199/373 1220/3200/373
f 1226/3201/374 1178/3202/374 1171/3203/374
f 1215/3204/375 436/3205/376 434/3206/376
f 337/3207/6 432/3208/6 1218/3209/6
f 434/3210/7 338/3211/7 1219/3212/7
f 339/3213/7 433/3214/7 1220/3215/7
f 340/3216/6 436/3217/6 1215/3218/6
f 341/3219/377 431/3220/377 1223/3221/377
f 342/3222/377 337/3223/377 1217/3224/378
f 431/3225/7 342/3226/7 1225/3227/7
f 341/3228/6 1224/3229/6 1226/3230/6
f 453/3231/376 343/3232/376 1227/3233/376
f 454/3234/377 451/3235/377 1230/3236/377
f 1231/3237/379 344/3238/377 449/3239/377
f 1263/3240/380 1264/3241/380 1265/3242/380
f 1263/3243/381 1267/3244/381 1268/3245/381
f 1267/3246/382 1269/3247/382 1270/3248/382
f 1269/3249/383 1266/3250/383 1265/3251/383
f 1265/3252/6 1264/3253/6 1268/3254/6
f 1274/3255/380 1271/3256/380 1272/3257/380
f 1273/3258/384 1272/3259/384 1275/3260/384
f 1276/3261/382 1275/3262/382 1277/3263/382
f 1278/3264/385 1277/3265/385 1271/3266/385
f 1277/3267/6 1275/3268/6 1272/3269/6
f 1282/3270/386 1279/3271/386 1280/3272/386
f 1279/3273/387 1283/3274/387 1284/3275/387
f 1285/3276/388 1286/3277/388 1284/3278/388
f 1285/3279/389 1282/3280/389 1281/3281/389
f 1281/3282/6 1280/3283/6 1284/3284/6
f 1283/3285/7 1279/3286/7 1282/3287/7
f 1228/3288/368 1257/3289/368 345/3290/6
f 1259/3291/7 1258/3292/7 346/3293/7
f 346/3294/376 1258/3295/376 1260/3296/376
f 345/3297/376 1257/3298/376 1259/3299/376
f 454/3300/6 1229/3301/368 1261/3302/368
f 1231/3303/7 1230/3304/7 451/3305/7
f 455/3306/7 1262/3307/7 1227/3308/7
f 1232/3309/6 449/3310/6 452/3311/6
f 1261/3312/377 1262/3313/377 455/3314/377
f 1218/3315/390 432/3316/376 339/3317/376
f 1220/3318/376 433/3319/376 340/3320/376
f 1226/3321/377 1219/3322/377 338/3323/377
f 205/899/6 322/1397/6 1287/3324/6
f 206/896/7 1288/3325/7 1289/3326/7
f 206/893/45 302/1395/45 1290/3327/45
f 322/890/45 303/1394/45 1289/3328/45
f 321/888/6 208/887/6 1291/3329/6
f 304/885/7 207/884/7 519/3330/7
f 991/3331/50 521/1540/50 522/1539/50
f 986/3332/50 989/3333/50 519/1538/50
f 301/1389/7 518/3334/7 1292/3335/7
f 1290/3336/6 302/872/6 324/1388/6
f 1291/3337/50 208/1387/50 323/868/50
f 517/1535/45 984/3338/45 983/3339/45
f 987/3340/50 1291/3337/50 1292/3341/50
f 990/3342/6 1290/3336/6 521/3343/6
f 1292/3335/7 518/3334/7 983/3344/7
f 522/3345/7 519/3330/7 989/3346/7
f 520/3347/6 1291/3329/6 987/3348/6
f 1287/3349/45 1289/3328/45 993/3350/45
f 1288/3351/45 1290/3327/45 990/3352/45
f 1289/3326/7 1288/3325/7 994/3353/7
f 517/3354/6 1287/3324/6 985/3355/6
f 1296/3356/71 1293/3357/71 1294/3358/71
f 1295/3359/50 1294/3360/50 1297/3361/50
f 1298/3362/51 1297/3363/51 1299/3364/51
f 1300/3365/45 1299/3366/45 1293/3367/45
f 1293/3368/6 1299/3369/6 1297/3370/6
f 1304/3371/391 1301/3372/391 1302/3373/391
f 1305/3374/392 1306/3375/392 1302/3376/392
f 1305/3377/393 1307/3378/393 1308/3379/393
f 1307/3380/394 1304/3381/394 1303/3382/394
f 1302/3383/6 1306/3384/6 1308/3385/6
f 205/867/45 518/1536/45 301/865/45
f 520/1537/50 207/1390/50 321/877/50
f 522/1539/50 324/1391/50 304/880/50
f 526/1541/71 524/1543/71 525/3386/71
f 527/1544/45 524/1546/45 523/3387/45
f 527/1547/51 530/1549/51 528/3388/51
f 529/1550/50 525/1552/50 530/3389/50
f 525/1553/6 528/1555/6 530/3390/6
f 534/1556/71 532/1558/71 533/3391/71
f 535/1559/45 532/1561/45 531/3392/45
f 535/1562/51 538/1564/51 536/3393/51
f 537/1565/50 533/1567/50 538/3394/50
f 533/1568/6 536/1570/6 538/3395/6
f 542/1571/71 540/1573/71 541/3396/71
f 539/1574/45 544/1576/45 540/3397/45
f 543/1577/51 546/1579/51 544/3398/51
f 545/1580/50 541/1582/50 546/3399/50
f 541/1583/6 544/1585/6 546/3400/6
f 550/1586/71 548/1588/71 549/3401/71
f 551/1589/45 548/1591/45 547/3402/45
f 551/1592/51 554/1594/51 552/3403/51
f 553/1595/50 549/1597/50 554/3404/50
f 549/1598/6 552/1600/6 554/3405/6
f 558/1601/71 556/1603/71 557/3406/71
f 559/1604/45 556/1606/45 555/3407/45
f 559/1607/51 562/1609/51 560/3408/51
f 561/1610/50 557/1612/50 562/3409/50
f 556/1613/6 562/1615/6 557/3410/6
f 566/1616/71 564/1618/71 565/3411/71
f 563/1619/45 568/1621/45 564/3412/45
f 567/1622/51 570/1624/51 568/3413/51
f 566/1625/50 570/1627/50 569/3414/50
f 565/1628/6 568/1630/6 570/3415/6
f 574/1631/71 572/1633/71 573/3416/71
f 575/1634/45 572/1636/45 571/3417/45
f 575/1637/51 578/1639/51 576/3418/51
f 574/1640/50 578/1642/50 577/3419/50
f 573/1643/6 576/1645/6 578/3420/6
f 553/1646/7 547/1648/7 550/3421/7
f 559/1649/7 558/1651/7 561/3422/7
f 569/1652/7 563/1654/7 566/3423/7
f 577/1655/7 571/1657/7 574/3424/7
f 582/1658/71 580/1660/71 581/3425/71
f 583/1661/45 580/1663/45 579/3426/45
f 583/1664/51 586/1666/51 584/3427/51
f 585/1667/50 581/1669/50 586/3428/50
f 580/1670/6 586/1672/6 581/3429/6
f 590/1673/71 588/1675/71 589/3430/71
f 587/1676/45 592/1678/45 588/3431/45
f 591/1679/51 594/1681/51 592/3432/51
f 593/1682/50 589/1684/50 594/3433/50
f 589/1685/6 592/1687/6 594/3434/6
f 598/1688/71 596/1690/71 597/3435/71
f 595/1691/45 600/1693/45 596/3436/45
f 599/1694/51 602/1696/51 600/3437/51
f 601/1697/50 597/1699/50 602/3438/50
f 597/1700/6 600/1702/6 602/3439/6
f 606/1703/71 604/1705/71 605/3440/71
f 605/1706/50 607/1708/50 608/3441/50
f 608/1709/51 609/1711/51 610/3442/51
f 610/1712/45 603/1714/45 606/3443/45
f 603/1715/6 607/1717/6 604/3444/6
f 614/1718/71 612/1720/71 613/3445/71
f 611/1721/45 616/1723/45 612/3446/45
f 615/1724/51 618/1726/51 616/3447/51
f 617/1727/50 613/1729/50 618/3448/50
f 613/1730/6 616/1732/6 618/3449/6
f 622/1733/71 620/1735/71 621/3450/71
f 619/1736/45 624/1738/45 620/3451/45
f 623/1739/51 626/1741/51 624/3452/51
f 625/1742/50 621/1744/50 626/3453/50
f 621/1745/6 624/1747/6 626/3454/6
f 630/1748/71 628/1750/71 629/3455/71
f 631/1751/45 628/1753/45 627/3456/45
f 631/1754/51 634/1756/51 632/3457/51
f 633/1757/50 629/1759/50 634/3458/50
f 628/1760/6 634/1762/6 629/3459/6
f 638/1763/71 636/1765/71 637/3460/71
f 639/1766/45 636/1768/45 635/3461/45
f 639/1769/51 642/1771/51 640/3462/51
f 641/1772/50 637/1774/50 642/3463/50
f 636/1775/6 642/1777/6 637/3464/6
f 646/1778/71 644/1780/71 645/3465/71
f 647/1781/45 644/1783/45 643/3466/45
f 647/1784/51 650/1786/51 648/3467/51
f 649/1787/50 645/1789/50 650/3468/50
f 645/1790/6 648/1792/6 650/3469/6
f 625/1793/7 619/1795/7 622/3470/7
f 631/1796/7 630/1798/7 633/3471/7
f 641/1799/7 635/1801/7 638/3472/7
f 649/1802/7 643/1804/7 646/3473/7
f 654/1805/71 652/1807/71 653/3474/71
f 655/1808/45 652/1810/45 651/3475/45
f 655/1811/51 658/1813/51 656/3476/51
f 657/1814/50 653/1816/50 658/3477/50
f 652/1817/6 658/1819/6 653/3478/6
f 662/1820/71 660/1822/71 661/3479/71
f 660/1823/50 664/1825/50 661/3480/50
f 664/1826/51 665/1828/51 666/3481/51
f 666/1829/45 659/1831/45 662/3482/45
f 665/1832/6 660/1834/6 659/3483/6
f 670/1835/71 668/1837/71 669/3484/71
f 671/1838/45 668/1840/45 667/3485/45
f 671/1841/51 674/1843/51 672/3486/51
f 673/1844/50 669/1846/50 674/3487/50
f 669/1847/6 672/1849/6 674/3488/6
f 678/1850/71 676/1852/71 677/3489/71
f 676/1853/50 680/1855/50 677/3490/50
f 680/1856/51 681/1858/51 682/3491/51
f 682/1859/45 675/1861/45 678/3492/45
f 675/1862/6 679/1864/6 676/3493/6
f 686/1865/71 684/1867/71 685/3494/71
f 687/1868/45 684/1870/45 683/3495/45
f 687/1871/51 690/1873/51 688/3496/51
f 689/1874/50 685/1876/50 690/3497/50
f 685/1877/6 688/1879/6 690/3498/6
f 694/1880/71 692/1882/71 693/3499/71
f 692/1883/50 696/1885/50 693/3500/50
f 696/1886/51 697/1888/51 698/3501/51
f 697/1889/45 694/1891/45 698/3502/45
f 691/1892/6 695/1894/6 692/3503/6
f 702/1895/71 700/1897/71 701/3504/71
f 703/1898/45 700/1900/45 699/3505/45
f 703/1901/51 706/1903/51 704/3506/51
f 705/1904/50 701/1906/50 706/3507/50
f 701/1907/6 704/1909/6 706/3508/6
f 710/1910/71 708/1912/71 709/3509/71
f 709/1913/50 711/1915/50 712/3510/50
f 712/1916/51 713/1918/51 714/3511/51
f 714/1919/45 707/1921/45 710/3512/45
f 707/1922/6 711/1924/6 708/3513/6
f 718/1925/71 716/1927/71 717/3514/71
f 719/1928/45 716/1930/45 715/3515/45
f 719/1931/51 722/1933/51 720/3516/51
f 721/1934/50 717/1936/50 722/3517/50
f 717/1937/6 720/1939/6 722/3518/6
f 726/1940/71 724/1942/71 725/3519/71
f 727/1943/45 724/1945/45 723/3520/45
f 727/1946/51 730/1948/51 728/3521/51
f 729/1949/50 725/1951/50 730/3522/50
f 725/1952/6 728/1954/6 730/3523/6
f 734/1955/71 732/1957/71 733/3524/71
f 735/1958/45 732/1960/45 731/3525/45
f 735/1961/51 738/1963/51 736/3526/51
f 737/1964/50 733/1966/50 738/3527/50
f 732/1967/6 738/1969/6 733/3528/6
f 742/1970/71 740/1972/71 741/3529/71
f 743/1973/45 740/1975/45 739/3530/45
f 743/1976/51 746/1978/51 744/3531/51
f 745/1979/50 741/1981/50 746/3532/50
f 740/1982/6 746/1984/6 741/3533/6
f 721/1985/7 715/1987/7 718/3534/7
f 727/1988/7 726/1990/7 729/3535/7
f 735/1991/7 734/1993/7 737/3536/7
f 745/1994/7 739/1996/7 742/3537/7
f 326/1059/109 748/1998/111 325/1060/109
f 749/1999/6 327/1063/6 328/1062/6
f 751/2001/7 325/1064/7 748/3538/7
f 752/2002/7 331/1075/7 753/3539/7
f 754/2003/6 326/1076/6 332/1078/6
f 755/2005/112 334/1079/112 756/3540/112
f 757/2006/113 328/1082/115 335/1084/395
f 757/2008/7 333/1087/7 755/3541/7
f 758/2009/6 334/1088/6 336/1090/6
f 762/2011/116 760/2013/116 761/3542/116
f 759/2014/117 764/2016/117 760/3543/117
f 763/2017/118 766/2019/118 764/3544/118
f 765/2020/119 761/2022/119 766/3545/119
f 760/2023/6 766/2025/6 761/3546/6
f 770/2026/116 768/2028/116 769/3547/116
f 768/2029/120 772/2031/120 769/3548/120
f 772/2032/118 773/2034/118 774/3549/118
f 774/2035/121 767/2037/121 770/3550/121
f 767/2038/6 771/2040/6 768/3551/6
f 327/1071/109 753/2042/123 331/1072/109
f 332/1069/109 752/2043/109 754/3552/109
f 758/2044/112 329/1055/112 751/3553/112
f 747/2045/124 776/2047/126 748/3554/396
f 777/2048/6 750/2050/6 749/3555/6
f 776/2051/7 751/2053/7 748/3556/7
f 781/2054/7 752/2056/7 753/3557/7
f 782/2057/6 747/2059/6 754/3558/6
f 784/2060/127 755/2062/127 756/3559/127
f 785/2063/128 749/2065/130 757/3560/397
f 783/2066/7 757/2068/7 755/3561/7
f 784/2069/6 758/2071/6 786/3562/6
f 750/2072/131 781/2074/133 753/3563/398
f 754/2075/134 780/2077/134 782/3564/134
f 786/2078/129 751/2080/129 779/3565/129
f 775/2081/135 788/2083/137 776/3566/399
f 789/2084/6 778/2086/6 777/3567/6
f 788/2087/7 779/2089/7 776/3568/7
f 793/2090/7 780/2092/7 781/3569/7
f 794/2093/6 775/2095/6 782/3570/6
f 796/2096/138 783/2098/138 784/3571/138
f 797/2099/138 777/2101/138 785/3572/138
f 795/2102/7 785/2104/7 783/3573/7
f 796/2105/6 786/2107/6 798/3574/6
f 802/2108/139 800/2110/139 801/3575/139
f 801/2111/140 803/2113/140 804/3576/140
f 804/2114/141 805/2116/141 806/3577/141
f 806/2117/142 799/2119/142 802/3578/142
f 805/2120/6 800/2122/6 799/3579/6
f 810/2123/143 808/2125/143 809/3580/143
f 811/2126/144 808/2128/144 807/3581/144
f 811/2129/145 814/2131/145 812/3582/145
f 813/2132/146 809/2134/146 814/3583/146
f 808/2135/6 814/2137/6 809/3584/6
f 813/2138/7 807/2140/7 810/3585/7
f 778/2141/147 793/2143/149 781/3586/400
f 782/2144/150 792/2146/150 794/3587/150
f 798/2147/151 779/2149/151 791/3588/151
f 787/2150/152 816/2152/154 788/3589/401
f 817/2153/6 790/2155/6 789/3590/6
f 816/2156/7 791/2158/7 788/3591/7
f 821/2159/7 792/2161/7 793/3592/7
f 822/2162/6 787/2164/6 794/3593/6
f 824/2165/155 795/2167/155 796/3594/155
f 817/2168/155 797/2170/155 825/3595/155
f 823/2171/7 797/2173/7 795/3596/7
f 824/2174/6 798/2176/6 826/3597/6
f 830/2177/156 828/2179/156 829/3598/156
f 829/2180/157 831/2182/157 832/3599/157
f 832/2183/158 833/2185/158 834/3600/158
f 834/2186/159 827/2188/159 830/3601/159
f 833/2189/6 828/2191/6 827/3602/6
f 838/2192/160 836/2194/160 837/3603/160
f 839/2195/161 836/2197/161 835/3604/161
f 839/2198/162 842/2200/162 840/3605/162
f 838/2201/163 842/2203/163 841/3606/163
f 836/2204/6 842/2206/6 837/3607/6
f 841/2207/7 835/2209/7 838/3608/7
f 790/2210/164 821/2212/166 793/3609/402
f 794/2213/167 820/2215/168 822/3610/168
f 826/2216/169 791/2218/169 819/3611/169
f 815/2219/170 844/2221/172 816/3612/403
f 845/2222/6 818/2224/6 817/3613/6
f 844/2225/7 819/2227/7 816/3614/7
f 849/2228/7 820/2230/7 821/3615/7
f 850/2231/6 815/2233/6 822/3616/6
f 852/2234/173 823/2236/173 824/3617/173
f 853/2237/173 817/2239/173 825/3618/173
f 851/2240/7 825/2242/7 823/3619/7
f 852/2243/6 826/2245/6 854/3620/6
f 855/2246/174 857/2248/174 858/3621/174
f 856/2249/175 860/2251/175 857/3622/175
f 860/2252/176 861/2254/176 862/3623/176
f 862/2255/177 855/2257/178 858/3624/177
f 855/2258/6 859/2260/6 856/3625/6
f 866/2261/179 864/2263/179 865/3626/179
f 863/2264/180 868/2266/180 864/3627/180
f 867/2267/181 870/2269/181 868/3628/181
f 869/2270/182 865/2272/182 870/3629/182
f 865/2273/6 868/2275/6 870/3630/6
f 867/2276/7 866/2278/7 869/3631/7
f 818/2279/183 849/2281/185 821/3632/404
f 820/2282/186 850/2284/186 822/3633/186
f 854/2285/173 819/2287/173 847/3634/173
f 843/2288/187 872/2290/189 844/3635/405
f 873/2291/6 846/2293/6 845/3636/6
f 872/2294/7 847/2296/7 844/3637/7
f 877/2297/7 848/2299/7 849/3638/7
f 878/2300/6 843/2302/6 850/3639/6
f 880/2303/190 851/2305/190 852/3640/190
f 881/2306/191 845/2308/191 853/3641/191
f 879/2309/7 853/2311/7 851/3642/7
f 880/2312/6 854/2314/6 882/3643/6
f 886/2315/192 884/2317/192 885/3644/192
f 885/2318/193 887/2320/193 888/3645/193
f 888/2321/194 889/2323/194 890/3646/194
f 890/2324/195 883/2326/195 886/3647/195
f 883/2327/6 887/2329/6 884/3648/6
f 894/2330/196 892/2332/196 893/3649/196
f 891/2333/197 896/2335/197 892/3650/197
f 895/2336/198 898/2338/198 896/3651/198
f 897/2339/199 893/2341/199 898/3652/199
f 893/2342/6 896/2344/6 898/3653/6
f 895/2345/7 894/2347/7 897/3654/7
f 846/2348/200 877/2350/202 849/3655/406
f 848/2351/203 878/2353/203 850/3656/203
f 882/2354/191 847/2356/191 875/3657/191
f 871/2357/204 900/2359/206 872/3658/407
f 901/2360/6 874/2362/6 873/3659/6
f 900/2363/7 875/2365/7 872/3660/7
f 905/2366/7 876/2368/7 877/3661/7
f 906/2369/6 871/2371/6 878/3662/6
f 908/2372/207 879/2374/207 880/3663/207
f 909/2375/207 873/2377/207 881/3664/207
f 907/2378/7 881/2380/7 879/3665/7
f 908/2381/6 882/2383/6 910/3666/6
f 911/2384/208 913/2386/208 914/3667/208
f 911/2387/209 916/2389/209 912/3668/209
f 915/2390/210 918/2392/211 916/3669/211
f 917/2393/212 913/2395/212 918/3670/212
f 913/2396/6 916/2398/6 918/3671/6
f 922/2399/213 920/2401/213 921/3672/213
f 921/2402/214 923/2404/214 924/3673/214
f 924/2405/210 925/2407/210 926/3674/210
f 926/2408/215 919/2410/215 922/3675/215
f 925/2411/6 920/2413/6 919/3676/6
f 930/2414/216 928/2416/216 929/3677/216
f 931/2417/217 928/2419/217 927/3678/217
f 931/2420/218 934/2422/218 932/3679/218
f 933/2423/219 929/2425/219 934/3680/219
f 928/2426/6 934/2428/6 929/3681/6
f 933/2429/7 927/2431/7 930/3682/7
f 874/2432/204 905/2434/221 877/3683/204
f 878/2435/212 904/2437/212 906/3684/212
f 910/2438/207 875/2440/207 903/3685/207
f 899/2441/222 936/2443/224 900/3686/408
f 937/2444/6 902/2446/6 901/3687/6
f 936/2447/7 903/2449/7 900/3688/7
f 941/2450/7 904/2452/7 905/3689/7
f 942/2453/6 899/2455/6 906/3690/6
f 944/2456/225 907/2458/225 908/3691/225
f 945/2459/225 901/2461/225 909/3692/225
f 943/2462/7 909/2464/7 907/3693/7
f 944/2465/6 910/2467/6 946/3694/6
f 950/2468/226 948/2470/227 949/3695/227
f 951/2471/228 948/2473/228 947/3696/228
f 951/2474/229 954/2476/229 952/3697/229
f 953/2477/230 949/2479/230 954/3698/230
f 949/2480/6 952/2482/6 954/3699/6
f 958/2483/227 956/2485/227 957/3700/226
f 957/2486/231 959/2488/231 960/3701/231
f 960/2489/229 961/2491/229 962/3702/229
f 962/2492/232 955/2494/234 958/3703/232
f 961/2495/6 956/2497/6 955/3704/6
f 966/2498/235 964/2500/235 965/3705/235
f 967/2501/236 964/2503/236 963/3706/236
f 967/2504/237 970/2506/237 968/3707/237
f 969/2507/238 965/2509/238 970/3708/238
f 964/2510/6 970/2512/6 965/3709/6
f 969/2513/7 963/2515/7 966/3710/7
f 902/2516/239 941/2518/241 905/3711/409
f 904/2519/242 942/2521/242 906/3712/242
f 946/2522/243 903/2524/243 939/3713/243
f 935/2525/244 972/2527/246 936/3714/410
f 973/2528/6 938/2530/6 937/3715/6
f 972/2531/7 939/2533/7 936/3716/7
f 977/2534/7 940/2536/7 941/3717/7
f 978/2537/6 935/2539/6 942/3718/6
f 980/2540/247 943/2542/247 944/3719/247
f 981/2543/248 937/2545/248 945/3720/248
f 979/2546/7 945/2548/7 943/3721/7
f 980/2549/6 946/2551/6 982/3722/6
f 983/2552/71 985/2554/71 986/2555/71
f 986/2555/71 988/2557/71 983/2552/71
f 989/2558/71 991/2560/71 992/3723/71
f 990/2559/71 993/2561/71 994/3724/71
f 985/2554/71 989/2558/71 986/2555/71
f 998/2562/249 996/2564/249 997/3725/249
f 996/2565/250 1000/2567/250 997/3726/250
f 999/2568/251 1002/2570/251 1000/3727/251
f 1002/2571/252 995/2573/252 998/3728/252
f 995/2574/6 999/2576/6 996/3729/6
f 1006/2577/253 1004/2579/253 1005/3730/253
f 1003/2580/254 1008/2582/254 1004/3731/254
f 1007/2583/255 1010/2585/255 1008/3732/255
f 1009/2586/256 1005/2588/256 1010/3733/256
f 1004/2589/6 1010/2591/6 1005/3734/6
f 1009/2592/7 1003/2594/7 1006/3735/7
f 938/2595/257 977/2597/259 941/3736/411
f 942/2598/260 976/2600/260 978/3737/260
f 982/2601/248 939/2603/248 975/3738/248
f 971/2604/261 1012/2606/263 972/3739/412
f 1013/2607/6 974/2609/6 973/3740/6
f 1012/2610/7 975/2612/7 972/3741/7
f 1017/2613/7 976/2615/7 977/3742/7
f 1018/2616/6 971/2618/6 978/3743/6
f 1020/2619/264 979/2621/264 980/3744/264
f 1021/2622/264 973/2624/264 981/3745/264
f 1019/2625/7 981/2627/7 979/3746/7
f 1020/2628/6 982/2630/6 1022/3747/6
f 1026/2631/265 1024/2633/265 1025/3748/265
f 1027/2634/266 1029/2636/266 1030/3749/266
f 1034/2637/267 1032/2639/268 1033/3750/267
f 1038/2640/269 1036/2642/269 1037/3751/269
f 1039/2643/270 1036/2645/270 1035/3752/270
f 1039/2646/271 1042/2648/271 1040/3753/271
f 1038/2649/272 1042/2651/272 1041/3754/272
f 1037/2652/6 1040/2654/6 1042/3755/6
f 1046/2655/269 1044/2657/269 1045/3756/269
f 1044/2658/273 1048/2660/273 1045/3757/273
f 1048/2661/271 1049/2663/271 1050/3758/271
f 1050/2664/274 1043/2666/274 1046/3759/274
f 1049/2667/6 1044/2669/6 1043/3760/6
f 1054/2670/275 1052/2672/275 1053/3761/275
f 1055/2673/276 1052/2675/276 1051/3762/276
f 1055/2676/277 1058/2678/277 1056/3763/277
f 1054/2679/278 1058/2681/278 1057/3764/278
f 1053/2682/6 1056/2684/6 1058/3765/6
f 1055/2685/7 1054/2687/7 1057/3766/7
f 1025/2688/6 1060/2690/6 1026/3767/6
f 1061/2691/7 1063/2693/7 1064/3768/7
f 1063/2694/279 1065/2696/279 1066/3769/279
f 1060/2697/279 1061/2699/279 1064/3770/279
f 1027/2700/6 1067/2702/6 1068/3771/6
f 1034/2703/7 1028/2705/7 1031/3772/7
f 1070/2706/7 1024/2708/7 1023/3773/7
f 1033/2709/280 1066/2711/281 1065/3774/280
f 1067/2712/282 1070/2714/282 1068/3775/282
f 974/2715/283 1017/2717/285 977/3776/413
f 976/2718/283 1018/2720/283 978/3777/283
f 1022/2721/264 975/2723/264 1015/3778/264
f 1011/2724/286 1072/2726/288 1012/3779/414
f 1073/2727/6 1014/2729/6 1013/3780/6
f 1072/2730/7 1015/2732/7 1012/3781/7
f 1077/2733/7 1016/2735/7 1017/3782/7
f 1078/2736/6 1011/2738/6 1018/3783/6
f 1080/2739/289 1019/2741/289 1020/3784/289
f 1073/2742/289 1021/2744/289 1081/3785/289
f 1079/2745/7 1021/2747/7 1019/3786/7
f 1080/2748/6 1022/2750/6 1082/3787/6
f 1084/2751/290 1023/2753/290 1026/3788/290
f 1085/2754/291 1028/2756/291 1027/3789/291
f 1031/2757/292 1088/2759/293 1032/3790/292
f 1092/2760/294 1090/2762/294 1091/3791/294
f 1089/2763/295 1094/2765/295 1090/3792/295
f 1093/2766/296 1096/2768/296 1094/3793/296
f 1095/2769/297 1091/2771/297 1096/3794/297
f 1090/2772/6 1096/2774/6 1091/3795/6
f 1100/2775/294 1098/2777/298 1099/3796/294
f 1099/2778/299 1101/2780/299 1102/3797/299
f 1102/2781/296 1103/2783/296 1104/3798/296
f 1104/2784/300 1097/2786/300 1100/3799/300
f 1097/2787/6 1101/2789/6 1098/3800/6
f 1108/2790/301 1106/2792/301 1107/3801/301
f 1105/2793/302 1110/2795/302 1106/3802/302
f 1109/2796/303 1112/2798/303 1110/3803/303
f 1111/2799/304 1107/2801/304 1112/3804/304
f 1106/2802/6 1112/2804/6 1107/3805/6
f 1111/2805/7 1105/2807/7 1108/3806/7
f 1026/2808/6 1113/2810/6 1084/3807/6
f 1064/2811/7 1114/2813/7 1115/3808/7
f 1063/2814/290 1116/2816/290 1114/3809/290
f 1113/2817/290 1064/2819/290 1115/3810/290
f 1085/2820/6 1068/2822/6 1117/3811/6
f 1031/2823/7 1086/2825/7 1087/3812/7
f 1118/2826/7 1023/2828/7 1083/3813/7
f 1032/2829/281 1116/2831/6 1066/3814/281
f 1068/2832/291 1118/2834/291 1117/3815/291
f 1014/2835/286 1077/2837/306 1017/3816/415
f 1016/2838/307 1078/2840/307 1018/3817/307
f 1082/2841/289 1015/2843/289 1075/3818/289
f 1071/2844/308 1120/2846/309 1072/3819/416
f 1121/2847/6 1074/2849/6 1073/3820/6
f 1120/2850/7 1075/2852/7 1072/3821/7
f 1125/2853/7 1076/2855/7 1077/3822/7
f 1126/2856/6 1071/2858/6 1078/3823/6
f 1127/2859/310 1080/2861/310 1128/3824/310
f 1121/2862/310 1081/2864/310 1129/3825/310
f 1127/2865/7 1081/2867/7 1079/3826/7
f 1128/2868/6 1082/2870/6 1130/3827/6
f 1132/2871/311 1083/2873/311 1084/3828/311
f 1133/2874/312 1086/2876/312 1085/3829/312
f 1087/2877/313 1136/2879/314 1088/3830/313
f 1140/2880/315 1138/2882/315 1139/3831/315
f 1141/2883/316 1138/2885/316 1137/3832/316
f 1141/2886/317 1144/2888/317 1142/3833/317
f 1143/2889/318 1139/2891/318 1144/3834/318
f 1139/2892/6 1142/2894/6 1144/3835/6
f 1148/2895/315 1146/2897/315 1147/3836/315
f 1147/2898/319 1149/2900/319 1150/3837/319
f 1149/2901/317 1152/2903/317 1150/3838/317
f 1152/2904/320 1145/2906/320 1148/3839/320
f 1151/2907/6 1146/2909/6 1145/3840/6
f 1156/2910/321 1154/2912/321 1155/3841/321
f 1157/2913/322 1154/2915/322 1153/3842/322
f 1157/2916/323 1160/2918/323 1158/3843/323
f 1159/2919/324 1155/2921/324 1160/3844/324
f 1155/2922/6 1158/2924/6 1160/3845/6
f 1157/2925/7 1156/2927/7 1159/3846/7
f 1084/2928/6 1161/2930/6 1132/3847/6
f 1115/2931/7 1162/2933/7 1163/3848/7
f 1162/2934/325 1116/2936/325 1164/3849/325
f 1161/2937/326 1115/2939/326 1163/3850/326
f 1133/2940/6 1117/2942/6 1165/3851/6
f 1087/2943/7 1134/2945/7 1135/3852/7
f 1166/2946/7 1083/2948/7 1131/3853/7
f 1088/2949/6 1164/2951/6 1116/3854/6
f 1117/2952/327 1166/2954/327 1165/3855/327
f 1074/2955/328 1125/2957/329 1077/3856/330
f 1078/2958/330 1124/2960/330 1126/3857/330
f 1130/2961/310 1075/2963/310 1123/3858/310
f 1119/2964/331 1168/2966/332 1120/3859/417
f 1169/2967/6 1122/2969/6 1121/3860/6
f 1168/2970/7 1123/2972/7 1120/3861/7
f 1173/2973/7 1124/2975/7 1125/3862/7
f 1174/2976/6 1119/2978/6 1126/3863/6
f 1175/2979/333 1128/2981/333 1176/3864/333
f 1177/2982/333 1121/2984/333 1129/3865/333
f 1175/2985/7 1129/2987/7 1127/3866/7
f 1176/2988/6 1130/2990/6 1178/3867/6
f 1180/2991/334 1131/2993/334 1132/3868/334
f 1181/2994/335 1134/2996/335 1133/3869/335
f 1135/2997/335 1184/2999/336 1136/3870/335
f 1188/3000/337 1186/3002/337 1187/3871/337
f 1185/3003/338 1190/3005/338 1186/3872/338
f 1189/3006/339 1192/3008/339 1190/3873/339
f 1191/3009/340 1187/3011/340 1192/3874/340
f 1186/3012/6 1192/3014/6 1187/3875/6
f 1196/3015/341 1194/3017/337 1195/3876/341
f 1195/3018/342 1197/3020/342 1198/3877/342
f 1198/3021/339 1199/3023/339 1200/3878/339
f 1200/3024/343 1193/3026/343 1196/3879/343
f 1193/3027/6 1197/3029/6 1194/3880/6
f 1204/3030/344 1202/3032/344 1203/3881/344
f 1201/3033/345 1206/3035/345 1202/3882/345
f 1205/3036/346 1208/3038/347 1206/3883/346
f 1207/3039/348 1203/3041/348 1208/3884/348
f 1202/3042/6 1208/3044/6 1203/3885/6
f 1207/3045/7 1201/3047/7 1204/3886/7
f 1132/3048/6 1209/3050/6 1180/3887/6
f 1163/3051/7 1210/3053/7 1211/3888/7
f 1210/3054/334 1164/3056/334 1212/3889/334
f 1209/3057/334 1163/3059/334 1211/3890/334
f 1181/3060/6 1165/3062/6 1213/3891/6
f 1135/3063/7 1182/3065/7 1183/3892/7
f 1214/3066/7 1131/3068/7 1179/3893/7
f 1136/3069/6 1212/3071/6 1164/3894/6
f 1165/3072/335 1214/3074/335 1213/3895/335
f 1122/3075/349 1173/3077/351 1125/3896/418
f 1126/3078/352 1172/3080/352 1174/3897/352
f 1178/3081/333 1123/3083/333 1171/3898/333
f 1167/3084/353 1216/3086/355 1168/3899/419
f 1217/3087/6 1170/3089/6 1169/3900/6
f 1216/3090/7 1171/3092/7 1168/3901/7
f 1221/3093/7 1172/3095/7 1173/3902/7
f 1222/3096/6 1167/3098/6 1174/3903/6
f 1224/3099/356 1175/3101/356 1176/3904/356
f 1217/3102/356 1177/3104/356 1225/3905/356
f 1223/3105/7 1177/3107/7 1175/3906/7
f 1224/3108/6 1178/3110/6 1226/3907/6
f 1227/3111/357 1180/3113/357 1228/3908/357
f 1229/3114/358 1182/3116/358 1181/3909/358
f 1183/3117/359 1232/3119/360 1184/3910/359
f 1236/3120/361 1234/3122/361 1235/3911/361
f 1233/3123/362 1238/3125/362 1234/3912/362
f 1237/3126/363 1240/3128/363 1238/3913/363
f 1239/3129/364 1235/3131/364 1240/3914/364
f 1234/3132/6 1240/3134/6 1235/3915/6
f 1244/3135/361 1242/3137/361 1243/3916/361
f 1243/3138/364 1245/3140/364 1246/3917/364
f 1246/3141/363 1247/3143/363 1248/3918/363
f 1248/3144/365 1241/3146/365 1244/3919/365
f 1241/3147/6 1245/3149/6 1242/3920/6
f 1252/3150/366 1250/3152/366 1251/3921/366
f 1249/3153/365 1254/3155/365 1250/3922/365
f 1255/3156/367 1254/3158/367 1253/3923/367
f 1255/3159/364 1251/3161/364 1256/3924/364
f 1250/3162/6 1256/3164/6 1251/3925/6
f 1255/3165/7 1249/3167/7 1252/3926/7
f 1180/3168/6 1257/3170/368 1228/3927/368
f 1211/3171/7 1258/3173/7 1259/3928/7
f 1258/3174/369 1212/3176/369 1260/3929/369
f 1257/3177/369 1211/3179/369 1259/3930/369
f 1229/3180/368 1213/3182/6 1261/3931/368
f 1183/3183/7 1230/3185/7 1231/3932/7
f 1262/3186/7 1179/3188/7 1227/3933/7
f 1184/3189/6 1260/3191/6 1212/3934/6
f 1213/3192/358 1262/3194/358 1261/3935/358
f 1170/3195/370 1221/3197/372 1173/3936/420
f 1174/3198/373 1220/3200/373 1222/3937/373
f 1226/3201/374 1171/3203/374 1219/3938/374
f 1215/3204/375 434/3206/376 1216/3939/375
f 337/3207/6 1218/3209/6 1217/3940/6
f 434/3210/7 1219/3212/7 1216/3941/7
f 339/3213/7 1220/3215/7 1221/3942/7
f 340/3216/6 1215/3218/6 1222/3943/6
f 341/3219/377 1223/3221/377 1224/3944/377
f 342/3222/377 1217/3224/378 1225/3945/378
f 431/3225/7 1225/3227/7 1223/3946/7
f 341/3228/6 1226/3230/6 435/3947/6
f 453/3231/376 1227/3233/376 1228/3948/376
f 454/3234/377 1230/3236/377 1229/3949/377
f 1231/3237/379 449/3239/377 1232/3950/379
f 1263/3240/380 1265/3242/380 1266/3951/380
f 1263/3243/381 1268/3245/381 1264/3952/381
f 1267/3246/382 1270/3248/382 1268/3953/382
f 1269/3249/383 1265/3251/383 1270/3954/383
f 1265/3252/6 1268/3254/6 1270/3955/6
f 1274/3255/380 1272/3257/380 1273/3956/380
f 1273/3258/384 1275/3260/384 1276/3957/384
f 1276/3261/382 1277/3263/382 1278/3958/382
f 1278/3264/385 1271/3266/385 1274/3959/385
f 1277/3267/6 1272/3269/6 1271/3960/6
f 1282/3270/386 1280/3272/386 1281/3961/386
f 1279/3273/387 1284/3275/387 1280/3962/387
f 1285/3276/388 1284/3278/388 1283/3963/388
f 1285/3279/389 1281/3281/389 1286/3964/389
f 1281/3282/6 1284/3284/6 1286/3965/6
f 1283/3285/7 1282/3287/7 1285/3966/7
f 1228/3288/368 345/3290/6 453/3967/6
f 1259/3291/7 346/3293/7 450/3968/7
f 346/3294/376 1260/3296/376 452/3969/376
f 345/3297/376 1259/3299/376 450/3970/376
f 454/3300/6 1261/3302/368 456/3971/6
f 1231/3303/7 451/3305/7 344/3972/7
f 455/3306/7 1227/3308/7 343/3973/7
f 1232/3309/6 452/3311/6 1260/3974/6
f 1261/3312/377 455/3314/377 456/3975/377
f 1218/3315/390 339/3317/376 1221/3976/390
f 1220/3318/376 340/3320/376 1222/3977/376
f 1226/3321/377 338/3323/377 435/3978/377
f 205/899/6 1287/3324/6 517/3354/6
f 206/896/7 1289/3326/7 303/897/7
f 206/893/45 1290/3327/45 1288/3351/45
f 322/890/45 1289/3328/45 1287/3349/45
f 321/888/6 1291/3329/6 520/3347/6
f 304/885/7 519/3330/7 522/3345/7
f 991/3331/50 522/1539/50 992/3979/50
f 986/3332/50 519/1538/50 520/1537/50
f 301/1389/7 1292/3335/7 323/875/7
f 1290/3336/6 324/1388/6 521/3343/6
f 1291/3337/50 323/868/50 1292/3341/50
f 517/1535/45 983/3339/45 518/1536/45
f 987/3340/50 1292/3341/50 988/3980/50
f 990/3342/6 521/3343/6 991/3981/6
f 1292/3335/7 983/3344/7 988/3982/7
f 522/3345/7 989/3346/7 992/3983/7
f 520/3347/6 987/3348/6 986/3984/6
f 1287/3349/45 993/3350/45 985/3985/45
f 1288/3351/45 990/3352/45 994/3986/45
f 1289/3326/7 994/3353/7 993/3987/7
f 517/3354/6 985/3355/6 984/3988/6
f 1296/3356/71 1294/3358/71 1295/3989/71
f 1295/3359/50 1297/3361/50 1298/3990/50
f 1298/3362/51 1299/3364/51 1300/3991/51
f 1300/3365/45 1293/3367/45 1296/3992/45
f 1293/3368/6 1297/3370/6 1294/3993/6
f 1304/3371/391 1302/3373/391 1303/3994/391
f 1305/3374/392 1302/3376/392 1301/3995/392
f 1305/3377/393 1308/3379/393 1306/3996/393
f 1307/3380/394 1303/3382/394 1308/3997/394
f 1302/3383/6 1308/3385/6 1303/3998/6
