# Blender v3.1.2 OBJ File: '45degswitch_left.blend'
# www.blender.org
mtllib 4x3_left.mtl
o track_normal.001_track_normal.002
v -2.781842 0.071584 -3.218159
v -2.757699 0.041289 -3.242302
v -2.775030 0.041289 -3.224971
v -2.787577 0.041289 -3.212423
v -2.745151 0.025803 -3.254849
v -2.787577 0.025803 -3.212423
v -2.750886 0.071584 -3.249114
v -2.750886 0.085803 -3.249114
v -2.757699 0.071584 -3.242302
v -2.775030 0.071584 -3.224971
v -2.781842 0.085803 -3.218159
v 0.242301 0.071584 -0.242302
v 0.218158 0.085803 -0.218158
v 0.218158 0.071584 -0.218158
v 0.224970 0.071584 -0.224971
v 0.249114 0.071584 -0.249114
v 0.212423 0.025803 -0.212423
v 0.254849 0.025803 -0.254849
v 0.254849 0.041289 -0.254849
v 0.242301 0.041289 -0.242302
v 0.224970 0.041289 -0.224971
v 0.212423 0.041289 -0.212423
v 0.249114 0.085803 -0.249114
v -2.745151 0.041289 -3.254849
v -2.257175 0.041289 -2.741871
v -1.757437 0.041289 -2.242133
v -1.257699 0.041289 -1.742395
v -0.757961 0.041289 -1.242657
v -0.258223 0.041289 -0.742919
v -2.287053 0.041289 -2.711992
v -1.787315 0.041289 -2.212254
v -1.287577 0.041289 -1.712516
v -0.787839 0.041289 -1.212778
v -0.288101 0.041289 -0.713040
v -2.274506 0.071584 -2.724540
v -1.774768 0.071584 -2.224802
v -1.275030 0.071584 -1.725064
v -0.775292 0.071584 -1.225326
v -0.275554 0.071584 -0.725588
v -2.281318 0.085803 -2.717728
v -1.781580 0.085803 -2.217990
v -1.281842 0.085803 -1.718251
v -0.782104 0.085803 -1.218513
v -0.282366 0.085803 -0.718775
v -2.250362 0.085803 -2.748683
v -1.750624 0.085803 -2.248945
v -1.250886 0.085803 -1.749207
v -0.751148 0.085803 -1.249469
v -0.251410 0.085803 -0.749731
v -0.245675 0.041289 -0.755466
v -0.745413 0.041289 -1.255204
v -1.245151 0.041289 -1.754942
v -1.744889 0.041289 -2.254680
v -2.244627 0.041289 -2.754418
v -2.257175 0.071584 -2.741871
v -1.757437 0.071584 -2.242133
v -1.257699 0.071584 -1.742395
v -0.757961 0.071584 -1.242657
v -0.258223 0.071584 -0.742919
v -2.287053 0.025803 -2.711992
v -1.787315 0.025803 -2.212254
v -1.287577 0.025803 -1.712516
v -0.787839 0.025803 -1.212778
v -0.288101 0.025803 -0.713040
v -2.244627 0.025803 -2.754418
v -1.744889 0.025803 -2.254680
v -1.245151 0.025803 -1.754942
v -0.745413 0.025803 -1.255204
v -0.245675 0.025803 -0.755466
v -2.250362 0.071584 -2.748683
v -1.750624 0.071584 -2.248945
v -1.250886 0.071584 -1.749207
v -0.751148 0.071584 -1.249469
v -0.251410 0.071584 -0.749731
v -2.281318 0.071584 -2.717728
v -1.781580 0.071584 -2.217990
v -1.281842 0.071584 -1.718251
v -0.782104 0.071584 -1.218513
v -0.282366 0.071584 -0.718775
v -2.274506 0.041289 -2.724540
v -1.774768 0.041289 -2.224802
v -1.275030 0.041289 -1.725064
v -0.775292 0.041289 -1.225326
v -0.275554 0.041289 -0.725588
v -2.816522 0.041289 -2.306730
v -2.810787 0.071584 -2.312465
v -2.786643 0.071584 -2.336609
v -2.774096 0.041289 -2.349156
v -3.218159 0.085803 -2.781842
v -3.218159 0.071584 -2.781842
v -2.701093 0.054721 -3.108199
v -2.722306 0.054721 -3.129412
v -2.701093 0.054721 -3.150625
v -3.212423 0.041289 -2.787577
v -3.224971 0.041289 -2.775030
v -3.249114 0.085803 -2.750886
v -3.242302 0.071584 -2.757699
v -3.249114 0.071584 -2.750886
v -3.129412 -0.025279 -2.722306
v -3.129412 0.054721 -2.722306
v -3.150625 0.054721 -2.701092
v -3.150625 -0.025279 -2.701092
v -3.108199 -0.025279 -2.701092
v -3.129412 -0.025279 -2.679880
v -3.129412 0.054721 -2.679880
v -2.722306 -0.025279 -3.129412
v -2.701093 -0.025279 -3.150625
v -2.701093 -0.025279 -3.108199
v -2.679880 0.054721 -3.129412
v -2.679880 -0.025279 -3.129412
v -2.632410 -0.030000 -3.297090
v -2.632410 0.030000 -3.297090
v -3.297090 0.030000 -2.632410
v -3.198095 -0.030000 -2.533415
v -3.224971 0.071584 -2.775030
v -3.254849 0.041289 -2.745151
v -3.254849 0.025803 -2.745151
v -3.242302 0.041289 -2.757699
v -3.212423 0.025803 -2.787577
v -3.198095 0.030000 -2.533415
v -2.533416 0.030000 -3.198095
v -2.533416 -0.030000 -3.198095
v -3.297090 -0.030000 -2.632410
v -3.108199 0.054721 -2.701092
v -2.914185 0.071584 -2.415865
v -2.914185 0.085803 -2.415865
v -3.142512 -0.030000 -2.477832
v -3.043517 -0.030000 -2.378836
v -3.086631 0.025803 -2.576839
v -2.919921 0.025803 -2.410129
v -3.086631 0.041289 -2.576839
v -3.049940 0.085803 -2.613529
v -3.074083 0.071584 -2.589387
v -3.056752 0.071584 -2.606718
v -3.080895 0.085803 -2.582574
v -3.080895 0.071584 -2.582574
v -3.056752 0.041289 -2.606718
v -3.074083 0.041289 -2.589387
v -3.044204 0.025803 -2.619265
v -3.044204 0.041289 -2.619265
v -2.919921 0.041289 -2.410129
v -2.877494 0.025803 -2.452556
v -2.890042 0.041289 -2.440008
v -2.907373 0.041289 -2.422677
v -2.890042 0.071584 -2.440008
v -2.907373 0.071584 -2.422677
v -2.883230 0.085803 -2.446820
v -2.883230 0.071584 -2.446820
v -2.974834 -0.025279 -2.567728
v -2.974834 0.054721 -2.567728
v -2.996047 0.054721 -2.546515
v -2.996047 -0.025279 -2.546515
v -2.953621 -0.025279 -2.546515
v -2.953621 0.054721 -2.546515
v -2.974834 -0.025279 -2.525302
v -2.974834 0.054721 -2.525302
v -2.567728 0.054721 -2.974834
v -2.567728 -0.025279 -2.974834
v -2.546515 -0.025279 -2.996047
v -2.546515 0.054721 -2.953621
v -2.546515 -0.025279 -2.953621
v -2.525302 0.054721 -2.974834
v -2.525302 -0.025279 -2.974834
v -2.477832 -0.030000 -3.142512
v -2.378837 0.030000 -3.043517
v -2.477832 0.030000 -3.142512
v -3.049940 0.071584 -2.613529
v -2.546515 0.054721 -2.996047
v -3.043517 0.030000 -2.378836
v -2.378837 -0.030000 -3.043517
v -3.142512 0.030000 -2.477832
v -2.377299 0.054721 -2.826831
v -2.398512 0.054721 -2.848044
v -2.230834 -0.030000 -2.895514
v -2.895514 -0.030000 -2.230834
v -2.230834 0.030000 -2.895514
v -2.994509 0.030000 -2.329829
v -2.329829 0.030000 -2.994509
v -2.419725 0.054721 -2.826831
v -2.398512 0.054721 -2.805617
v -2.816522 0.025803 -2.306730
v -2.810787 0.085803 -2.312465
v -2.803974 0.071584 -2.319278
v -2.779831 0.071584 -2.343421
v -2.826831 -0.025279 -2.419725
v -2.848044 0.054721 -2.398512
v -2.848044 -0.025279 -2.398512
v -2.805617 -0.025279 -2.398512
v -2.805617 0.054721 -2.398512
v -2.826831 -0.025279 -2.377299
v -2.826831 0.054721 -2.377299
v -2.419725 -0.025279 -2.826831
v -2.398512 -0.025279 -2.848044
v -2.398512 -0.025279 -2.805617
v -2.377299 -0.025279 -2.826831
v -2.329829 -0.030000 -2.994509
v -2.994509 -0.030000 -2.329829
v -2.895514 0.030000 -2.230834
v -2.826831 0.054721 -2.419725
v -2.877494 0.041289 -2.452556
v -2.786643 0.041289 -2.336609
v -2.803975 0.041289 -2.319278
v -2.774096 0.025803 -2.349156
v -2.779831 0.085803 -2.343421
v -0.652775 0.025804 -0.227836
v -0.652775 0.041290 -0.227836
v -0.658519 0.085803 -0.222110
v -0.689523 0.085803 -0.191202
v -0.695267 0.025804 -0.185476
v -0.665342 0.071584 -0.215309
v -0.658519 0.071584 -0.222110
v -0.665342 0.041290 -0.215309
v -0.682700 0.071584 -0.198004
v -0.682700 0.041290 -0.198004
v -0.689523 0.071584 -0.191202
v -0.695267 0.041290 -0.185476
v -3.629804 0.085803 -1.147634
v -3.629804 0.025803 -1.139523
v -3.629804 0.071584 -1.191412
v -3.629804 0.041289 -1.181778
v -3.629804 0.041289 -1.157268
v -3.629804 0.071584 -1.147634
v -3.629306 0.025803 -1.860477
v -3.629306 0.071584 -1.808588
v -3.629306 0.041289 -1.842732
v -3.629306 0.071584 -1.852366
v -0.218158 0.071584 0.218158
v -0.242302 0.071584 0.242301
v -0.224971 0.071584 0.224970
v -0.249114 0.085803 0.249114
v -0.249114 0.071584 0.249114
v -0.224971 0.041289 0.224970
v -0.242302 0.041289 0.242301
v -0.212423 0.041289 0.212423
v -0.212423 0.025803 0.212423
v -0.297528 -0.025279 0.109577
v -0.297528 0.054721 0.109577
v -0.318742 0.054721 0.130790
v -0.318742 -0.025279 0.130790
v -0.276315 -0.025279 0.130790
v -0.276315 0.054721 0.130790
v -0.297528 -0.025279 0.152003
v -0.297528 0.054721 0.152003
v 0.130790 0.054721 -0.318742
v 0.109577 0.054721 -0.297528
v 0.109577 -0.025279 -0.297528
v 0.130790 -0.025279 -0.318742
v 0.130790 -0.025279 -0.276315
v 0.152003 0.054721 -0.297528
v 0.152003 -0.025279 -0.297528
v 0.130790 0.054721 -0.276315
v -0.218158 0.085803 0.218158
v -0.254849 0.025803 0.254849
v -0.254849 0.041289 0.254849
v 0.199474 -0.030000 -0.465207
v 0.199474 0.030000 -0.465207
v -0.465207 0.030000 0.199474
v -0.465207 -0.030000 0.199474
v 0.298469 -0.030000 -0.366212
v 0.298469 0.030000 -0.366212
v -0.366212 -0.030000 0.298469
v -0.366212 0.030000 0.298469
v -0.448974 -0.025279 -0.041868
v -0.470187 0.054721 -0.020655
v -0.470187 -0.025279 -0.020655
v -0.427761 -0.025279 -0.020655
v -0.448974 -0.025279 0.000558
v -0.448974 0.054721 0.000558
v -0.041868 -0.025279 -0.448974
v -0.020655 -0.025279 -0.470187
v -0.020655 -0.025279 -0.427761
v 0.000558 0.054721 -0.448974
v 0.000558 -0.025279 -0.448974
v -0.448974 0.054721 -0.041868
v -0.427761 0.054721 -0.020655
v -0.020655 0.054721 -0.427761
v -0.041868 0.054721 -0.448974
v -0.020655 0.054721 -0.470187
v 0.048028 -0.030000 -0.616652
v 0.048028 0.030000 -0.616652
v -0.616652 0.030000 0.048028
v -0.616652 -0.030000 0.048028
v 0.147023 -0.030000 -0.517657
v 0.147023 0.030000 -0.517657
v -0.517657 -0.030000 0.147023
v -0.517657 0.030000 0.147023
v -0.598810 -0.025279 -0.191704
v -0.620023 0.054721 -0.170491
v -0.620023 -0.025279 -0.170491
v -0.577597 -0.025279 -0.170491
v -0.598810 -0.025279 -0.149278
v -0.598810 0.054721 -0.149278
v -0.191705 0.054721 -0.598810
v -0.191705 -0.025279 -0.598810
v -0.170492 -0.025279 -0.620023
v -0.170492 -0.025279 -0.577597
v -0.149279 0.054721 -0.598810
v -0.149279 -0.025279 -0.598810
v -0.101809 -0.030000 -0.766488
v -0.766488 0.030000 -0.101808
v -0.002814 -0.030000 -0.667493
v -0.002814 0.030000 -0.667493
v -0.667493 -0.030000 -0.002813
v -0.101809 0.030000 -0.766488
v -0.170492 0.054721 -0.577597
v -0.766488 -0.030000 -0.101808
v -0.170492 0.054721 -0.620023
v -0.667493 0.030000 -0.002813
v -0.598810 0.054721 -0.191704
v -0.577597 0.054721 -0.170491
v -3.629804 0.071584 -1.157268
v -3.629804 0.085803 -1.191412
v -3.629804 0.071584 -1.181778
v -3.629804 0.025803 -1.199523
v -3.629804 0.041289 -1.139523
v -3.629804 0.041289 -1.199523
v -4.000000 0.025803 -1.139523
v -4.000000 0.041289 -1.139523
v -4.000000 0.041289 -1.181778
v -4.000000 0.041289 -1.157268
v -4.000000 0.025803 -1.199523
v -4.000000 0.041289 -1.199523
v -4.000000 0.071584 -1.157268
v -4.000000 0.071584 -1.181778
v -4.000000 0.071584 -1.191412
v -4.000000 0.085803 -1.191412
v -4.000000 0.085803 -1.147634
v -4.000000 0.071584 -1.147634
v -3.629306 0.085803 -1.808588
v -3.629306 0.071584 -1.842732
v -3.629306 0.071584 -1.818222
v -3.629306 0.085803 -1.852366
v -3.629306 0.041289 -1.860477
v -3.629306 0.041289 -1.818222
v -3.629306 0.025803 -1.800477
v -3.629306 0.041289 -1.800477
v -4.000000 0.025803 -1.860477
v -4.000000 0.041289 -1.860477
v -4.000000 0.025803 -1.800477
v -4.000000 0.041289 -1.818222
v -4.000000 0.041289 -1.800477
v -4.000000 0.041289 -1.842732
v -4.000000 0.071584 -1.852366
v -4.000000 0.085803 -1.852366
v -4.000000 0.071584 -1.818222
v -4.000000 0.071584 -1.842732
v -4.000000 0.085803 -1.808588
v -4.000000 0.071584 -1.808588
v -3.680850 -0.025279 -1.787867
v -3.680850 0.054721 -1.787867
v -3.680850 0.054721 -1.817867
v -3.680850 -0.025279 -1.817867
v -3.710850 -0.025279 -1.787867
v -3.710850 0.054721 -1.787867
v -3.710850 -0.025279 -1.817867
v -3.710850 0.054721 -1.817867
v -3.680850 0.054721 -1.182133
v -3.680850 0.054721 -1.212133
v -3.680850 -0.025279 -1.212133
v -3.680850 -0.025279 -1.182133
v -3.710850 0.054721 -1.212133
v -3.710850 -0.025279 -1.212133
v -3.710850 0.054721 -1.182133
v -3.710850 -0.025279 -1.182133
v -3.875202 -0.025279 -1.787867
v -3.875202 0.054721 -1.787867
v -3.875202 0.054721 -1.817867
v -3.875202 -0.025279 -1.817867
v -3.905202 -0.025279 -1.787867
v -3.905202 0.054721 -1.787867
v -3.905202 -0.025279 -1.817867
v -3.905202 0.054721 -1.817867
v -3.875202 0.054721 -1.182133
v -3.875202 0.054721 -1.212133
v -3.875202 -0.025279 -1.212133
v -3.875202 -0.025279 -1.182133
v -3.905202 0.054721 -1.212133
v -3.905202 -0.025279 -1.212133
v -3.905202 0.054721 -1.182133
v -3.905202 -0.025279 -1.182133
v -3.820202 -0.030000 -1.030000
v -3.820202 0.030000 -1.030000
v -3.820202 0.030000 -1.970000
v -3.820202 -0.030000 -1.970000
v -3.960202 -0.030000 -1.030000
v -3.960202 0.030000 -1.030000
v -3.960202 -0.030000 -1.970000
v -3.960202 0.030000 -1.970000
v -3.625850 -0.030000 -1.030000
v -3.625850 0.030000 -1.030000
v -3.625850 0.030000 -1.970000
v -3.625850 -0.030000 -1.970000
v -3.765850 -0.030000 -1.030000
v -3.765850 0.030000 -1.030000
v -3.765850 -0.030000 -1.970000
v -3.765850 0.030000 -1.970000
v -2.286192 0.041289 -1.776400
v -2.286192 0.025803 -1.776400
v -2.256313 0.071584 -1.806279
v -2.256313 0.041289 -1.806279
v -2.249501 0.085803 -1.813091
v -2.249501 0.071584 -1.813091
v -0.491311 -0.025279 -0.898417
v -0.491311 0.054721 -0.898417
v -0.470098 0.054721 -0.919630
v -0.470098 -0.025279 -0.919630
v -0.512525 -0.025279 -0.919630
v -0.512525 0.054721 -0.919630
v -0.491311 -0.025279 -0.940843
v -0.491311 0.054721 -0.940843
v -0.668088 -0.025279 -1.075194
v -0.668088 0.054721 -1.075194
v -0.646875 0.054721 -1.096407
v -0.646875 -0.025279 -1.096407
v -0.689301 -0.025279 -1.096407
v -0.689301 0.054721 -1.096407
v -0.668088 -0.025279 -1.117620
v -0.668088 0.054721 -1.117620
v -0.844865 -0.025279 -1.251970
v -0.844865 0.054721 -1.251970
v -0.823652 0.054721 -1.273183
v -0.823652 -0.025279 -1.273183
v -0.866078 -0.025279 -1.273183
v -0.866078 0.054721 -1.273183
v -0.844865 -0.025279 -1.294397
v -0.844865 0.054721 -1.294397
v -1.341867 -0.030000 -0.677186
v -1.341867 0.030000 -0.677186
v -0.677187 0.030000 -1.341867
v -0.677187 -0.030000 -1.341867
v -1.440862 -0.030000 -0.776181
v -1.440862 0.030000 -0.776181
v -0.776181 -0.030000 -1.440862
v -0.776181 0.030000 -1.440862
v -1.165090 -0.030000 -0.500410
v -1.165090 0.030000 -0.500410
v -0.500410 0.030000 -1.165090
v -0.500410 -0.030000 -1.165090
v -1.264085 -0.030000 -0.599405
v -1.264085 0.030000 -0.599405
v -0.599405 -0.030000 -1.264085
v -0.599405 0.030000 -1.264085
v -0.988313 -0.030000 -0.323633
v -0.988313 0.030000 -0.323633
v -0.323633 0.030000 -0.988313
v -0.323633 -0.030000 -0.988313
v -1.087308 -0.030000 -0.422628
v -1.087308 0.030000 -0.422628
v -0.422628 -0.030000 -1.087308
v -0.422628 0.030000 -1.087308
v -0.811537 -0.030000 -0.146856
v -0.811537 0.030000 -0.146856
v -0.146856 0.030000 -0.811537
v -0.146856 -0.030000 -0.811537
v -0.910532 -0.030000 -0.245851
v -0.910532 0.030000 -0.245851
v -0.245851 -0.030000 -0.910532
v -0.245851 0.030000 -0.910532
v -1.021642 -0.025279 -1.428747
v -1.021642 0.054721 -1.428747
v -1.000428 0.054721 -1.449960
v -1.000428 -0.025279 -1.449960
v -1.042855 -0.025279 -1.449960
v -1.042855 0.054721 -1.449960
v -1.021642 -0.025279 -1.471173
v -1.021642 0.054721 -1.471173
v -1.198418 -0.025279 -1.605523
v -1.198418 0.054721 -1.605523
v -1.177205 0.054721 -1.626737
v -1.177205 -0.025279 -1.626737
v -1.219631 -0.025279 -1.626737
v -1.219631 0.054721 -1.626737
v -1.198418 -0.025279 -1.647950
v -1.198418 0.054721 -1.647950
v -1.375195 -0.025279 -1.782300
v -1.375195 0.054721 -1.782300
v -1.353982 0.054721 -1.803513
v -1.353982 -0.025279 -1.803513
v -1.396408 -0.025279 -1.803513
v -1.396408 0.054721 -1.803513
v -1.375195 -0.025279 -1.824727
v -1.375195 0.054721 -1.824727
v -1.803514 0.054721 -1.353981
v -1.782300 0.054721 -1.375195
v -1.782300 -0.025279 -1.375195
v -1.803514 -0.025279 -1.353981
v -1.803514 0.054721 -1.396408
v -1.803514 -0.025279 -1.396408
v -1.824727 0.054721 -1.375195
v -1.824727 -0.025279 -1.375195
v -1.551972 -0.025279 -1.959077
v -1.551972 0.054721 -1.959077
v -1.530759 0.054721 -1.980290
v -1.530759 -0.025279 -1.980290
v -1.573185 -0.025279 -1.980290
v -1.573185 0.054721 -1.980290
v -1.551972 -0.025279 -2.001503
v -1.551972 0.054721 -2.001503
v -2.048974 -0.030000 -1.384293
v -2.048974 0.030000 -1.384293
v -1.384293 0.030000 -2.048974
v -1.384293 -0.030000 -2.048974
v -2.147969 -0.030000 -1.483288
v -2.147969 0.030000 -1.483288
v -1.483288 -0.030000 -2.147969
v -1.483288 0.030000 -2.147969
v -1.872197 -0.030000 -1.207516
v -1.872197 0.030000 -1.207516
v -1.207517 0.030000 -1.872197
v -1.207517 -0.030000 -1.872197
v -1.971192 -0.030000 -1.306511
v -1.971192 0.030000 -1.306511
v -1.306512 -0.030000 -1.971192
v -1.306512 0.030000 -1.971192
v -1.695420 -0.030000 -1.030740
v -1.695420 0.030000 -1.030740
v -1.030740 0.030000 -1.695420
v -1.030740 -0.030000 -1.695420
v -1.794415 -0.030000 -1.129735
v -1.794415 0.030000 -1.129735
v -1.129735 -0.030000 -1.794415
v -1.129735 0.030000 -1.794415
v -1.518644 -0.030000 -0.853963
v -1.518644 0.030000 -0.853963
v -0.853963 0.030000 -1.518643
v -0.853963 -0.030000 -1.518643
v -1.617638 -0.030000 -0.952958
v -1.617638 0.030000 -0.952958
v -0.952958 -0.030000 -1.617638
v -0.952958 0.030000 -1.617638
v -1.728748 -0.025279 -2.135854
v -1.728748 0.054721 -2.135854
v -1.707535 0.054721 -2.157067
v -1.707535 -0.025279 -2.157067
v -1.749961 -0.025279 -2.157067
v -1.749961 0.054721 -2.157067
v -1.728748 -0.025279 -2.178280
v -1.728748 0.054721 -2.178280
v -2.157067 0.054721 -1.707535
v -2.135854 0.054721 -1.728748
v -2.135854 -0.025279 -1.728748
v -2.157067 -0.025279 -1.707535
v -2.157067 0.054721 -1.749961
v -2.157067 -0.025279 -1.749961
v -2.178280 0.054721 -1.728748
v -2.178280 -0.025279 -1.728748
v -1.905525 -0.025279 -2.312630
v -1.905525 0.054721 -2.312630
v -1.884312 0.054721 -2.333843
v -1.884312 -0.025279 -2.333843
v -1.926738 -0.025279 -2.333843
v -1.926738 0.054721 -2.333843
v -1.905525 -0.025279 -2.355056
v -1.905525 0.054721 -2.355056
v -2.333844 0.054721 -1.884312
v -2.312631 0.054721 -1.905525
v -2.312631 -0.025279 -1.905525
v -2.333844 -0.025279 -1.884312
v -2.333843 0.054721 -1.926738
v -2.333843 -0.025279 -1.926738
v -2.355057 0.054721 -1.905525
v -2.355057 -0.025279 -1.905525
v -2.082302 -0.025279 -2.489407
v -2.082302 0.054721 -2.489407
v -2.061089 0.054721 -2.510620
v -2.061089 -0.025279 -2.510620
v -2.103515 -0.025279 -2.510620
v -2.103515 0.054721 -2.510620
v -2.082302 -0.025279 -2.531833
v -2.082302 0.054721 -2.531833
v -2.510620 0.054721 -2.061088
v -2.489407 0.054721 -2.082301
v -2.489407 -0.025279 -2.082301
v -2.510620 -0.025279 -2.061088
v -2.510620 0.054721 -2.103514
v -2.510620 -0.025279 -2.103514
v -2.531834 0.054721 -2.082301
v -2.531834 -0.025279 -2.082301
v -2.259078 -0.025279 -2.666183
v -2.259078 0.054721 -2.666183
v -2.237865 0.054721 -2.687397
v -2.237865 -0.025279 -2.687397
v -2.280292 -0.025279 -2.687397
v -2.280292 0.054721 -2.687397
v -2.259079 -0.025279 -2.708610
v -2.259079 0.054721 -2.708610
v -2.687397 0.054721 -2.237865
v -2.666184 0.054721 -2.259078
v -2.666184 -0.025279 -2.259078
v -2.687397 -0.025279 -2.237865
v -2.687397 0.054721 -2.280291
v -2.687397 -0.025279 -2.280291
v -2.708611 0.054721 -2.259078
v -2.708611 -0.025279 -2.259078
v -2.756081 -0.030000 -2.091400
v -2.756081 0.030000 -2.091400
v -2.091400 0.030000 -2.756080
v -2.091400 -0.030000 -2.756080
v -2.855075 -0.030000 -2.190394
v -2.855075 0.030000 -2.190394
v -2.190395 -0.030000 -2.855075
v -2.190395 0.030000 -2.855075
v -2.579304 -0.030000 -1.914623
v -2.579304 0.030000 -1.914623
v -1.914623 0.030000 -2.579303
v -1.914623 -0.030000 -2.579303
v -2.678299 -0.030000 -2.013618
v -2.678299 0.030000 -2.013618
v -2.013618 -0.030000 -2.678298
v -2.013618 0.030000 -2.678298
v -2.402527 -0.030000 -1.737846
v -2.402527 0.030000 -1.737846
v -1.737847 0.030000 -2.402526
v -1.737847 -0.030000 -2.402526
v -2.501522 -0.030000 -1.836841
v -2.501522 0.030000 -1.836841
v -1.836842 -0.030000 -2.501522
v -1.836842 0.030000 -2.501522
v -2.225750 -0.030000 -1.561070
v -2.225750 0.030000 -1.561070
v -1.561070 0.030000 -2.225750
v -1.561070 -0.030000 -2.225750
v -2.324745 -0.030000 -1.660065
v -2.324745 0.030000 -1.660065
v -1.660065 -0.030000 -2.324745
v -1.660065 0.030000 -2.324745
v -0.809630 0.041290 -0.382338
v -0.809108 0.025804 -0.381836
v -0.844662 0.085803 -0.344068
v -0.815105 0.085803 -0.376356
v -0.850218 0.025804 -0.338163
v -0.821271 0.071584 -0.368923
v -0.814668 0.071584 -0.375933
v -0.821271 0.041290 -0.368923
v -0.838063 0.071584 -0.351083
v -0.838063 0.041290 -0.351083
v -0.845879 0.071584 -0.343716
v -0.850218 0.041290 -0.338163
v -0.306552 -0.025739 -0.712226
v -0.306552 0.054262 -0.712226
v -0.285306 0.054262 -0.733406
v -0.285306 -0.025739 -0.733406
v -0.329395 -0.025739 -0.734159
v -0.329395 0.054262 -0.734159
v -0.308272 -0.025739 -0.755462
v -0.308272 0.054262 -0.755462
v -0.735532 0.054262 -0.284570
v -0.714285 0.054262 -0.305750
v -0.714285 -0.025739 -0.305750
v -0.735532 -0.025739 -0.284570
v -0.734773 0.054262 -0.325333
v -0.734773 -0.025739 -0.325333
v -0.755896 0.054262 -0.304031
v -0.755896 -0.025739 -0.304031
v -0.965137 0.041290 -0.514921
v -0.964571 0.025804 -0.514468
v -0.996763 0.085803 -0.473791
v -0.970081 0.085803 -0.508492
v -1.001794 0.025804 -0.467430
v -0.975583 0.071584 -0.500559
v -0.969605 0.071584 -0.508110
v -0.975583 0.041290 -0.500559
v -0.990788 0.071584 -0.481345
v -0.990788 0.041290 -0.481345
v -0.996763 0.071584 -0.473791
v -1.001794 0.041290 -0.467430
v -1.132159 0.041290 -0.634591
v -1.131551 0.025804 -0.634188
v -1.160288 0.085803 -0.590995
v -1.136557 0.085803 -0.627777
v -1.164779 0.025804 -0.584241
v -1.141382 0.071584 -0.619419
v -1.136044 0.071584 -0.627436
v -1.141382 0.041290 -0.619419
v -1.154954 0.071584 -0.599016
v -1.154954 0.041290 -0.599016
v -1.160288 0.071584 -0.590995
v -1.164779 0.041290 -0.584241
v -1.043366 0.054262 -0.550770
v -1.025908 0.054262 -0.575167
v -1.025908 -0.025739 -0.575167
v -1.043366 -0.025739 -0.550770
v -1.047667 0.054262 -0.591020
v -1.047667 -0.025739 -0.591020
v -1.064858 0.054262 -0.566434
v -1.064858 -0.025739 -0.566434
v -1.094884 -0.030460 -0.400196
v -1.094884 0.029540 -0.400196
v -0.532766 0.029540 -1.153602
v -0.532766 -0.030460 -1.153602
v -1.190145 -0.030460 -0.467359
v -1.190145 0.029540 -0.467359
v -0.666627 -0.030460 -1.248080
v -0.666627 0.029540 -1.248080
v -1.309501 0.041290 -0.741288
v -1.308855 0.025804 -0.740936
v -1.334152 0.085803 -0.695636
v -1.313355 0.085803 -0.734152
v -1.338106 0.025804 -0.688553
v -1.317509 0.071584 -0.725446
v -1.312810 0.071584 -0.733855
v -1.317509 0.041290 -0.725446
v -1.329457 0.071584 -0.704048
v -1.329457 0.041290 -0.704048
v -1.334152 0.071584 -0.695636
v -1.338106 0.041290 -0.688553
v -1.213467 0.054262 -0.664383
v -1.198035 0.054262 -0.690109
v -1.198035 -0.025739 -0.690109
v -1.213467 -0.025739 -0.664383
v -1.221271 0.054262 -0.704087
v -1.221272 -0.025739 -0.704087
v -1.236440 0.054262 -0.678205
v -1.236440 -0.025739 -0.678205
v -1.252003 -0.030460 -0.510148
v -1.252003 0.029540 -0.510148
v -0.753400 0.029540 -1.307012
v -0.753401 -0.030460 -1.307013
v -1.353606 -0.030460 -0.570095
v -1.353606 0.029540 -0.570095
v -0.893396 -0.030460 -1.389732
v -0.893396 0.029540 -1.389732
v -1.495837 0.041290 -0.835259
v -1.495159 0.025804 -0.834958
v -1.517119 0.085803 -0.787942
v -1.499165 0.085803 -0.827863
v -1.520551 0.025804 -0.780591
v -1.502671 0.071584 -0.818881
v -1.498592 0.071584 -0.827610
v -1.502671 0.041290 -0.818881
v -1.513043 0.071584 -0.796672
v -1.513043 0.041290 -0.796672
v -1.517119 0.071584 -0.787942
v -1.520551 0.041290 -0.780591
v -1.393371 0.054262 -0.765269
v -1.379930 0.054262 -0.792090
v -1.379930 -0.025739 -0.792089
v -1.393370 -0.025739 -0.765268
v -1.404473 0.054262 -0.804171
v -1.404473 -0.025739 -0.804171
v -1.417659 0.054262 -0.777225
v -1.417659 -0.025739 -0.777225
v -1.419604 -0.030460 -0.608213
v -1.419604 0.029540 -0.608213
v -0.983817 0.029540 -1.441093
v -0.983817 -0.030460 -1.441093
v -1.526646 -0.030460 -0.661421
v -1.526646 0.029540 -0.661421
v -1.128178 -0.030460 -1.512786
v -1.128178 0.029540 -1.512786
v -1.689823 0.041290 -0.917019
v -1.689115 0.025804 -0.916767
v -1.707901 0.085803 -0.868387
v -1.692648 0.085803 -0.909417
v -1.710836 0.025804 -0.860823
v -1.695542 0.071584 -0.900223
v -1.692052 0.071584 -0.909206
v -1.695542 0.041290 -0.900223
v -1.704414 0.071584 -0.877370
v -1.704414 0.041290 -0.877370
v -1.707901 0.071584 -0.868387
v -1.710836 0.041290 -0.860823
v -1.581763 0.054262 -0.853782
v -1.570236 0.054262 -0.881479
v -1.570236 -0.025739 -0.881479
v -1.581763 -0.025739 -0.853782
v -1.595900 0.054262 -0.891677
v -1.595900 -0.025739 -0.891677
v -1.607189 0.054262 -0.863881
v -1.607189 -0.025739 -0.863881
v -1.596644 -0.030460 -0.694466
v -1.596644 0.029540 -0.694466
v -1.221351 0.029540 -1.556298
v -1.221351 -0.030460 -1.556298
v -1.708795 -0.030460 -0.740614
v -1.708795 0.029540 -0.740614
v -1.368864 -0.030460 -1.616996
v -1.368864 0.029540 -1.616996
v -1.890536 0.041290 -0.986466
v -1.889816 0.025804 -0.986238
v -1.905630 0.085803 -0.936827
v -1.892895 0.085803 -0.978707
v -1.908102 0.025804 -0.929102
v -1.895227 0.071584 -0.969342
v -1.892289 0.071584 -0.978515
v -1.895227 0.041290 -0.969342
v -1.902697 0.071584 -0.946002
v -1.902697 0.041290 -0.946002
v -1.905630 0.071584 -0.936827
v -1.908102 0.041290 -0.929102
v -1.581303 -0.025739 -1.502759
v -1.581303 0.054262 -1.502759
v -1.571576 0.054262 -1.531138
v -1.571576 -0.025739 -1.531138
v -1.611928 -0.025739 -1.513363
v -1.611928 0.054262 -1.513363
v -1.602429 -0.025739 -1.541819
v -1.602429 0.054262 -1.541819
v -1.777709 0.054262 -0.929751
v -1.767981 0.054262 -0.958130
v -1.767981 -0.025739 -0.958130
v -1.777709 -0.025739 -0.929751
v -1.794220 0.054262 -0.967250
v -1.794221 -0.025739 -0.967249
v -1.803719 0.054262 -0.938793
v -1.803719 -0.025739 -0.938793
v -1.781667 -0.030460 -0.769662
v -1.781667 0.029540 -0.769662
v -1.463642 0.029540 -1.654230
v -1.463642 -0.030460 -1.654230
v -1.898197 -0.030460 -0.809050
v -1.898197 0.029540 -0.809050
v -1.613170 -0.030460 -1.704794
v -1.613170 0.029540 -1.704794
v -2.096630 0.041290 -1.044529
v -2.095889 0.025804 -1.044349
v -2.108973 0.085803 -0.994136
v -2.098559 0.085803 -1.036652
v -2.111017 0.025804 -0.986285
v -2.100366 0.071584 -1.027177
v -2.097935 0.071584 -1.036500
v -2.100366 0.041290 -1.027177
v -2.106545 0.071584 -1.003459
v -2.106545 0.041290 -1.003459
v -2.108973 0.071584 -0.994136
v -2.111017 0.041290 -0.986285
v -1.817088 -0.025739 -1.577485
v -1.817088 0.054262 -1.577485
v -1.809030 0.054262 -1.606382
v -1.809030 -0.025739 -1.606382
v -1.848100 -0.025739 -1.586104
v -1.848100 0.054262 -1.586104
v -1.840252 -0.025739 -1.615059
v -1.840252 0.054262 -1.615059
v -1.979792 0.054262 -0.994011
v -1.971734 0.054262 -1.022909
v -1.971734 -0.025739 -1.022909
v -1.979792 -0.025739 -0.994011
v -1.998722 0.054262 -1.030422
v -1.998722 -0.025739 -1.030422
v -2.006571 0.054262 -1.001468
v -2.006571 -0.025739 -1.001468
v -1.973494 -0.030460 -0.834396
v -1.973494 0.029540 -0.834396
v -1.708994 0.029540 -1.736415
v -1.708994 -0.030460 -1.736415
v -2.093700 -0.030460 -0.867410
v -2.093700 0.029540 -0.867410
v -1.859681 -0.030460 -1.777813
v -1.859681 0.029540 -1.777813
v -2.306812 0.041290 -1.092745
v -2.306055 0.025804 -1.092612
v -2.316618 0.085803 -1.041797
v -2.308345 0.085803 -1.084782
v -2.318268 0.025804 -1.033852
v -2.309670 0.071584 -1.075234
v -2.307707 0.071584 -1.084669
v -2.309670 0.041290 -1.075234
v -2.314658 0.071584 -1.051232
v -2.314658 0.041290 -1.051232
v -2.316618 0.071584 -1.041797
v -2.318268 0.041290 -1.033852
v -2.185838 0.025803 -1.676046
v -2.185838 0.041289 -1.676046
v -2.173290 0.041289 -1.688594
v -2.155959 0.041289 -1.705925
v -2.143411 0.041289 -1.718472
v -2.143411 0.025803 -1.718472
v -2.155959 0.071584 -1.705925
v -2.180103 0.085803 -1.681781
v -2.149147 0.085803 -1.712737
v -2.149147 0.071584 -1.712737
v -2.173290 0.071584 -1.688594
v -2.180103 0.071584 -1.681781
v -2.186635 0.054262 -1.047964
v -2.180120 0.054262 -1.077247
v -2.180120 -0.025739 -1.077247
v -2.186635 -0.025739 -1.047964
v -2.207784 0.054262 -1.083017
v -2.207784 -0.025739 -1.083017
v -2.214111 0.054262 -1.053692
v -2.214111 -0.025739 -1.053692
v -2.171554 -0.030460 -0.888207
v -2.171554 0.029540 -0.888207
v -1.956169 0.029540 -1.803198
v -1.956169 -0.030460 -1.803198
v -2.294819 -0.030460 -0.915150
v -2.294819 0.029540 -0.915150
v -2.107355 -0.030460 -1.836266
v -2.107355 0.029540 -1.836266
v -2.520758 0.041290 -1.130228
v -2.519994 0.025804 -1.130116
v -2.528269 0.085803 -1.078892
v -2.521932 0.085803 -1.122204
v -2.529562 0.025804 -1.070884
v -2.522827 0.071584 -1.112599
v -2.521288 0.071584 -1.122109
v -2.522827 0.041290 -1.112599
v -2.526734 0.071584 -1.088403
v -2.526734 0.041290 -1.088403
v -2.528269 0.071584 -1.078892
v -2.529562 0.041290 -1.070884
v -2.413925 0.025804 -1.782494
v -2.170769 0.025804 -1.739519
v -2.170769 0.041290 -1.739519
v -2.413925 0.041290 -1.782494
v -2.420123 0.041290 -1.740701
v -2.420124 0.071584 -1.740700
v -2.178844 0.071584 -1.698047
v -2.178844 0.041290 -1.698047
v -2.421696 0.071584 -1.731194
v -2.421537 0.085803 -1.731171
v -2.180686 0.085688 -1.688590
v -2.180845 0.071584 -1.688623
v -2.294545 -0.025739 -1.688006
v -2.294545 0.054262 -1.688006
v -2.289434 0.054262 -1.717568
v -2.289435 -0.025739 -1.717567
v -2.325890 -0.025739 -1.693557
v -2.325890 0.054262 -1.693557
v -2.320956 -0.025739 -1.723148
v -2.320956 0.054262 -1.723148
v -2.397748 0.054262 -1.091129
v -2.392636 0.054262 -1.120689
v -2.392636 -0.025739 -1.120689
v -2.397748 -0.025739 -1.091129
v -2.420577 0.054262 -1.125662
v -2.420577 -0.025739 -1.125662
v -2.425512 0.054262 -1.096071
v -2.425512 -0.025739 -1.096071
v -2.374407 -0.030460 -0.932480
v -2.374407 0.029540 -0.932480
v -2.204085 0.029540 -1.856920
v -2.204085 -0.030460 -1.856920
v -2.500134 -0.030460 -0.953874
v -2.500134 0.029540 -0.953874
v -2.355331 -0.030460 -1.882653
v -2.355331 0.029540 -1.882652
v -2.173755 0.041290 -1.722018
v -2.416122 0.041290 -1.764883
v -2.173755 0.071584 -1.722018
v -2.171754 0.071584 -1.731441
v -2.414548 0.071584 -1.774388
v -2.416122 0.071584 -1.764883
v -2.171754 0.085688 -1.731441
v -2.414548 0.085803 -1.774388
v -2.182528 0.041290 -1.680691
v -2.423020 0.041290 -1.723193
v -2.182528 0.025804 -1.680691
v -2.423020 0.025804 -1.723193
v -2.737158 0.041290 -1.159600
v -2.736384 0.025804 -1.159530
v -2.742559 0.085803 -1.107999
v -2.738003 0.085803 -1.151535
v -2.743525 0.025804 -1.099944
v -2.738498 0.071584 -1.141907
v -2.737350 0.071584 -1.151474
v -2.738498 0.041290 -1.141907
v -2.741414 0.071584 -1.117567
v -2.741414 0.041290 -1.117567
v -2.742560 0.071584 -1.107999
v -2.743525 0.041290 -1.099944
v -2.657200 0.025804 -1.815703
v -2.657200 0.041290 -1.815703
v -2.661674 0.041290 -1.773690
v -2.661674 0.071584 -1.773690
v -2.662853 0.071584 -1.764129
v -2.662694 0.085803 -1.764110
v -2.534655 -0.025739 -1.726123
v -2.534655 0.054262 -1.726123
v -2.530828 0.054262 -1.755878
v -2.530828 -0.025739 -1.755878
v -2.566046 -0.025739 -1.729872
v -2.566046 0.054262 -1.729872
v -2.562376 -0.025739 -1.759646
v -2.562376 0.054262 -1.759646
v -2.611910 0.054262 -1.125336
v -2.608083 0.054262 -1.155091
v -2.608083 -0.025739 -1.155091
v -2.611910 -0.025739 -1.125336
v -2.636477 0.054262 -1.158462
v -2.636477 -0.025739 -1.158462
v -2.640146 0.054262 -1.128687
v -2.640146 -0.025739 -1.128687
v -2.581254 -0.030460 -0.967742
v -2.581254 0.029540 -0.967742
v -2.452080 0.029540 -1.898823
v -2.452080 -0.030460 -1.898823
v -2.709070 -0.030460 -0.983691
v -2.709070 0.029540 -0.983691
v -2.603055 -0.030460 -1.917692
v -2.603055 0.029540 -1.917692
v -2.658672 0.041290 -1.798012
v -2.657491 0.071584 -1.807571
v -2.658672 0.071584 -1.798012
v -2.657491 0.085803 -1.807571
v -2.663846 0.041290 -1.756081
v -2.663846 0.025804 -1.756081
v -2.955863 0.041290 -1.179754
v -2.955085 0.025804 -1.179701
v -2.959366 0.085803 -1.127989
v -2.956410 0.085803 -1.171662
v -2.960035 0.025804 -1.119904
v -2.956550 0.071584 -1.162017
v -2.955754 0.071584 -1.171618
v -2.956550 0.041290 -1.162017
v -2.958572 0.071584 -1.137590
v -2.958573 0.041290 -1.137590
v -2.959366 0.071584 -1.127989
v -2.960035 0.041290 -1.119904
v -2.900126 0.025804 -1.838381
v -2.900126 0.041290 -1.838381
v -2.903045 0.041290 -1.796231
v -2.903046 0.071584 -1.796230
v -2.903870 0.071584 -1.786630
v -2.903712 0.085803 -1.786620
v -2.774953 -0.025739 -1.753818
v -2.774953 0.054262 -1.753818
v -2.772291 0.054262 -1.783700
v -2.772291 -0.025739 -1.783700
v -2.806337 -0.025739 -1.756699
v -2.806337 0.054262 -1.756699
v -2.803823 -0.025739 -1.786593
v -2.803823 0.054262 -1.786593
v -2.828692 0.054262 -1.150473
v -2.826031 0.054262 -1.180354
v -2.826031 -0.025739 -1.180354
v -2.828692 -0.025739 -1.150473
v -2.854604 0.054262 -1.182992
v -2.854604 -0.025739 -1.182992
v -2.857119 0.054262 -1.153097
v -2.857119 -0.025739 -1.153097
v -2.791434 -0.030460 -0.994274
v -2.791434 0.029540 -0.994274
v -2.699628 0.029540 -1.929779
v -2.699628 -0.030460 -1.929779
v -2.920794 -0.030460 -1.005595
v -2.920794 0.029540 -1.005595
v -2.850158 -0.030460 -1.942937
v -2.850158 0.029540 -1.942937
v -2.900947 0.041290 -1.820653
v -2.900121 0.071584 -1.830252
v -2.900947 0.071584 -1.820653
v -2.900121 0.085803 -1.830252
v -2.904564 0.041290 -1.778549
v -2.904564 0.025804 -1.778549
v -3.176034 0.041290 -1.192934
v -3.175252 0.025804 -1.192900
v -3.177793 0.085803 -1.141081
v -3.176309 0.085803 -1.184829
v -3.178190 0.025804 -1.132980
v -3.176123 0.071584 -1.175179
v -3.175650 0.071584 -1.184800
v -3.176123 0.041290 -1.175179
v -3.177323 0.071584 -1.150702
v -3.177323 0.041290 -1.150702
v -3.177793 0.071584 -1.141081
v -3.178190 0.041290 -1.132980
v -3.142523 0.025804 -1.852967
v -3.142523 0.041290 -1.852967
v -3.144020 0.041290 -1.810743
v -3.144020 0.071584 -1.810743
v -3.144520 0.071584 -1.801121
v -3.144361 0.085803 -1.801115
v -3.015099 -0.025739 -1.773073
v -3.015099 0.054262 -1.773073
v -3.013505 0.054262 -1.803030
v -3.013505 -0.025739 -1.803030
v -3.046402 -0.025739 -1.774396
v -3.046402 0.054262 -1.774396
v -3.044936 -0.025739 -1.804360
v -3.044936 0.054262 -1.804360
v -3.047293 0.054262 -1.168195
v -3.045698 0.054262 -1.198153
v -3.045698 -0.025739 -1.198153
v -3.047293 -0.025739 -1.168195
v -3.074543 0.054262 -1.199351
v -3.074543 -0.025739 -1.199351
v -3.076009 0.054262 -1.169386
v -3.076009 -0.025739 -1.169386
v -3.004205 -0.030460 -1.013000
v -3.004205 0.029540 -1.013000
v -2.946429 0.029540 -1.951223
v -2.946429 -0.030460 -1.951223
v -3.134901 -0.030460 -1.019580
v -3.134901 0.029540 -1.019580
v -3.096314 -0.030460 -1.958786
v -3.096314 0.029540 -1.958786
v -3.142747 0.041290 -1.835218
v -3.142247 0.071584 -1.844839
v -3.142747 0.071584 -1.835218
v -3.142247 0.085803 -1.844839
v -3.144940 0.041290 -1.793022
v -3.144940 0.025804 -1.793022
v -3.397432 0.041290 -1.198802
v -3.396645 0.025804 -1.198805
v -3.397606 0.085803 -1.146920
v -3.397459 0.085803 -1.190693
v -3.397757 0.025804 -1.138808
v -3.396976 0.071584 -1.181061
v -3.396795 0.071584 -1.190695
v -3.396976 0.041290 -1.181061
v -3.397429 0.071584 -1.156554
v -3.397429 0.041290 -1.156554
v -3.397606 0.071584 -1.146919
v -3.397757 0.041290 -1.138808
v -3.384166 0.025807 -1.859710
v -3.384166 0.041293 -1.859710
v -3.384364 0.041291 -1.817459
v -3.384364 0.071585 -1.817459
v -3.384566 0.071585 -1.807824
v -3.384409 0.085805 -1.807825
v -3.254750 -0.025739 -1.783344
v -3.254750 0.054263 -1.783344
v -3.254117 0.054263 -1.813336
v -3.254117 -0.025738 -1.813336
v -3.285994 -0.025738 -1.783924
v -3.285994 0.054263 -1.783924
v -3.285481 -0.025738 -1.813920
v -3.285481 0.054263 -1.813920
v -3.267515 0.054262 -1.177744
v -3.266883 0.054262 -1.207737
v -3.266883 -0.025739 -1.207737
v -3.267515 -0.025739 -1.177744
v -3.295830 0.054262 -1.208274
v -3.295830 -0.025739 -1.208274
v -3.296343 0.054262 -1.178278
v -3.296343 -0.025739 -1.178278
v -3.218982 -0.030460 -1.024704
v -3.218982 0.029540 -1.024704
v -3.192300 0.029541 -1.964323
v -3.192300 -0.030459 -1.964323
v -3.350679 -0.030460 -1.027145
v -3.350679 0.029540 -1.027145
v -3.341495 -0.030456 -1.967099
v -3.341495 0.029544 -1.967099
v -3.383846 0.041291 -1.841969
v -3.383643 0.071585 -1.851601
v -3.383846 0.071585 -1.841969
v -3.383643 0.085805 -1.851601
v -3.384737 0.041290 -1.799715
v -3.384737 0.025804 -1.799715
v -3.493855 -0.025735 -1.786716
v -3.493855 0.054266 -1.786716
v -3.494107 0.054266 -1.816715
v -3.494107 -0.025735 -1.816715
v -3.525033 -0.025735 -1.786593
v -3.525033 0.054266 -1.786593
v -3.525400 -0.025735 -1.816591
v -3.525400 0.054266 -1.816591
v -3.488732 0.054262 -1.181004
v -3.488985 0.054262 -1.211002
v -3.488985 -0.025739 -1.211002
v -3.488732 -0.025739 -1.181004
v -3.518009 0.054262 -1.210902
v -3.518009 -0.025739 -1.210902
v -3.517643 0.054262 -1.180904
v -3.517643 -0.025739 -1.180904
v -3.435486 -0.030460 -1.029063
v -3.435486 0.029540 -1.029063
v -3.436981 0.029544 -1.969061
v -3.436981 -0.030456 -1.969061
v -3.569797 -0.030460 -1.028593
v -3.569797 0.029540 -1.028593
v -3.583365 -0.030456 -1.968494
v -3.583365 0.029544 -1.968494
v -2.273644 0.041289 -1.788948
v -2.280456 0.071584 -1.782135
v -2.273644 0.071584 -1.788947
v -2.280456 0.085803 -1.782135
v -2.243765 0.041289 -1.818826
v -2.243765 0.025803 -1.818826
v -1.973219 0.054721 -1.523687
v -1.952006 0.054721 -1.544900
v -1.952006 -0.025279 -1.544900
v -1.973219 -0.025279 -1.523687
v -1.973219 0.054721 -1.566114
v -1.973219 -0.025279 -1.566114
v -1.994432 0.054721 -1.544900
v -1.994432 -0.025279 -1.544900
v -0.907735 -0.025279 -0.451722
v -0.907735 0.054721 -0.451722
v -0.888990 0.054721 -0.475145
v -0.888990 -0.025279 -0.475145
v -0.931159 -0.025279 -0.470466
v -0.931159 0.054721 -0.470466
v -0.912414 -0.025279 -0.493889
v -0.912414 0.054721 -0.493889
v -1.029276 0.025344 -1.273009
v -0.834649 0.025344 -1.112652
v -0.834649 0.040830 -1.112652
v -1.029276 0.040830 -1.273009
v -1.050071 0.040830 -1.235309
v -1.050076 0.071124 -1.235305
v -0.857687 0.071124 -1.077235
v -0.857687 0.040830 -1.077235
v -1.054904 0.071124 -1.226847
v -1.054757 0.085343 -1.226768
v -0.862940 0.085343 -1.069159
v -0.863080 0.071124 -1.069252
v -0.843962 0.040830 -1.097541
v -1.037612 0.040830 -1.256991
v -0.843962 0.071124 -1.097541
v -0.838567 0.071124 -1.105521
v -1.032783 0.071124 -1.265443
v -1.037612 0.071124 -1.256991
v -0.838567 0.085343 -1.105521
v -1.032732 0.085343 -1.265494
v -0.867619 0.040830 -1.062532
v -1.059010 0.040830 -1.219689
v -0.867619 0.025344 -1.062532
v -1.059010 0.025344 -1.219689
v -1.219852 0.025344 -1.427441
v -1.219655 0.040830 -1.427639
v -1.237765 0.040830 -1.388502
v -1.237707 0.071124 -1.388560
v -1.241884 0.071124 -1.379808
v -1.241740 0.085343 -1.379732
v -1.226721 0.040830 -1.411180
v -1.222549 0.071124 -1.419923
v -1.226721 0.071124 -1.411180
v -1.222713 0.085343 -1.419759
v -1.245491 0.040830 -1.372350
v -1.245491 0.025344 -1.372350
v -1.448629 0.025344 -1.532574
v -1.448629 0.040830 -1.532574
v -1.463464 0.040830 -1.493013
v -1.463464 0.071124 -1.493013
v -1.467002 0.071124 -1.484048
v -1.466846 0.085343 -1.483992
v -1.454461 0.040830 -1.515819
v -1.450922 0.071124 -1.524783
v -1.454461 0.071124 -1.515819
v -1.450922 0.085343 -1.524783
v -1.469979 0.040830 -1.476501
v -1.469979 0.025344 -1.476501
v -1.687253 0.025344 -1.615285
v -1.687254 0.040830 -1.615286
v -1.699656 0.040830 -1.574895
v -1.699656 0.071124 -1.574895
v -1.702639 0.071124 -1.565735
v -1.702483 0.085343 -1.565686
v -1.692062 0.040830 -1.598197
v -1.689075 0.071124 -1.607357
v -1.692062 0.071124 -1.598197
v -1.689075 0.085343 -1.607357
v -1.705150 0.040830 -1.558024
v -1.705150 0.025344 -1.558024
v -1.928299 0.025344 -1.683730
v -1.928299 0.040830 -1.683730
v -1.938448 0.040830 -1.642716
v -1.938449 0.071124 -1.642715
v -1.940920 0.071124 -1.633403
v -1.940763 0.085343 -1.633364
v -1.932156 0.040830 -1.666408
v -1.929682 0.071124 -1.675719
v -1.932156 0.071124 -1.666408
v -1.929682 0.085343 -1.675719
v -1.943002 0.040830 -1.625563
v -1.943002 0.025344 -1.625563
v -1.875896 0.041289 -1.391200
v -1.743314 0.041289 -1.258618
v -1.755862 0.041289 -1.246070
v -1.888444 0.041289 -1.378653
v -1.212984 0.041289 -0.728288
v -1.225531 0.041289 -0.715740
v -1.882709 0.071584 -1.384388
v -1.750126 0.071584 -1.251805
v -1.743314 0.071584 -1.258618
v -1.875896 0.071584 -1.391200
v -1.219796 0.071584 -0.721475
v -1.212984 0.071584 -0.728288
v -1.882709 0.085803 -1.384388
v -1.750126 0.085803 -1.251805
v -1.219796 0.085803 -0.721475
v -1.846017 0.041289 -1.421079
v -1.713435 0.041289 -1.288496
v -1.725983 0.041289 -1.275949
v -1.858565 0.041289 -1.408532
v -1.183105 0.041289 -0.758166
v -1.195653 0.041289 -0.745619
v -1.858565 0.071584 -1.408531
v -1.725983 0.071584 -1.275949
v -1.719170 0.071584 -1.282761
v -1.851753 0.071584 -1.415344
v -1.195653 0.071584 -0.745619
v -1.188840 0.071584 -0.752431
v -1.188840 0.085803 -0.752431
v -1.719170 0.085803 -1.282761
v -1.888444 0.025803 -1.378653
v -1.755862 0.025803 -1.246070
v -1.713435 0.025803 -1.288496
v -1.846017 0.025803 -1.421079
v -1.225531 0.025803 -0.715740
v -1.183105 0.025803 -0.758166
v -1.851753 0.085803 -1.415344
v -2.035169 0.025803 -1.525377
v -2.035169 0.041289 -1.525377
v -1.992742 0.041289 -1.567804
v -1.992742 0.025803 -1.567804
v -2.029433 0.085803 -1.531113
v -1.998478 0.085803 -1.562068
v -2.005290 0.071584 -1.555256
v -2.005290 0.041289 -1.555256
v -1.998478 0.071584 -1.562068
v -2.022621 0.071584 -1.537925
v -2.022621 0.041289 -1.537925
v -2.029433 0.071584 -1.531113
vt 0.989434 0.122106
vt 0.989434 0.108666
vt 0.980327 0.108666
vt 0.957161 0.108666
vt 0.980327 0.080031
vt 0.940388 0.065394
vt 0.957160 0.080032
vt 0.997100 0.065394
vt 0.940388 0.080032
vt 0.905875 0.048121
vt 0.905875 0.034093
vt 0.000000 0.034093
vt 0.980661 0.046583
vt 0.956839 0.017139
vt 0.956839 0.046583
vt 0.980661 0.017139
vt 0.997100 0.080031
vt 0.000000 0.012881
vt 0.905875 0.012881
vt 0.905875 0.000000
vt 0.906075 0.312903
vt 0.906075 0.296828
vt 0.000200 0.296828
vt -0.000122 0.156096
vt -0.000122 0.210448
vt 0.905753 0.210448
vt 0.000000 0.012881
vt 0.000000 0.025762
vt 0.905875 0.025761
vt 0.906075 0.281378
vt 0.000200 0.281378
vt 0.000200 0.297453
vt 0.000512 0.321630
vt 0.151491 0.321630
vt 0.151491 0.312903
vt 0.000000 0.062150
vt 0.000000 0.089593
vt 0.905875 0.089593
vt 0.000000 0.062150
vt 0.000000 0.089593
vt 0.905875 0.093759
vt 0.939593 0.017139
vt 0.939593 0.002088
vt 0.997907 0.002088
vt 0.947476 0.046583
vt 0.947476 0.060402
vt 0.990024 0.046583
vt 0.990024 0.060402
vt 0.997907 0.017139
vt 0.000512 0.321630
vt 0.906387 0.321630
vt 0.906387 0.312903
vt 0.948055 0.122106
vt 0.948055 0.108666
vt 0.905875 0.048121
vt 0.000000 0.048121
vt 0.000000 0.062150
vt 0.000200 0.259595
vt 0.906075 0.219937
vt 0.000200 0.219937
vt 0.000200 0.219937
vt 0.000200 0.259595
vt 0.906075 0.259595
vt 0.000200 0.219937
vt 0.000200 0.259595
vt 0.906075 0.259595
vt 0.906075 0.259595
vt 0.906075 0.219937
vt 0.000200 0.219937
vt 0.000200 0.219937
vt 0.000200 0.259595
vt 0.906075 0.259595
vt 0.905875 0.048121
vt 0.000000 0.048121
vt 0.000000 0.062150
vt 0.905875 0.048121
vt 0.000000 0.048121
vt 0.000000 0.062150
vt 0.905875 0.048121
vt 0.000000 0.048121
vt 0.000000 0.062150
vt 0.000000 0.048121
vt 0.000000 0.062150
vt 0.905875 0.062150
vt 0.905875 0.048121
vt 0.000000 0.048121
vt 0.000000 0.062150
vt 0.906387 0.321630
vt 0.000512 0.312903
vt 0.000512 0.321630
vt 0.906387 0.321630
vt 0.000512 0.312903
vt 0.000512 0.321630
vt 0.906387 0.321630
vt 0.906387 0.312903
vt 0.000512 0.312903
vt 0.906387 0.321630
vt 0.906387 0.312903
vt 0.000512 0.312903
vt 0.000512 0.321630
vt 0.906387 0.321630
vt 0.906387 0.312903
vt 0.000000 0.062150
vt 0.000000 0.089593
vt 0.905875 0.093759
vt 0.000000 0.062150
vt 0.000000 0.089593
vt 0.905875 0.093759
vt 0.000000 0.089593
vt 0.905875 0.093759
vt 0.905875 0.066316
vt 0.000000 0.062150
vt 0.000000 0.089593
vt 0.905875 0.093759
vt 0.000000 0.062150
vt 0.000000 0.089593
vt 0.905875 0.093759
vt 0.000000 0.062150
vt 0.000000 0.089593
vt 0.905875 0.089593
vt 0.000000 0.062150
vt 0.000000 0.089593
vt 0.905875 0.089593
vt 0.000000 0.062150
vt 0.000000 0.089593
vt 0.905875 0.089593
vt 0.000000 0.062150
vt 0.000000 0.089593
vt 0.905875 0.089593
vt 0.000000 0.062150
vt 0.000000 0.089593
vt 0.905875 0.089593
vt 0.906387 0.312903
vt 0.755408 0.321630
vt 0.906387 0.321630
vt 0.755408 0.312903
vt 0.604429 0.321630
vt 0.453449 0.321630
vt 0.604429 0.312903
vt 0.302470 0.321630
vt 0.453449 0.312903
vt 0.302470 0.312903
vt 0.906075 0.281378
vt 0.000200 0.281378
vt 0.000200 0.297453
vt 0.906075 0.281378
vt 0.000200 0.281378
vt 0.000200 0.297453
vt 0.906075 0.281378
vt 0.000200 0.281378
vt 0.000200 0.297453
vt 0.906075 0.281378
vt 0.000200 0.281378
vt 0.000200 0.297453
vt 0.906075 0.281378
vt 0.000200 0.281378
vt 0.000200 0.297453
vt 0.000000 0.012881
vt 0.000000 0.025762
vt 0.905875 0.025761
vt 0.000000 0.012881
vt 0.000000 0.025762
vt 0.905875 0.025761
vt 0.000000 0.012881
vt 0.000000 0.025762
vt 0.905875 0.025761
vt 0.000000 0.012881
vt 0.000000 0.025762
vt 0.905875 0.025761
vt 0.000000 0.012881
vt 0.000000 0.025762
vt 0.905875 0.025761
vt -0.000122 0.210448
vt 0.905753 0.210448
vt 0.905753 0.156096
vt -0.000122 0.210448
vt 0.905753 0.210448
vt 0.905753 0.156096
vt -0.000122 0.210448
vt 0.905753 0.210448
vt 0.905753 0.156096
vt -0.000122 0.210448
vt 0.905753 0.210448
vt 0.905753 0.156096
vt -0.000122 0.210448
vt 0.905753 0.210448
vt 0.905753 0.156096
vt 0.906075 0.312903
vt 0.906075 0.296828
vt 0.000200 0.296828
vt 0.906075 0.312903
vt 0.906075 0.296828
vt 0.000200 0.296828
vt 0.906075 0.312903
vt 0.906075 0.296828
vt 0.000200 0.296828
vt 0.906075 0.312903
vt 0.906075 0.296828
vt 0.000200 0.296828
vt 0.906075 0.312903
vt 0.906075 0.296828
vt 0.000200 0.296828
vt 0.000000 0.000000
vt 0.000000 0.012881
vt 0.905875 0.012881
vt 0.000000 0.000000
vt 0.000000 0.012881
vt 0.905875 0.012881
vt 0.000000 0.000000
vt 0.000000 0.012881
vt 0.905875 0.012881
vt 0.000000 0.012881
vt 0.905875 0.012881
vt 0.905875 0.000000
vt 0.000000 0.000000
vt 0.000000 0.012881
vt 0.905875 0.012881
vt 0.905875 0.048121
vt 0.905875 0.034093
vt 0.000000 0.034093
vt 0.905875 0.048121
vt 0.905875 0.034093
vt 0.000000 0.034093
vt 0.905875 0.034093
vt 0.000000 0.034093
vt 0.000000 0.048121
vt 0.905875 0.048121
vt 0.905875 0.034093
vt 0.000000 0.034093
vt 0.905875 0.048121
vt 0.905875 0.034093
vt 0.000000 0.034093
vt 0.000000 0.000000
vt 0.000512 0.312903
vt 0.905875 0.062150
vt 0.000512 0.312903
vt 0.905875 0.062150
vt 0.905875 0.062150
vt 0.905875 0.048121
vt 0.905875 0.062150
vt 0.000512 0.321630
vt 0.000512 0.321630
vt 0.000512 0.312903
vt 0.905875 0.066316
vt 0.905875 0.066316
vt 0.000000 0.062150
vt 0.905875 0.066316
vt 0.905875 0.062150
vt 0.905875 0.062150
vt 0.905875 0.062150
vt 0.906075 0.297453
vt 0.906075 0.297453
vt 0.906075 0.297453
vt 0.906075 0.297453
vt 0.905875 0.012880
vt 0.905875 0.012880
vt 0.905875 0.012880
vt 0.905875 0.012880
vt -0.000122 0.156096
vt -0.000122 0.156096
vt -0.000122 0.156096
vt -0.000122 0.156096
vt 0.000200 0.312903
vt 0.000200 0.312903
vt 0.000200 0.312903
vt 0.000200 0.312903
vt 0.905875 0.000000
vt 0.000000 0.000000
vt 0.905875 0.000000
vt 0.000000 0.048121
vt 0.000000 0.048121
vt 0.905875 0.048121
vt 0.000000 0.048121
vt 0.906075 0.259595
vt 0.000200 0.219937
vt 0.000200 0.259595
vt 0.906075 0.259595
vt 0.906075 0.219937
vt 0.000200 0.259595
vt 0.906075 0.219937
vt 0.906075 0.219937
vt 0.906075 0.219937
vt 0.905875 0.012880
vt 0.905875 0.012880
vt 0.905875 0.066316
vt 0.905875 0.066316
vt 0.000200 0.312903
vt 0.000200 0.312903
vt 0.000000 0.048121
vt 0.000000 0.048121
vt 0.905753 0.156096
vt -0.000122 0.156096
vt 0.905875 0.062150
vt 0.905875 0.062150
vt 0.906075 0.297453
vt 0.906075 0.297453
vt 0.905875 0.062150
vt 0.905875 0.062150
vt 0.905875 0.000000
vt 0.905875 0.000000
vt 0.906387 0.312903
vt 0.906387 0.312903
vt 0.988815 0.121247
vt 0.948685 0.121247
vt 0.979984 0.108213
vt 0.988815 0.108212
vt 0.957516 0.080442
vt 0.979984 0.080442
vt 0.957516 0.108213
vt 0.941250 0.080442
vt 0.941250 0.066246
vt 0.000200 0.219937
vt 0.906075 0.219937
vt 0.906075 0.259595
vt 0.000000 0.121202
vt 0.000000 0.093759
vt 0.905875 0.093759
vt 0.000000 0.025761
vt 0.000000 0.012881
vt 0.905875 0.012881
vt 0.000512 0.321630
vt 0.906387 0.321630
vt 0.906387 0.330358
vt 0.906075 0.296828
vt 0.906075 0.312903
vt 0.000200 0.312903
vt 0.000000 0.089593
vt 0.000000 0.062150
vt 0.905875 0.062150
vt 0.000000 0.012881
vt 0.000000 0.000000
vt 0.905875 0.000000
vt 0.000512 0.321630
vt 0.000512 0.312903
vt 0.906387 0.312903
vt 0.999050 0.183297
vt 0.939310 0.183297
vt 0.939310 0.342604
vt 0.999050 0.183297
vt 0.939310 0.183297
vt 0.939310 0.342604
vt 0.999050 0.342604
vt 0.999050 0.183297
vt 0.939310 0.183297
vt 0.999050 0.342604
vt 0.999050 0.183297
vt 0.939310 0.183297
vt 0.985655 0.132863
vt 0.939081 0.132863
vt 0.939081 0.179437
vt 0.939310 0.342604
vt 0.939310 0.183297
vt 0.999050 0.183297
vt 0.939310 0.342604
vt 0.939310 0.183297
vt 0.999050 0.183297
vt 0.939310 0.342604
vt 0.939310 0.183297
vt 0.999050 0.183297
vt 0.999050 0.342604
vt 0.939310 0.342604
vt 0.939310 0.183297
vt 0.979692 0.844034
vt 0.979692 0.781451
vt -0.000781 0.781451
vt 0.146184 0.656284
vt 0.000156 0.656284
vt 0.000156 0.718868
vt 0.998987 0.850355
vt 0.001647 0.850355
vt 0.001647 0.998895
vt 0.905875 0.048121
vt 0.905875 0.062150
vt 0.000000 0.062150
vt 0.000000 0.034093
vt 0.905875 0.034093
vt 0.905875 0.048121
vt -0.000122 0.210448
vt -0.000122 0.156096
vt 0.905753 0.156096
vt 0.906075 0.297453
vt 0.000200 0.297453
vt 0.000200 0.281378
vt 0.985655 0.179437
vt 0.939081 0.179437
vt 0.939081 0.132863
vt 0.980629 0.781451
vt 0.980629 0.718868
vt 0.000156 0.718868
vt 0.302823 0.718868
vt 0.302823 0.656284
vt 0.156795 0.656284
vt 0.999534 0.654611
vt 0.999534 0.505675
vt -0.000466 0.505675
vt 0.948685 0.108212
vt 0.000000 0.048121
vt 0.905875 0.048121
vt 0.905875 0.062150
vt 0.905875 0.034093
vt 0.905875 0.048121
vt 0.000000 0.048121
vt -0.000122 0.156096
vt 0.905753 0.156096
vt 0.905753 0.210448
vt 0.000000 0.121202
vt 0.000000 0.093759
vt 0.905875 0.093759
vt 0.000512 0.321630
vt 0.906387 0.321630
vt 0.906387 0.330358
vt 0.906075 0.296828
vt 0.906075 0.312903
vt 0.000200 0.312903
vt 0.000000 0.062150
vt 0.905875 0.062150
vt 0.905875 0.089593
vt 0.000000 0.012881
vt 0.000000 0.000000
vt 0.905875 0.000000
vt 0.000512 0.321630
vt 0.000512 0.312903
vt 0.906387 0.312903
vt 0.906075 0.281378
vt 0.906075 0.297453
vt 0.000200 0.297453
vt 0.999050 0.183297
vt 0.939310 0.183297
vt 0.939310 0.342604
vt 0.999050 0.183297
vt 0.939310 0.183297
vt 0.939310 0.342604
vt 0.999050 0.342604
vt 0.999050 0.183297
vt 0.939310 0.183297
vt 0.999050 0.342604
vt 0.999050 0.183297
vt 0.939310 0.183297
vt 0.985655 0.132863
vt 0.939081 0.132863
vt 0.939081 0.179437
vt 0.999050 0.342604
vt 0.939310 0.342604
vt 0.939310 0.183297
vt 0.939310 0.342604
vt 0.939310 0.183297
vt 0.999050 0.183297
vt 0.999050 0.342604
vt 0.939310 0.342604
vt 0.939310 0.183297
vt 0.939310 0.342604
vt 0.939310 0.183297
vt 0.999050 0.183297
vt 0.979692 0.844034
vt 0.979692 0.781451
vt -0.000781 0.781451
vt 0.146184 0.718868
vt 0.146184 0.656284
vt 0.000156 0.656284
vt 0.998987 0.998895
vt 0.998987 0.850355
vt 0.001647 0.850355
vt 0.000200 0.219937
vt 0.906075 0.219937
vt 0.906075 0.259595
vt 0.000000 0.025761
vt 0.000000 0.012881
vt 0.905875 0.012881
vt 0.985655 0.179437
vt 0.939081 0.179437
vt 0.939081 0.132863
vt 0.980629 0.718868
vt 0.000156 0.718868
vt 0.000156 0.781451
vt 0.302823 0.656284
vt 0.156795 0.656284
vt 0.156795 0.718868
vt 0.999534 0.654611
vt 0.999534 0.505675
vt -0.000466 0.505675
vt 0.905875 0.048121
vt 0.905875 0.062150
vt 0.000000 0.062150
vt 0.000000 0.034093
vt 0.905875 0.034093
vt 0.905875 0.048121
vt 0.906075 0.219937
vt 0.906075 0.259595
vt 0.000200 0.259595
vt -0.000122 0.210448
vt -0.000122 0.156096
vt 0.905753 0.156096
vt 0.000000 0.093759
vt 0.905875 0.093759
vt 0.905875 0.121202
vt 0.000000 0.012881
vt 0.905875 0.012881
vt 0.905875 0.025761
vt 0.000512 0.321630
vt 0.906387 0.321630
vt 0.906387 0.330358
vt 0.906075 0.312903
vt 0.000200 0.312903
vt 0.000200 0.296828
vt 0.000000 0.089593
vt 0.000000 0.062150
vt 0.905875 0.062150
vt 0.000000 0.012881
vt 0.000000 0.000000
vt 0.905875 0.000000
vt 0.000512 0.312903
vt 0.906387 0.312903
vt 0.906387 0.321630
vt 0.906075 0.281378
vt 0.906075 0.297453
vt 0.000200 0.297453
vt 0.999050 0.183297
vt 0.939310 0.183297
vt 0.939310 0.342604
vt 0.999050 0.342604
vt 0.999050 0.183297
vt 0.939310 0.183297
vt 0.999050 0.342604
vt 0.999050 0.183297
vt 0.939310 0.183297
vt 0.999050 0.342604
vt 0.999050 0.183297
vt 0.939310 0.183297
vt 0.985655 0.132863
vt 0.939081 0.132863
vt 0.939081 0.179437
vt 0.999050 0.342604
vt 0.939310 0.342604
vt 0.939310 0.183297
vt 0.999050 0.342604
vt 0.939310 0.342604
vt 0.939310 0.183297
vt 0.999050 0.342604
vt 0.939310 0.342604
vt 0.939310 0.183297
vt 0.999050 0.342604
vt 0.939310 0.342604
vt 0.939310 0.183297
vt 0.979692 0.844034
vt 0.979692 0.781451
vt -0.000781 0.781451
vt 0.146184 0.656284
vt 0.000156 0.656284
vt 0.000156 0.718868
vt 0.998987 0.998895
vt 0.998987 0.850355
vt 0.001647 0.850355
vt 0.939081 0.179437
vt 0.939081 0.132863
vt 0.985655 0.132863
vt 0.980629 0.781451
vt 0.980629 0.718868
vt 0.000156 0.718868
vt 0.302823 0.718868
vt 0.302823 0.656284
vt 0.156795 0.656284
vt 0.999534 0.654611
vt 0.999534 0.505675
vt -0.000466 0.505675
vt 0.980536 0.046423
vt 0.956964 0.046423
vt 0.980536 0.017287
vt 0.947698 0.046423
vt 0.947698 0.060098
vt 0.939898 0.017287
vt 0.939898 0.002393
vt 0.956964 0.017287
vt 0.997602 0.002393
vt 0.997602 0.017287
vt 0.999050 0.342604
vt 0.999050 0.183297
vt 0.939310 0.183297
vt 0.999050 0.342604
vt 0.999050 0.183297
vt 0.939310 0.183297
vt 0.999050 0.183297
vt 0.939310 0.183297
vt 0.939310 0.342604
vt 0.999050 0.342604
vt 0.999050 0.183297
vt 0.939310 0.183297
vt 0.985655 0.132863
vt 0.939081 0.132863
vt 0.939081 0.179437
vt 0.999050 0.342604
vt 0.939310 0.342604
vt 0.939310 0.183297
vt 0.999050 0.342604
vt 0.939310 0.342604
vt 0.939310 0.183297
vt 0.999050 0.342604
vt 0.939310 0.342604
vt 0.939310 0.183297
vt 0.999050 0.342604
vt 0.939310 0.342604
vt 0.939310 0.183297
vt 0.939081 0.179437
vt 0.939081 0.132863
vt 0.985655 0.132863
vt 0.979692 0.844034
vt 0.979692 0.781451
vt -0.000781 0.781451
vt 0.146184 0.718868
vt 0.146184 0.656284
vt 0.000156 0.656284
vt 0.980629 0.718868
vt 0.000156 0.718868
vt 0.000156 0.781451
vt 0.302823 0.656284
vt 0.156795 0.656284
vt 0.156795 0.718868
vt 0.999534 0.505675
vt -0.000466 0.505675
vt -0.000466 0.654611
vt 0.998987 0.998895
vt 0.998987 0.850355
vt 0.001647 0.850355
vt 0.999050 0.342604
vt 0.999050 0.183297
vt 0.939310 0.183297
vt 0.999050 0.342604
vt 0.999050 0.183297
vt 0.939310 0.183297
vt 0.999050 0.342604
vt 0.999050 0.183297
vt 0.939310 0.183297
vt 0.999050 0.342604
vt 0.999050 0.183297
vt 0.939310 0.183297
vt 0.985655 0.179437
vt 0.985655 0.132863
vt 0.939081 0.132863
vt 0.999050 0.342604
vt 0.939310 0.342604
vt 0.939310 0.183297
vt 0.999050 0.342604
vt 0.939310 0.342604
vt 0.939310 0.183297
vt 0.999050 0.342604
vt 0.939310 0.342604
vt 0.939310 0.183297
vt 0.939310 0.342604
vt 0.939310 0.183297
vt 0.999050 0.183297
vt 0.985655 0.179437
vt 0.939081 0.179437
vt 0.939081 0.132863
vt 0.979692 0.844034
vt 0.979692 0.781451
vt -0.000781 0.781451
vt 0.146184 0.718868
vt 0.146184 0.656284
vt 0.000156 0.656284
vt 0.980629 0.781451
vt 0.980629 0.718868
vt 0.000156 0.718868
vt 0.302823 0.718868
vt 0.302823 0.656284
vt 0.156795 0.656284
vt 0.999534 0.654611
vt 0.999534 0.505675
vt -0.000466 0.505675
vt 0.998987 0.850355
vt 0.001647 0.850355
vt 0.001647 0.998895
vt 0.000000 0.048121
vt 0.905875 0.048121
vt 0.905875 0.062150
vt 0.000000 0.034093
vt 0.905875 0.034093
vt 0.905875 0.048121
vt 0.000200 0.219937
vt 0.906075 0.219937
vt 0.906075 0.259595
vt -0.000122 0.156096
vt 0.905753 0.156096
vt 0.905753 0.210448
vt 0.000000 0.093759
vt 0.905875 0.093759
vt 0.905875 0.121202
vt 0.000000 0.012881
vt 0.905875 0.012881
vt 0.905875 0.025761
vt 0.000512 0.330358
vt 0.000512 0.321630
vt 0.906387 0.321630
vt 0.906075 0.296828
vt 0.906075 0.312903
vt 0.000200 0.312903
vt 0.000000 0.062150
vt 0.905875 0.062150
vt 0.905875 0.089593
vt 0.000000 0.012881
vt 0.000000 0.000000
vt 0.905875 0.000000
vt 0.000512 0.321630
vt 0.000512 0.312903
vt 0.906387 0.312903
vt 0.906075 0.281378
vt 0.906075 0.297453
vt 0.000200 0.297453
vt 0.999050 0.342604
vt 0.999050 0.183297
vt 0.939310 0.183297
vt 0.999050 0.342604
vt 0.999050 0.183297
vt 0.939310 0.183297
vt 0.999050 0.183297
vt 0.939310 0.183297
vt 0.939310 0.342604
vt 0.999050 0.342604
vt 0.999050 0.183297
vt 0.939310 0.183297
vt 0.985655 0.132863
vt 0.939081 0.132863
vt 0.939081 0.179437
vt 0.999050 0.342604
vt 0.939310 0.342604
vt 0.939310 0.183297
vt 0.999050 0.342604
vt 0.939310 0.342604
vt 0.939310 0.183297
vt 0.999050 0.342604
vt 0.939310 0.342604
vt 0.939310 0.183297
vt 0.999050 0.342604
vt 0.939310 0.342604
vt 0.939310 0.183297
vt 0.979692 0.844034
vt 0.979692 0.781451
vt -0.000781 0.781451
vt 0.146184 0.718868
vt 0.146184 0.656284
vt 0.000156 0.656284
vt 0.998987 0.998895
vt 0.998987 0.850355
vt 0.001647 0.850355
vt 0.939081 0.179437
vt 0.939081 0.132863
vt 0.985655 0.132863
vt 0.980629 0.781451
vt 0.980629 0.718868
vt 0.000156 0.718868
vt 0.302823 0.718868
vt 0.302823 0.656284
vt 0.156795 0.656284
vt 0.999534 0.505675
vt -0.000466 0.505675
vt -0.000466 0.654611
vt 0.000000 0.048121
vt 0.000000 0.062150
vt 0.905875 0.062150
vt 0.959024 0.014240
vt 0.980908 0.014240
vt 0.943180 0.000413
vt 0.996752 0.000413
vt 0.980908 0.041289
vt 0.959024 0.041289
vt 0.989510 0.053985
vt 0.950422 0.053985
vt 0.000000 0.034093
vt 0.000000 0.048121
vt 0.905875 0.048121
vt 0.000200 0.219937
vt 0.000200 0.259595
vt 0.906075 0.259595
vt -0.000122 0.210448
vt 0.905753 0.210448
vt 0.905753 0.156096
vt 0.000000 0.121202
vt 0.905875 0.121202
vt 0.905875 0.093759
vt 0.000000 0.025761
vt 0.905875 0.025761
vt 0.905875 0.012881
vt 0.000512 0.330358
vt 0.906387 0.330358
vt 0.906387 0.321630
vt 0.906075 0.296828
vt 0.000200 0.296828
vt 0.000200 0.312903
vt 0.000000 0.089593
vt 0.905875 0.089593
vt 0.905875 0.062150
vt 0.000000 0.012881
vt 0.905875 0.012881
vt 0.905875 0.000000
vt 0.000512 0.321630
vt 0.906387 0.321630
vt 0.906387 0.312903
vt 0.906075 0.281378
vt 0.000200 0.281378
vt 0.000200 0.297453
vt 0.000000 0.048121
vt 0.905875 0.048121
vt 0.905875 0.062150
vt 0.996752 0.000413
vt 0.996752 0.014240
vt 0.980908 0.014240
vt 0.959024 0.014240
vt 0.943180 0.014240
vt 0.943180 0.000413
vt 0.950422 0.053985
vt 0.950422 0.041289
vt 0.959024 0.041289
vt 0.989510 0.053985
vt 0.980908 0.041289
vt 0.905875 0.034093
vt 0.905875 0.048121
vt 0.000000 0.048121
vt 0.000200 0.219937
vt 0.906075 0.219937
vt 0.906075 0.259595
vt -0.000122 0.210448
vt -0.000122 0.156096
vt 0.905753 0.156096
vt 0.000000 0.121202
vt 0.000000 0.093759
vt 0.905875 0.093759
vt 0.000000 0.025761
vt 0.000000 0.012881
vt 0.905875 0.012881
vt 0.000512 0.330358
vt 0.000512 0.321630
vt 0.906387 0.321630
vt 0.906075 0.296828
vt 0.906075 0.312903
vt 0.000200 0.312903
vt 0.000000 0.089593
vt 0.000000 0.062150
vt 0.905875 0.062150
vt 0.000000 0.012881
vt 0.000000 0.000000
vt 0.905875 0.000000
vt 0.000512 0.321630
vt 0.000512 0.312903
vt 0.906387 0.312903
vt 0.906075 0.281378
vt 0.906075 0.297453
vt 0.000200 0.297453
vt 0.999050 0.342604
vt 0.999050 0.183297
vt 0.939310 0.183297
vt 0.999050 0.342604
vt 0.999050 0.183297
vt 0.939310 0.183297
vt 0.999050 0.342604
vt 0.999050 0.183297
vt 0.939310 0.183297
vt 0.999050 0.342604
vt 0.999050 0.183297
vt 0.939310 0.183297
vt 0.985655 0.179437
vt 0.985655 0.132863
vt 0.939081 0.132863
vt 0.999050 0.342604
vt 0.939310 0.342604
vt 0.939310 0.183297
vt 0.999050 0.342604
vt 0.939310 0.342604
vt 0.939310 0.183297
vt 0.999050 0.342604
vt 0.939310 0.342604
vt 0.939310 0.183297
vt 0.999050 0.342604
vt 0.939310 0.342604
vt 0.939310 0.183297
vt 0.985655 0.179437
vt 0.939081 0.179437
vt 0.939081 0.132863
vt 0.999050 0.342604
vt 0.999050 0.183297
vt 0.939310 0.183297
vt 0.999050 0.183297
vt 0.939310 0.183297
vt 0.939310 0.342604
vt 0.999050 0.342604
vt 0.999050 0.183297
vt 0.939310 0.183297
vt 0.999050 0.342604
vt 0.999050 0.183297
vt 0.939310 0.183297
vt 0.985655 0.179437
vt 0.985655 0.132863
vt 0.939081 0.132863
vt 0.999050 0.342604
vt 0.939310 0.342604
vt 0.939310 0.183297
vt 0.939310 0.342604
vt 0.939310 0.183297
vt 0.999050 0.183297
vt 0.999050 0.342604
vt 0.939310 0.342604
vt 0.939310 0.183297
vt 0.999050 0.342604
vt 0.939310 0.342604
vt 0.939310 0.183297
vt 0.985655 0.179437
vt 0.939081 0.179437
vt 0.939081 0.132863
vt 0.979692 0.844034
vt 0.979692 0.781451
vt -0.000781 0.781451
vt 0.146184 0.656284
vt 0.000156 0.656284
vt 0.000156 0.718868
vt 0.980629 0.781451
vt 0.980629 0.718868
vt 0.000156 0.718868
vt 0.302823 0.718868
vt 0.302823 0.656284
vt 0.156795 0.656284
vt 0.999534 0.654611
vt 0.999534 0.505675
vt -0.000466 0.505675
vt 0.979692 0.844034
vt 0.979692 0.781451
vt -0.000781 0.781451
vt 0.145247 0.656284
vt -0.000781 0.656284
vt -0.000781 0.718868
vt 0.979692 0.781451
vt 0.979692 0.718868
vt -0.000781 0.718868
vt 0.302823 0.718868
vt 0.302823 0.656284
vt 0.156795 0.656284
vt 1.000000 1.000000
vt 1.000000 0.851064
vt 0.000000 0.851064
vt 0.998987 0.998895
vt 0.998987 0.850355
vt 0.001647 0.850355
vt 0.998987 0.998049
vt 0.998987 0.849509
vt 0.001647 0.849509
vt 0.996250 0.066246
vt 0.996250 0.080442
vt 0.989802 0.060098
vt 0.989802 0.046423
vt 0.000200 0.259595
vt 0.905875 0.121202
vt 0.905875 0.025761
vt 0.000512 0.330358
vt 0.000200 0.296828
vt 0.905875 0.089593
vt 0.905875 0.012881
vt 0.906387 0.321630
vt 0.999050 0.342604
vt 0.999050 0.342604
vt 0.939310 0.342604
vt 0.939310 0.342604
vt 0.985655 0.179437
vt 0.999050 0.342604
vt 0.999050 0.342604
vt 0.999050 0.342604
vt 0.999050 0.183297
vt -0.000781 0.844034
vt 0.146184 0.718868
vt 0.998987 0.998895
vt 0.000000 0.048121
vt 0.000000 0.048121
vt 0.905753 0.210448
vt 0.906075 0.281378
vt 0.985655 0.132863
vt 0.000156 0.781451
vt 0.156795 0.718868
vt -0.000466 0.654611
vt 0.000000 0.062150
vt 0.000000 0.034093
vt -0.000122 0.210448
vt 0.905875 0.121202
vt 0.000512 0.330358
vt 0.000200 0.296828
vt 0.000000 0.089593
vt 0.905875 0.012881
vt 0.906387 0.321630
vt 0.000200 0.281378
vt 0.999050 0.342604
vt 0.999050 0.342604
vt 0.939310 0.342604
vt 0.939310 0.342604
vt 0.985655 0.179437
vt 0.999050 0.183297
vt 0.999050 0.342604
vt 0.999050 0.183297
vt 0.999050 0.342604
vt -0.000781 0.844034
vt 0.000156 0.718868
vt 0.001647 0.998895
vt 0.000200 0.259595
vt 0.905875 0.025761
vt 0.985655 0.132863
vt 0.980629 0.781451
vt 0.302823 0.718868
vt -0.000466 0.654611
vt 0.000000 0.048121
vt 0.000000 0.048121
vt 0.000200 0.219937
vt 0.905753 0.210448
vt 0.000000 0.121202
vt 0.000000 0.025761
vt 0.000512 0.330358
vt 0.906075 0.296828
vt 0.905875 0.089593
vt 0.905875 0.012881
vt 0.000512 0.321630
vt 0.000200 0.281378
vt 0.999050 0.342604
vt 0.939310 0.342604
vt 0.939310 0.342604
vt 0.939310 0.342604
vt 0.985655 0.179437
vt 0.999050 0.183297
vt 0.999050 0.183297
vt 0.999050 0.183297
vt 0.999050 0.183297
vt -0.000781 0.844034
vt 0.146184 0.718868
vt 0.001647 0.998895
vt 0.985655 0.179437
vt 0.000156 0.781451
vt 0.156795 0.718868
vt -0.000466 0.654611
vt 0.939310 0.342604
vt 0.939310 0.342604
vt 0.999050 0.342604
vt 0.939310 0.342604
vt 0.985655 0.179437
vt 0.999050 0.183297
vt 0.999050 0.183297
vt 0.999050 0.183297
vt 0.999050 0.183297
vt 0.985655 0.179437
vt -0.000781 0.844034
vt 0.000156 0.718868
vt 0.980629 0.781451
vt 0.302823 0.718868
vt 0.999534 0.654611
vt 0.001647 0.998895
vt 0.939310 0.342604
vt 0.939310 0.342604
vt 0.939310 0.342604
vt 0.939310 0.342604
vt 0.939081 0.179437
vt 0.999050 0.183297
vt 0.999050 0.183297
vt 0.999050 0.183297
vt 0.999050 0.342604
vt 0.985655 0.132863
vt -0.000781 0.844034
vt 0.000156 0.718868
vt 0.000156 0.781451
vt 0.156795 0.718868
vt -0.000466 0.654611
vt 0.998987 0.998895
vt 0.000000 0.062150
vt 0.000000 0.048121
vt 0.000200 0.259595
vt -0.000122 0.210448
vt 0.000000 0.121202
vt 0.000000 0.025761
vt 0.906387 0.330358
vt 0.000200 0.296828
vt 0.000000 0.089593
vt 0.905875 0.012881
vt 0.906387 0.321630
vt 0.000200 0.281378
vt 0.939310 0.342604
vt 0.939310 0.342604
vt 0.999050 0.342604
vt 0.939310 0.342604
vt 0.985655 0.179437
vt 0.999050 0.183297
vt 0.999050 0.183297
vt 0.999050 0.183297
vt 0.999050 0.183297
vt -0.000781 0.844034
vt 0.000156 0.718868
vt 0.001647 0.998895
vt 0.985655 0.179437
vt 0.000156 0.781451
vt 0.156795 0.718868
vt 0.999534 0.654611
vt 0.905875 0.048121
vt 0.943180 0.014240
vt 0.996752 0.014240
vt 0.989510 0.041289
vt 0.950422 0.041289
vt 0.905875 0.034093
vt 0.906075 0.219937
vt -0.000122 0.156096
vt 0.000000 0.093759
vt 0.000000 0.012881
vt 0.000512 0.321630
vt 0.906075 0.312903
vt 0.000000 0.062150
vt 0.000000 0.000000
vt 0.000512 0.312903
vt 0.906075 0.297453
vt 0.000000 0.062150
vt 0.989510 0.041289
vt 0.000000 0.034093
vt 0.000200 0.259595
vt 0.905753 0.210448
vt 0.905875 0.121202
vt 0.905875 0.025761
vt 0.906387 0.330358
vt 0.000200 0.296828
vt 0.905875 0.089593
vt 0.905875 0.012881
vt 0.906387 0.321630
vt 0.000200 0.281378
vt 0.939310 0.342604
vt 0.939310 0.342604
vt 0.939310 0.342604
vt 0.939310 0.342604
vt 0.939081 0.179437
vt 0.999050 0.183297
vt 0.999050 0.183297
vt 0.999050 0.183297
vt 0.999050 0.183297
vt 0.985655 0.132863
vt 0.939310 0.342604
vt 0.999050 0.342604
vt 0.939310 0.342604
vt 0.939310 0.342604
vt 0.939081 0.179437
vt 0.999050 0.183297
vt 0.999050 0.342604
vt 0.999050 0.183297
vt 0.999050 0.183297
vt 0.985655 0.132863
vt -0.000781 0.844034
vt 0.146184 0.718868
vt 0.000156 0.781451
vt 0.156795 0.718868
vt -0.000466 0.654611
vt -0.000781 0.844034
vt 0.145247 0.718868
vt -0.000781 0.781451
vt 0.156795 0.718868
vt 0.000000 1.000000
vt 0.001647 0.998895
vt 0.001647 0.998049
vt 0.679406 0.048121
vt 0.679406 0.062150
vt 0.226469 0.093759
vt 0.226469 0.121202
vt 0.226469 0.012881
vt 0.226469 0.025761
vt 0.939310 0.183297
vt 0.999050 0.342604
vt 0.999050 0.183297
vt 0.999050 0.183297
vt 0.939310 0.342604
vt 0.999050 0.342604
vt 0.939310 0.183297
vt 0.999050 0.342604
vt 0.999050 0.183297
vt 0.939310 0.183297
vt 0.999050 0.342604
vt 0.999050 0.183297
vt 0.939081 0.132863
vt 0.985655 0.179437
vt 0.985655 0.132863
vt 0.939310 0.183297
vt 0.999050 0.342604
vt 0.999050 0.183297
vt 0.999050 0.183297
vt 0.939310 0.342604
vt 0.999050 0.342604
vt 0.939310 0.183297
vt 0.999050 0.342604
vt 0.999050 0.183297
vt 0.939310 0.183297
vt 0.999050 0.342604
vt 0.999050 0.183297
vt 0.939081 0.132863
vt 0.985655 0.179437
vt 0.985655 0.132863
vt 0.939310 0.183297
vt 0.999050 0.342604
vt 0.999050 0.183297
vt 0.939310 0.183297
vt 0.999050 0.342604
vt 0.999050 0.183297
vt 0.939310 0.183297
vt 0.999050 0.342604
vt 0.999050 0.183297
vt 0.939310 0.183297
vt 0.999050 0.342604
vt 0.999050 0.183297
vt 0.939081 0.132863
vt 0.985655 0.179437
vt 0.985655 0.132863
vt -0.000781 0.781451
vt 0.979692 0.844034
vt 0.979692 0.781451
vt 0.146184 0.656284
vt 0.000156 0.718868
vt 0.146184 0.718868
vt 0.000156 0.718868
vt 0.980629 0.781451
vt 0.980629 0.718868
vt 0.156795 0.656284
vt 0.302823 0.718868
vt 0.302823 0.656284
vt -0.000466 0.505675
vt 0.999534 0.654611
vt 0.999534 0.505675
vt -0.000781 0.781451
vt 0.979692 0.844034
vt 0.979692 0.781451
vt 0.145247 0.656284
vt -0.000781 0.718868
vt 0.145247 0.718868
vt -0.000781 0.718868
vt 0.979692 0.781451
vt 0.979692 0.718868
vt 0.156795 0.656284
vt 0.302823 0.718868
vt 0.302823 0.656284
vt 1.000000 0.851064
vt 0.000000 1.000000
vt 1.000000 1.000000
vt -0.000781 0.781451
vt 0.979692 0.844034
vt 0.979692 0.781451
vt -0.000781 0.656284
vt 0.145247 0.718868
vt 0.145247 0.656284
vt -0.000781 0.718868
vt 0.979692 0.781451
vt 0.979692 0.718868
vt 0.302823 0.656284
vt 0.156795 0.718868
vt 0.302823 0.718868
vt -0.000103 0.349106
vt 0.999897 0.498042
vt 0.999897 0.349106
vt -0.000781 0.781451
vt 0.979692 0.844034
vt 0.979692 0.781451
vt 0.145247 0.656284
vt -0.000781 0.718868
vt 0.145247 0.718868
vt -0.000781 0.718868
vt 0.979692 0.781451
vt 0.979692 0.718868
vt 0.302823 0.656284
vt 0.156795 0.718868
vt 0.302823 0.718868
vt 0.000000 0.851064
vt 1.000000 1.000000
vt 1.000000 0.851064
vt 0.001647 0.850355
vt 0.998987 0.998895
vt 0.998987 0.850355
vt 0.998987 0.849509
vt 0.001647 0.998049
vt 0.998987 0.998049
vt 0.000000 0.352016
vt 0.997339 0.500556
vt 0.997339 0.352016
vt 0.001647 0.504118
vt 0.998987 0.652658
vt 0.998987 0.504118
vt 0.939310 0.183297
vt 0.999050 0.342604
vt 0.999050 0.183297
vt 0.999050 0.183297
vt 0.939310 0.342604
vt 0.999050 0.342604
vt 0.939310 0.183297
vt 0.999050 0.342604
vt 0.999050 0.183297
vt 0.939310 0.183297
vt 0.999050 0.342604
vt 0.999050 0.183297
vt 0.985655 0.132863
vt 0.939081 0.179437
vt 0.985655 0.179437
vt 0.939310 0.183297
vt 0.999050 0.342604
vt 0.999050 0.183297
vt 0.939310 0.183297
vt 0.999050 0.342604
vt 0.999050 0.183297
vt 0.939310 0.183297
vt 0.999050 0.342604
vt 0.999050 0.183297
vt 0.939310 0.183297
vt 0.999050 0.342604
vt 0.999050 0.183297
vt 0.939081 0.132863
vt 0.985655 0.179437
vt 0.985655 0.132863
vt 0.939310 0.183297
vt 0.999050 0.342604
vt 0.999050 0.183297
vt 0.939310 0.183297
vt 0.999050 0.342604
vt 0.999050 0.183297
vt 0.939310 0.183297
vt 0.999050 0.342604
vt 0.999050 0.183297
vt 0.939310 0.183297
vt 0.999050 0.342604
vt 0.999050 0.183297
vt 0.939081 0.132863
vt 0.985655 0.179437
vt 0.985655 0.132863
vt 0.939310 0.183297
vt 0.999050 0.342604
vt 0.939310 0.342604
vt 0.939310 0.183297
vt 0.999050 0.342604
vt 0.939310 0.342604
vt 0.939310 0.183297
vt 0.999050 0.342604
vt 0.939310 0.342604
vt 0.939310 0.183297
vt 0.999050 0.342604
vt 0.939310 0.342604
vt 0.939081 0.132863
vt 0.985655 0.179437
vt 0.939081 0.179437
vt 0.939310 0.183297
vt 0.999050 0.342604
vt 0.999050 0.183297
vt 0.939310 0.183297
vt 0.999050 0.342604
vt 0.999050 0.183297
vt 0.939310 0.183297
vt 0.999050 0.342604
vt 0.999050 0.183297
vt 0.939310 0.183297
vt 0.999050 0.342604
vt 0.999050 0.183297
vt 0.939081 0.132863
vt 0.985655 0.179437
vt 0.985655 0.132863
vt -0.000781 0.781451
vt 0.979692 0.844034
vt 0.979692 0.781451
vt 0.000156 0.656284
vt 0.146184 0.718868
vt 0.146184 0.656284
vt 0.000156 0.718868
vt 0.980629 0.781451
vt 0.980629 0.718868
vt 0.156795 0.656284
vt 0.302823 0.718868
vt 0.302823 0.656284
vt -0.000466 0.505675
vt 0.999534 0.654611
vt 0.999534 0.505675
vt -0.000781 0.781451
vt 0.979692 0.844034
vt 0.979692 0.781451
vt 0.145247 0.656284
vt -0.000781 0.718868
vt 0.145247 0.718868
vt -0.000781 0.718868
vt 0.979692 0.781451
vt 0.979692 0.718868
vt 0.156795 0.656284
vt 0.302823 0.718868
vt 0.302823 0.656284
vt 1.000000 0.851064
vt 0.000000 1.000000
vt 1.000000 1.000000
vt -0.000781 0.781451
vt 0.979692 0.844034
vt 0.979692 0.781451
vt 0.145247 0.656284
vt -0.000781 0.718868
vt 0.145247 0.718868
vt -0.000781 0.718868
vt 0.979692 0.781451
vt 0.979692 0.718868
vt 0.156795 0.656284
vt 0.302823 0.718868
vt 0.302823 0.656284
vt 0.999897 0.349106
vt -0.000103 0.498042
vt 0.999897 0.498042
vt -0.000781 0.781451
vt 0.979692 0.844034
vt 0.979692 0.781451
vt 0.145247 0.656284
vt -0.000781 0.718868
vt 0.145247 0.718868
vt -0.000781 0.718868
vt 0.979692 0.781451
vt 0.979692 0.718868
vt 0.156795 0.656284
vt 0.302823 0.718868
vt 0.302823 0.656284
vt 0.000000 0.851064
vt 1.000000 1.000000
vt 1.000000 0.851064
vt 0.001647 0.850355
vt 0.998987 0.998895
vt 0.998987 0.850355
vt 0.998987 0.849509
vt 0.001647 0.998049
vt 0.998987 0.998049
vt 0.000000 0.352016
vt 0.997339 0.500556
vt 0.997339 0.352016
vt 0.001647 0.504118
vt 0.998987 0.652658
vt 0.998987 0.504118
vt 0.939310 0.183297
vt 0.999050 0.342604
vt 0.999050 0.183297
vt 0.999050 0.183297
vt 0.939310 0.342604
vt 0.999050 0.342604
vt 0.939310 0.183297
vt 0.999050 0.342604
vt 0.999050 0.183297
vt 0.939310 0.183297
vt 0.999050 0.342604
vt 0.999050 0.183297
vt 0.985655 0.132863
vt 0.939081 0.179437
vt 0.985655 0.179437
vt 0.939310 0.183297
vt 0.999050 0.342604
vt 0.939310 0.342604
vt 0.939310 0.342604
vt 0.999050 0.183297
vt 0.999050 0.342604
vt 0.939310 0.183297
vt 0.999050 0.342604
vt 0.939310 0.342604
vt 0.939310 0.183297
vt 0.999050 0.342604
vt 0.939310 0.342604
vt 0.939081 0.179437
vt 0.985655 0.132863
vt 0.985655 0.179437
vt 0.939310 0.183297
vt 0.999050 0.342604
vt 0.999050 0.183297
vt 0.999050 0.183297
vt 0.939310 0.342604
vt 0.999050 0.342604
vt 0.939310 0.183297
vt 0.999050 0.342604
vt 0.999050 0.183297
vt 0.939310 0.183297
vt 0.999050 0.342604
vt 0.999050 0.183297
vt 0.939081 0.132863
vt 0.985655 0.179437
vt 0.985655 0.132863
vt 0.939310 0.183297
vt 0.999050 0.342604
vt 0.939310 0.342604
vt 0.939310 0.342604
vt 0.999050 0.183297
vt 0.999050 0.342604
vt 0.939310 0.183297
vt 0.999050 0.342604
vt 0.939310 0.342604
vt 0.939310 0.183297
vt 0.999050 0.342604
vt 0.939310 0.342604
vt 0.939081 0.132863
vt 0.985655 0.179437
vt 0.939081 0.179437
vt 0.939310 0.183297
vt 0.999050 0.342604
vt 0.999050 0.183297
vt 0.999050 0.183297
vt 0.939310 0.342604
vt 0.999050 0.342604
vt 0.939310 0.183297
vt 0.999050 0.342604
vt 0.999050 0.183297
vt 0.939310 0.183297
vt 0.999050 0.342604
vt 0.999050 0.183297
vt 0.939081 0.132863
vt 0.985655 0.179437
vt 0.985655 0.132863
vt 0.939310 0.183297
vt 0.999050 0.342604
vt 0.939310 0.342604
vt 0.939310 0.342604
vt 0.999050 0.183297
vt 0.999050 0.342604
vt 0.939310 0.183297
vt 0.999050 0.342604
vt 0.939310 0.342604
vt 0.939310 0.342604
vt 0.999050 0.183297
vt 0.999050 0.342604
vt 0.939081 0.132863
vt 0.985655 0.179437
vt 0.939081 0.179437
vt 0.939310 0.183297
vt 0.999050 0.342604
vt 0.999050 0.183297
vt 0.999050 0.183297
vt 0.939310 0.342604
vt 0.999050 0.342604
vt 0.939310 0.183297
vt 0.999050 0.342604
vt 0.999050 0.183297
vt 0.939310 0.183297
vt 0.999050 0.342604
vt 0.999050 0.183297
vt 0.939081 0.132863
vt 0.985655 0.179437
vt 0.985655 0.132863
vt 0.939310 0.183297
vt 0.999050 0.342604
vt 0.939310 0.342604
vt 0.939310 0.183297
vt 0.999050 0.342604
vt 0.939310 0.342604
vt 0.939310 0.183297
vt 0.999050 0.342604
vt 0.939310 0.342604
vt 0.939310 0.183297
vt 0.999050 0.342604
vt 0.939310 0.342604
vt 0.939081 0.132863
vt 0.985655 0.179437
vt 0.939081 0.179437
vt -0.000781 0.781451
vt 0.979692 0.844034
vt 0.979692 0.781451
vt 0.146184 0.656284
vt 0.000156 0.718868
vt 0.146184 0.718868
vt 0.000156 0.718868
vt 0.980629 0.781451
vt 0.980629 0.718868
vt 0.156795 0.656284
vt 0.302823 0.718868
vt 0.302823 0.656284
vt -0.000466 0.505675
vt 0.999534 0.654611
vt 0.999534 0.505675
vt -0.000781 0.781451
vt 0.979692 0.844034
vt 0.979692 0.781451
vt 0.145247 0.656284
vt -0.000781 0.718868
vt 0.145247 0.718868
vt -0.000781 0.718868
vt 0.979692 0.781451
vt 0.979692 0.718868
vt 0.156795 0.656284
vt 0.302823 0.718868
vt 0.302823 0.656284
vt 0.000000 0.851064
vt 1.000000 1.000000
vt 1.000000 0.851064
vt -0.000781 0.781451
vt 0.979692 0.844034
vt 0.979692 0.781451
vt 0.145247 0.656284
vt -0.000781 0.718868
vt 0.145247 0.718868
vt -0.000781 0.718868
vt 0.979692 0.781451
vt 0.979692 0.718868
vt 0.156795 0.656284
vt 0.302823 0.718868
vt 0.302823 0.656284
vt 0.999897 0.349106
vt -0.000103 0.498042
vt 0.999897 0.498042
vt -0.000781 0.781451
vt 0.979692 0.844034
vt 0.979692 0.781451
vt 0.145247 0.656284
vt -0.000781 0.718868
vt 0.145247 0.718868
vt -0.000781 0.718868
vt 0.979692 0.781451
vt 0.979692 0.718868
vt 0.156795 0.656284
vt 0.302823 0.718868
vt 0.302823 0.656284
vt 1.000000 0.851064
vt 0.000000 1.000000
vt 1.000000 1.000000
vt 0.001647 0.850355
vt 0.998987 0.998895
vt 0.998987 0.850355
vt 0.998987 0.849509
vt 0.001647 0.998049
vt 0.998987 0.998049
vt 0.997339 0.352016
vt 0.000000 0.500556
vt 0.997339 0.500556
vt 0.001647 0.504118
vt 0.998987 0.652658
vt 0.998987 0.504118
vt 0.679406 0.034093
vt 0.679406 0.048121
vt 0.679606 0.259595
vt 0.679606 0.219937
vt 0.226347 0.210448
vt 0.226981 0.330358
vt 0.679606 0.312903
vt 0.679606 0.296828
vt 0.226469 0.089593
vt 0.226469 0.000000
vt 0.226469 0.012881
vt 0.226981 0.321630
vt 0.679606 0.297453
vt 0.679606 0.281378
vt 0.939310 0.183297
vt 0.999050 0.342604
vt 0.999050 0.183297
vt 0.939310 0.183297
vt 0.999050 0.342604
vt 0.999050 0.183297
vt 0.939310 0.183297
vt 0.999050 0.342604
vt 0.999050 0.183297
vt 0.939310 0.183297
vt 0.999050 0.342604
vt 0.999050 0.183297
vt 0.985655 0.132863
vt 0.939081 0.179437
vt 0.985655 0.179437
vt 0.939310 0.183297
vt 0.999050 0.342604
vt 0.939310 0.342604
vt 0.939310 0.342604
vt 0.999050 0.183297
vt 0.999050 0.342604
vt 0.939310 0.183297
vt 0.999050 0.342604
vt 0.939310 0.342604
vt 0.939310 0.183297
vt 0.999050 0.342604
vt 0.939310 0.342604
vt 0.939081 0.132863
vt 0.985655 0.179437
vt 0.939081 0.179437
vt 0.679406 0.012881
vt 0.679406 0.025761
vt 0.679406 0.121202
vt 0.226469 0.062150
vt 0.905875 0.048121
vt 0.679406 0.034093
vt 0.679406 0.048121
vt 0.679606 0.259595
vt 0.906075 0.219937
vt 0.679606 0.219937
vt 0.226347 0.156096
vt -0.000122 0.210448
vt 0.226347 0.210448
vt 0.226981 0.321630
vt 0.000512 0.330358
vt 0.226981 0.330358
vt 0.679606 0.312903
vt 0.906075 0.296828
vt 0.679606 0.296828
vt 0.226469 0.062150
vt 0.000000 0.089593
vt 0.226469 0.089593
vt 0.226469 0.000000
vt 0.000000 0.012881
vt 0.226469 0.012881
vt 0.226981 0.312903
vt 0.000512 0.321630
vt 0.226981 0.321630
vt 0.679606 0.281378
vt 0.906075 0.297453
vt 0.906075 0.281378
vt 0.905875 0.025761
vt 0.679406 0.012881
vt 0.679406 0.025761
vt 0.905875 0.093759
vt 0.679406 0.121202
vt 0.905875 0.121202
vt 0.226469 0.062150
vt 0.000000 0.048121
vt 0.000000 0.062150
vt 0.905875 0.048121
vt 0.679406 0.034093
vt 0.679406 0.048121
vt 0.679606 0.259595
vt 0.906075 0.219937
vt 0.679606 0.219937
vt 0.226347 0.156096
vt -0.000122 0.210448
vt 0.226347 0.210448
vt 0.226981 0.321630
vt 0.000512 0.330358
vt 0.226981 0.330358
vt 0.679606 0.312903
vt 0.906075 0.296828
vt 0.679606 0.296828
vt 0.226469 0.062150
vt 0.000000 0.089593
vt 0.226469 0.089593
vt 0.226469 0.000000
vt 0.000000 0.012881
vt 0.226469 0.012881
vt 0.226981 0.312903
vt 0.000512 0.321630
vt 0.226981 0.321630
vt 0.679606 0.281378
vt 0.906075 0.297453
vt 0.906075 0.281378
vt 0.939310 0.183297
vt 0.999050 0.342604
vt 0.939310 0.342604
vt 0.939310 0.183297
vt 0.999050 0.342604
vt 0.939310 0.342604
vt 0.939310 0.183297
vt 0.999050 0.342604
vt 0.939310 0.342604
vt 0.939310 0.183297
vt 0.999050 0.342604
vt 0.939310 0.342604
vt 0.939081 0.179437
vt 0.985655 0.132863
vt 0.985655 0.179437
vt -0.000781 0.781451
vt 0.979692 0.844034
vt 0.979692 0.781451
vt 0.145247 0.656284
vt -0.000781 0.718868
vt 0.145247 0.718868
vt -0.000781 0.718868
vt 0.979692 0.781451
vt 0.979692 0.718868
vt 0.156795 0.656284
vt 0.302823 0.718868
vt 0.302823 0.656284
vt 1.000000 0.851064
vt 0.000000 1.000000
vt 1.000000 1.000000
vt 0.001647 0.504118
vt 0.998987 0.652658
vt 0.998987 0.504118
vt 0.905875 0.025761
vt 0.679406 0.012881
vt 0.679406 0.025761
vt 0.905875 0.093759
vt 0.679406 0.121202
vt 0.905875 0.121202
vt 0.226469 0.062150
vt 0.000000 0.048121
vt 0.000000 0.062150
vt 0.905875 0.048121
vt 0.679406 0.034093
vt 0.679406 0.048121
vt 0.679606 0.259595
vt 0.906075 0.219937
vt 0.679606 0.219937
vt 0.226347 0.156096
vt -0.000122 0.210448
vt 0.226347 0.210448
vt 0.226981 0.321630
vt 0.000512 0.330358
vt 0.226981 0.330358
vt 0.679606 0.312903
vt 0.906075 0.296828
vt 0.679606 0.296828
vt 0.226469 0.062150
vt 0.000000 0.089593
vt 0.226469 0.089593
vt 0.226469 0.012881
vt 0.000000 0.000000
vt 0.000000 0.012881
vt 0.226981 0.312903
vt 0.000512 0.321630
vt 0.226981 0.321630
vt 0.679606 0.281378
vt 0.906075 0.297453
vt 0.906075 0.281378
vt 0.939310 0.183297
vt 0.999050 0.342604
vt 0.939310 0.342604
vt 0.939310 0.183297
vt 0.999050 0.342604
vt 0.939310 0.342604
vt 0.939310 0.183297
vt 0.999050 0.342604
vt 0.939310 0.342604
vt 0.939310 0.183297
vt 0.999050 0.342604
vt 0.939310 0.342604
vt 0.939081 0.179437
vt 0.985655 0.132863
vt 0.985655 0.179437
vt -0.000781 0.781451
vt 0.979692 0.844034
vt 0.979692 0.781451
vt 0.145247 0.656284
vt -0.000781 0.718868
vt 0.145247 0.718868
vt -0.000781 0.718868
vt 0.979692 0.781451
vt 0.979692 0.718868
vt 0.302823 0.656284
vt 0.156795 0.718868
vt 0.302823 0.718868
vt 1.000000 0.851064
vt 0.000000 1.000000
vt 1.000000 1.000000
vt 0.001647 0.504118
vt 0.998987 0.652658
vt 0.998987 0.504118
vt 0.905875 0.025761
vt 0.679406 0.012881
vt 0.679406 0.025761
vt 0.905875 0.093759
vt 0.679406 0.121202
vt 0.905875 0.121202
vt 0.226469 0.062150
vt 0.000000 0.048121
vt 0.000000 0.062150
vt 0.905875 0.048121
vt 0.679406 0.034093
vt 0.679406 0.048121
vt 0.679606 0.259595
vt 0.906075 0.219937
vt 0.679606 0.219937
vt 0.226347 0.156096
vt -0.000122 0.210448
vt 0.226347 0.210448
vt 0.226981 0.321630
vt 0.000512 0.330358
vt 0.226981 0.330358
vt 0.679606 0.312903
vt 0.906075 0.296828
vt 0.679606 0.296828
vt 0.226469 0.062150
vt 0.000000 0.089593
vt 0.226469 0.089593
vt 0.226469 0.000000
vt 0.000000 0.012881
vt 0.226469 0.012881
vt 0.226981 0.312903
vt 0.000512 0.321630
vt 0.226981 0.321630
vt 0.679606 0.281378
vt 0.906075 0.297453
vt 0.906075 0.281378
vt 0.939310 0.342604
vt 0.999050 0.183297
vt 0.999050 0.342604
vt 0.939310 0.342604
vt 0.999050 0.183297
vt 0.999050 0.342604
vt 0.939310 0.183297
vt 0.999050 0.342604
vt 0.939310 0.342604
vt 0.939310 0.183297
vt 0.999050 0.342604
vt 0.939310 0.342604
vt 0.939081 0.132863
vt 0.985655 0.179437
vt 0.939081 0.179437
vt -0.000781 0.781451
vt 0.979692 0.844034
vt 0.979692 0.781451
vt -0.000781 0.656284
vt 0.145247 0.718868
vt 0.145247 0.656284
vt -0.000781 0.718868
vt 0.979692 0.781451
vt 0.979692 0.718868
vt 0.156795 0.656284
vt 0.302823 0.718868
vt 0.302823 0.656284
vt 0.000000 0.851064
vt 1.000000 1.000000
vt 1.000000 0.851064
vt 0.998987 0.504118
vt 0.001647 0.652658
vt 0.998987 0.652658
vt 0.905875 0.025761
vt 0.679406 0.012881
vt 0.679406 0.025761
vt 0.905875 0.121202
vt 0.679406 0.093759
vt 0.679406 0.121202
vt 0.226469 0.062150
vt 0.000000 0.048121
vt 0.000000 0.062150
vt 0.905875 0.048121
vt 0.679406 0.034093
vt 0.679406 0.048121
vt 0.679606 0.259595
vt 0.906075 0.219937
vt 0.679606 0.219937
vt 0.226347 0.156096
vt -0.000122 0.210448
vt 0.226347 0.210448
vt 0.226981 0.321630
vt 0.000512 0.330358
vt 0.226981 0.330358
vt 0.679606 0.312903
vt 0.906075 0.296828
vt 0.679606 0.296828
vt 0.226469 0.062150
vt 0.000000 0.089593
vt 0.226469 0.089593
vt 0.226469 0.000000
vt 0.000000 0.012881
vt 0.226469 0.012881
vt 0.226981 0.312903
vt 0.000512 0.321630
vt 0.226981 0.321630
vt 0.679606 0.281378
vt 0.906075 0.297453
vt 0.906075 0.281378
vt 0.939310 0.183297
vt 0.999050 0.342604
vt 0.939310 0.342604
vt 0.939310 0.183297
vt 0.999050 0.342604
vt 0.939310 0.342604
vt 0.939310 0.183297
vt 0.999050 0.342604
vt 0.939310 0.342604
vt 0.939310 0.183297
vt 0.999050 0.342604
vt 0.939310 0.342604
vt 0.939081 0.132863
vt 0.985655 0.179437
vt 0.939081 0.179437
vt -0.000781 0.781451
vt 0.979692 0.844034
vt 0.979692 0.781451
vt -0.000781 0.656284
vt 0.145247 0.718868
vt 0.145247 0.656284
vt -0.000781 0.718868
vt 0.979692 0.781451
vt 0.979692 0.718868
vt 0.156795 0.656284
vt 0.302823 0.718868
vt 0.302823 0.656284
vt 0.000000 0.851064
vt 1.000000 1.000000
vt 1.000000 0.851064
vt 0.998987 0.504118
vt 0.001647 0.652658
vt 0.998987 0.652658
vt 0.905875 0.025761
vt 0.679406 0.012881
vt 0.679406 0.025761
vt 0.905875 0.121202
vt 0.679406 0.093759
vt 0.679406 0.121202
vt 0.226469 0.062150
vt 0.000000 0.048121
vt 0.000000 0.062150
vt 0.905875 0.048121
vt 0.679406 0.034093
vt 0.679406 0.048121
vt 0.679606 0.259595
vt 0.906075 0.219937
vt 0.679606 0.219937
vt 0.226347 0.156096
vt -0.000122 0.210448
vt 0.226347 0.210448
vt 0.226981 0.321630
vt 0.000512 0.330358
vt 0.226981 0.330358
vt 0.679606 0.312903
vt 0.906075 0.296828
vt 0.679606 0.296828
vt 0.226469 0.062150
vt 0.000000 0.089593
vt 0.226469 0.089593
vt 0.226469 0.000000
vt 0.000000 0.012881
vt 0.226469 0.012881
vt 0.226981 0.312903
vt 0.000512 0.321630
vt 0.226981 0.321630
vt 0.679606 0.281378
vt 0.906075 0.297453
vt 0.906075 0.281378
vt 0.999050 0.183297
vt 0.939310 0.342604
vt 0.999050 0.342604
vt 0.939310 0.183297
vt 0.999050 0.342604
vt 0.999050 0.183297
vt 0.939310 0.183297
vt 0.999050 0.342604
vt 0.999050 0.183297
vt 0.939310 0.183297
vt 0.999050 0.342604
vt 0.999050 0.183297
vt 0.939081 0.132863
vt 0.985655 0.179437
vt 0.985655 0.132863
vt 0.939310 0.183297
vt 0.999050 0.342604
vt 0.939310 0.342604
vt 0.939310 0.183297
vt 0.999050 0.342604
vt 0.939310 0.342604
vt 0.939310 0.183297
vt 0.999050 0.342604
vt 0.939310 0.342604
vt 0.939310 0.183297
vt 0.999050 0.342604
vt 0.939310 0.342604
vt 0.939081 0.179437
vt 0.985655 0.132863
vt 0.985655 0.179437
vt -0.000781 0.781451
vt 0.979692 0.844034
vt 0.979692 0.781451
vt 0.145247 0.656284
vt -0.000781 0.718868
vt 0.145247 0.718868
vt -0.000781 0.718868
vt 0.979692 0.781451
vt 0.979692 0.718868
vt 0.156795 0.656284
vt 0.302823 0.718868
vt 0.302823 0.656284
vt 1.000000 0.851064
vt 0.000000 1.000000
vt 1.000000 1.000000
vt 0.001647 0.504118
vt 0.998987 0.652658
vt 0.998987 0.504118
vt 0.905875 0.025761
vt 0.679406 0.012881
vt 0.679406 0.025761
vt 0.905875 0.093759
vt 0.679406 0.121202
vt 0.905875 0.121202
vt 0.226469 0.062150
vt 0.000000 0.048121
vt 0.000000 0.062150
vt 0.905875 0.048121
vt 0.679406 0.034093
vt 0.679406 0.048121
vt 0.679606 0.259595
vt 0.906075 0.219937
vt 0.679606 0.219937
vt 0.226347 0.156096
vt -0.000122 0.210448
vt 0.226347 0.210448
vt 0.226981 0.321630
vt 0.000512 0.330358
vt 0.226981 0.330358
vt 0.679606 0.312903
vt 0.906075 0.296828
vt 0.679606 0.296828
vt 0.226469 0.062150
vt 0.000000 0.089593
vt 0.226469 0.089593
vt 0.226469 0.000000
vt 0.000000 0.012881
vt 0.226469 0.012881
vt 0.226981 0.312903
vt 0.000512 0.321630
vt 0.226981 0.321630
vt 0.679606 0.281378
vt 0.906075 0.297453
vt 0.906075 0.281378
vt 0.939310 0.183297
vt 0.999050 0.342604
vt 0.999050 0.183297
vt 0.999050 0.183297
vt 0.939310 0.342604
vt 0.999050 0.342604
vt 0.939310 0.183297
vt 0.999050 0.342604
vt 0.999050 0.183297
vt 0.939310 0.183297
vt 0.999050 0.342604
vt 0.999050 0.183297
vt 0.939081 0.132863
vt 0.985655 0.179437
vt 0.985655 0.132863
vt 0.939310 0.183297
vt 0.999050 0.342604
vt 0.939310 0.342604
vt 0.939310 0.183297
vt 0.999050 0.342604
vt 0.939310 0.342604
vt 0.939310 0.183297
vt 0.999050 0.342604
vt 0.939310 0.342604
vt 0.939310 0.183297
vt 0.999050 0.342604
vt 0.939310 0.342604
vt 0.939081 0.179437
vt 0.985655 0.132863
vt 0.985655 0.179437
vt -0.000781 0.781451
vt 0.979692 0.844034
vt 0.979692 0.781451
vt 0.145247 0.656284
vt -0.000781 0.718868
vt 0.145247 0.718868
vt -0.000781 0.718868
vt 0.979692 0.781451
vt 0.979692 0.718868
vt 0.156795 0.656284
vt 0.302823 0.718868
vt 0.302823 0.656284
vt 1.000000 0.851064
vt 0.000000 1.000000
vt 1.000000 1.000000
vt 0.001647 0.504118
vt 0.998987 0.652658
vt 0.998987 0.504118
vt 0.905875 0.025761
vt 0.679406 0.012881
vt 0.679406 0.025761
vt 0.905875 0.121202
vt 0.679406 0.093759
vt 0.679406 0.121202
vt 0.226469 0.062150
vt 0.000000 0.048121
vt 0.000000 0.062150
vt 0.905875 0.048121
vt 0.679406 0.034093
vt 0.679406 0.048121
vt 0.679606 0.259595
vt 0.906075 0.219937
vt 0.679606 0.219937
vt 0.226347 0.156096
vt -0.000122 0.210448
vt 0.226347 0.210448
vt 0.226981 0.321630
vt 0.000512 0.330358
vt 0.226981 0.330358
vt 0.679606 0.312903
vt 0.906075 0.296828
vt 0.679606 0.296828
vt 0.226469 0.062150
vt 0.000000 0.089593
vt 0.226469 0.089593
vt 0.226469 0.000000
vt 0.000000 0.012881
vt 0.226469 0.012881
vt 0.226981 0.312903
vt 0.000512 0.321630
vt 0.226981 0.321630
vt 0.679606 0.281378
vt 0.906075 0.297453
vt 0.906075 0.281378
vt 0.940937 0.003435
vt 0.957388 0.017793
vt 0.940937 0.017793
vt 0.980112 0.017793
vt 0.996563 0.003435
vt 0.996563 0.017793
vt 0.980112 0.045880
vt 0.989043 0.059062
vt 0.948456 0.059062
vt 0.957388 0.045880
vt 0.939310 0.183297
vt 0.999050 0.342604
vt 0.939310 0.342604
vt 0.939310 0.342604
vt 0.999050 0.183297
vt 0.999050 0.342604
vt 0.939310 0.342604
vt 0.999050 0.183297
vt 0.999050 0.342604
vt 0.939310 0.183297
vt 0.999050 0.342604
vt 0.939310 0.342604
vt 0.939081 0.132863
vt 0.985655 0.179437
vt 0.939081 0.179437
vt -0.000781 0.781451
vt 0.979692 0.844034
vt 0.979692 0.781451
vt -0.000781 0.656284
vt 0.145247 0.718868
vt 0.145247 0.656284
vt -0.000781 0.718868
vt 0.979692 0.781451
vt 0.979692 0.718868
vt 0.156795 0.656284
vt 0.302823 0.718868
vt 0.302823 0.656284
vt 1.000000 0.851064
vt 0.000000 1.000000
vt 1.000000 1.000000
vt 0.001647 0.504118
vt 0.998987 0.652658
vt 0.998987 0.504118
vt 0.905875 0.025761
vt 0.679406 0.012881
vt 0.679406 0.025761
vt 0.905875 0.093759
vt 0.679406 0.121202
vt 0.905875 0.121202
vt 0.226469 0.062150
vt 0.000000 0.048121
vt 0.000000 0.062150
vt 0.905875 0.048121
vt 0.679406 0.034093
vt 0.679406 0.048121
vt 0.679606 0.259595
vt 0.906075 0.219937
vt 0.679606 0.219937
vt 0.226347 0.156096
vt -0.000122 0.210448
vt 0.226347 0.210448
vt 0.226981 0.321630
vt 0.000512 0.330358
vt 0.226981 0.330358
vt 0.679606 0.312903
vt 0.906075 0.296828
vt 0.679606 0.296828
vt 0.226469 0.062150
vt 0.000000 0.089593
vt 0.226469 0.089593
vt 0.226469 0.000000
vt 0.000000 0.012881
vt 0.226469 0.012881
vt 0.226981 0.312903
vt 0.000512 0.321630
vt 0.226981 0.321630
vt 0.679606 0.281378
vt 0.906075 0.297453
vt 0.906075 0.281378
vt 0.226469 0.062150
vt 0.000000 0.048121
vt 0.226469 0.048121
vt 0.679406 0.093759
vt 0.905875 0.121202
vt 0.679406 0.121202
vt 0.905875 0.012881
vt 0.679406 0.025761
vt 0.679406 0.012881
vt 0.939310 0.183297
vt 0.999050 0.342604
vt 0.999050 0.183297
vt 0.999050 0.183297
vt 0.939310 0.342604
vt 0.999050 0.342604
vt 0.939310 0.183297
vt 0.999050 0.342604
vt 0.999050 0.183297
vt 0.999050 0.183297
vt 0.939310 0.342604
vt 0.999050 0.342604
vt 0.939081 0.132863
vt 0.985655 0.179437
vt 0.985655 0.132863
vt 0.939310 0.183297
vt 0.999050 0.342604
vt 0.939310 0.342604
vt 0.939310 0.342604
vt 0.999050 0.183297
vt 0.999050 0.342604
vt 0.939310 0.183297
vt 0.999050 0.342604
vt 0.939310 0.342604
vt 0.939310 0.183297
vt 0.999050 0.342604
vt 0.939310 0.342604
vt 0.939081 0.179437
vt 0.985655 0.132863
vt 0.985655 0.179437
vt -0.000781 0.781451
vt 0.979692 0.844034
vt 0.979692 0.781451
vt 0.145247 0.656284
vt -0.000781 0.718868
vt 0.145247 0.718868
vt -0.000781 0.718868
vt 0.979692 0.781451
vt 0.979692 0.718868
vt 0.302823 0.656284
vt 0.156795 0.718868
vt 0.302823 0.718868
vt 0.000000 0.851064
vt 1.000000 1.000000
vt 1.000000 0.851064
vt 0.998987 0.504118
vt 0.001647 0.652658
vt 0.998987 0.652658
vt 0.906075 0.297453
vt 0.679606 0.281378
vt 0.906075 0.281378
vt 0.000512 0.312903
vt 0.226981 0.321630
vt 0.000512 0.321630
vt 0.226469 0.000000
vt 0.000000 0.012881
vt 0.000000 0.000000
vt 0.226469 0.062150
vt 0.000000 0.089593
vt 0.000000 0.062150
vt 0.679606 0.312903
vt 0.906075 0.296828
vt 0.906075 0.312903
vt 0.000512 0.321630
vt 0.226981 0.330358
vt 0.000512 0.330358
vt 0.226347 0.156096
vt -0.000122 0.210448
vt -0.000122 0.156096
vt 0.906075 0.219937
vt 0.679606 0.259595
vt 0.679606 0.219937
vt 0.905875 0.048121
vt 0.679406 0.034093
vt 0.905875 0.034093
vt 0.905875 0.025761
vt 0.679406 0.012881
vt 0.679406 0.025761
vt 0.905875 0.121202
vt 0.679406 0.093759
vt 0.679406 0.121202
vt 0.226469 0.062150
vt 0.000000 0.048121
vt 0.000000 0.062150
vt 0.905875 0.048121
vt 0.679406 0.034093
vt 0.679406 0.048121
vt 0.679606 0.259595
vt 0.906075 0.219937
vt 0.679606 0.219937
vt 0.226347 0.156096
vt -0.000122 0.210448
vt 0.226347 0.210448
vt 0.226981 0.321630
vt 0.000512 0.330358
vt 0.226981 0.330358
vt 0.679606 0.312903
vt 0.906075 0.296828
vt 0.679606 0.296828
vt 0.226469 0.062150
vt 0.000000 0.089593
vt 0.226469 0.089593
vt 0.226469 0.012881
vt 0.000000 0.000000
vt 0.000000 0.012881
vt 0.226981 0.312903
vt 0.000512 0.321630
vt 0.226981 0.321630
vt 0.679606 0.281378
vt 0.906075 0.297453
vt 0.906075 0.281378
vt 0.226469 0.062150
vt 0.000000 0.048121
vt 0.226469 0.048121
vt 0.679406 0.093759
vt 0.905875 0.121202
vt 0.679406 0.121202
vt 0.905875 0.012881
vt 0.679406 0.025761
vt 0.679406 0.012881
vt 0.939310 0.183297
vt 0.999050 0.342604
vt 0.999050 0.183297
vt 0.939310 0.183297
vt 0.999050 0.342604
vt 0.999050 0.183297
vt 0.939310 0.183297
vt 0.999050 0.342604
vt 0.999050 0.183297
vt 0.939310 0.183297
vt 0.999050 0.342604
vt 0.999050 0.183297
vt 0.985655 0.132863
vt 0.939081 0.179437
vt 0.985655 0.179437
vt 0.939310 0.183297
vt 0.999050 0.342604
vt 0.939310 0.342604
vt 0.939310 0.183297
vt 0.999050 0.342604
vt 0.939310 0.342604
vt 0.939310 0.183297
vt 0.999050 0.342604
vt 0.939310 0.342604
vt 0.939310 0.183297
vt 0.999050 0.342604
vt 0.939310 0.342604
vt 0.939081 0.132863
vt 0.985655 0.179437
vt 0.939081 0.179437
vt -0.000781 0.781451
vt 0.979692 0.844034
vt 0.979692 0.781451
vt -0.000781 0.656284
vt 0.145247 0.718868
vt 0.145247 0.656284
vt -0.000781 0.718868
vt 0.979692 0.781451
vt 0.979692 0.718868
vt 0.156795 0.656284
vt 0.302823 0.718868
vt 0.302823 0.656284
vt 1.000000 0.851064
vt 0.000000 1.000000
vt 1.000000 1.000000
vt 0.001647 0.504118
vt 0.998987 0.652658
vt 0.998987 0.504118
vt 0.906075 0.297453
vt 0.679606 0.281378
vt 0.906075 0.281378
vt 0.000512 0.312903
vt 0.226981 0.321630
vt 0.000512 0.321630
vt 0.000000 0.000000
vt 0.226469 0.012881
vt 0.000000 0.012881
vt 0.226469 0.062150
vt 0.000000 0.089593
vt 0.000000 0.062150
vt 0.679606 0.312903
vt 0.906075 0.296828
vt 0.906075 0.312903
vt 0.000512 0.321630
vt 0.226981 0.330358
vt 0.000512 0.330358
vt 0.226347 0.156096
vt -0.000122 0.210448
vt -0.000122 0.156096
vt 0.906075 0.219937
vt 0.679606 0.259595
vt 0.679606 0.219937
vt 0.905875 0.048121
vt 0.679406 0.034093
vt 0.905875 0.034093
vt 0.905875 0.025761
vt 0.679406 0.012881
vt 0.679406 0.025761
vt 0.905875 0.121202
vt 0.679406 0.093759
vt 0.679406 0.121202
vt 0.226469 0.062150
vt 0.000000 0.048121
vt 0.000000 0.062150
vt 0.905875 0.048121
vt 0.679406 0.034093
vt 0.679406 0.048121
vt 0.679606 0.259595
vt 0.906075 0.219937
vt 0.679606 0.219937
vt 0.226347 0.156096
vt -0.000122 0.210448
vt 0.226347 0.210448
vt 0.226981 0.321630
vt 0.000512 0.330358
vt 0.226981 0.330358
vt 0.679606 0.312903
vt 0.906075 0.296828
vt 0.679606 0.296828
vt 0.226469 0.089593
vt 0.000000 0.062150
vt 0.000000 0.089593
vt 0.226469 0.012881
vt 0.000000 0.000000
vt 0.000000 0.012881
vt 0.226981 0.312903
vt 0.000512 0.321630
vt 0.226981 0.321630
vt 0.679606 0.281378
vt 0.906075 0.297453
vt 0.906075 0.281378
vt 0.226469 0.062150
vt 0.000000 0.048121
vt 0.226469 0.048121
vt 0.679406 0.093759
vt 0.905875 0.121202
vt 0.679406 0.121202
vt 0.905875 0.012881
vt 0.679406 0.025761
vt 0.679406 0.012881
vt 0.939310 0.183297
vt 0.999050 0.342604
vt 0.999050 0.183297
vt 0.999050 0.183297
vt 0.939310 0.342604
vt 0.999050 0.342604
vt 0.939310 0.183297
vt 0.999050 0.342604
vt 0.999050 0.183297
vt 0.939310 0.183297
vt 0.999050 0.342604
vt 0.999050 0.183297
vt 0.939081 0.132863
vt 0.985655 0.179437
vt 0.985655 0.132863
vt 0.939310 0.183297
vt 0.999050 0.342604
vt 0.939310 0.342604
vt 0.939310 0.183297
vt 0.999050 0.342604
vt 0.939310 0.342604
vt 0.939310 0.342604
vt 0.999050 0.183297
vt 0.999050 0.342604
vt 0.939310 0.183297
vt 0.999050 0.342604
vt 0.939310 0.342604
vt 0.939081 0.179437
vt 0.985655 0.132863
vt 0.985655 0.179437
vt -0.000781 0.781451
vt 0.979692 0.844034
vt 0.979692 0.781451
vt 0.145247 0.656284
vt -0.000781 0.718868
vt 0.145247 0.718868
vt -0.000781 0.718868
vt 0.979692 0.781451
vt 0.979692 0.718868
vt 0.156795 0.656284
vt 0.302823 0.718868
vt 0.302823 0.656284
vt 0.000000 0.851064
vt 1.000000 1.000000
vt 1.000000 0.851064
vt 0.998987 0.504118
vt 0.001647 0.652658
vt 0.998987 0.652658
vt 0.906075 0.297453
vt 0.679606 0.281378
vt 0.906075 0.281378
vt 0.000512 0.312903
vt 0.226981 0.321630
vt 0.000512 0.321630
vt 0.226469 0.000000
vt 0.000000 0.012881
vt 0.000000 0.000000
vt 0.226469 0.062150
vt 0.000000 0.089593
vt 0.000000 0.062150
vt 0.679606 0.312903
vt 0.906075 0.296828
vt 0.906075 0.312903
vt 0.000512 0.321630
vt 0.226981 0.330358
vt 0.000512 0.330358
vt 0.226347 0.156096
vt -0.000122 0.210448
vt -0.000122 0.156096
vt 0.906075 0.219937
vt 0.679606 0.259595
vt 0.679606 0.219937
vt 0.905875 0.048121
vt 0.679406 0.034093
vt 0.905875 0.034093
vt 0.905875 0.025761
vt 0.679406 0.012881
vt 0.679406 0.025761
vt 0.905875 0.093759
vt 0.679406 0.121202
vt 0.905875 0.121202
vt 0.226469 0.062150
vt 0.000000 0.048121
vt 0.000000 0.062150
vt 0.905875 0.048121
vt 0.679406 0.034093
vt 0.679406 0.048121
vt 0.679606 0.259595
vt 0.906075 0.219937
vt 0.679606 0.219937
vt 0.226347 0.156096
vt -0.000122 0.210448
vt 0.226347 0.210448
vt 0.226981 0.321630
vt 0.000512 0.330358
vt 0.226981 0.330358
vt 0.679606 0.312903
vt 0.906075 0.296828
vt 0.679606 0.296828
vt 0.226469 0.089593
vt 0.000000 0.062150
vt 0.000000 0.089593
vt 0.226469 0.000000
vt 0.000000 0.012881
vt 0.226469 0.012881
vt 0.226981 0.312903
vt 0.000512 0.321630
vt 0.226981 0.321630
vt 0.679606 0.281378
vt 0.906075 0.297453
vt 0.906075 0.281378
vt 0.226469 0.062150
vt 0.000000 0.048121
vt 0.226469 0.048121
vt 0.679406 0.093759
vt 0.905875 0.121202
vt 0.679406 0.121202
vt 0.905875 0.012881
vt 0.679406 0.025761
vt 0.679406 0.012881
vt 0.939310 0.183297
vt 0.999050 0.342604
vt 0.999050 0.183297
vt 0.939310 0.183297
vt 0.999050 0.342604
vt 0.999050 0.183297
vt 0.939310 0.183297
vt 0.999050 0.342604
vt 0.999050 0.183297
vt 0.939310 0.183297
vt 0.999050 0.342604
vt 0.999050 0.183297
vt 0.985655 0.132863
vt 0.939081 0.179437
vt 0.985655 0.179437
vt 0.939310 0.183297
vt 0.999050 0.342604
vt 0.939310 0.342604
vt 0.939310 0.183297
vt 0.999050 0.342604
vt 0.939310 0.342604
vt 0.939310 0.183297
vt 0.999050 0.342604
vt 0.939310 0.342604
vt 0.939310 0.183297
vt 0.999050 0.342604
vt 0.939310 0.342604
vt 0.939081 0.132863
vt 0.985655 0.179437
vt 0.939081 0.179437
vt -0.000781 0.781451
vt 0.979692 0.844034
vt 0.979692 0.781451
vt -0.000781 0.656284
vt 0.145247 0.718868
vt 0.145247 0.656284
vt -0.000781 0.718868
vt 0.979692 0.781451
vt 0.979692 0.718868
vt 0.156795 0.656284
vt 0.302823 0.718868
vt 0.302823 0.656284
vt 1.000000 0.851064
vt 0.000000 1.000000
vt 1.000000 1.000000
vt 0.001647 0.504118
vt 0.998987 0.652658
vt 0.998987 0.504118
vt 0.906075 0.297453
vt 0.679606 0.281378
vt 0.906075 0.281378
vt 0.000512 0.312903
vt 0.226981 0.321630
vt 0.000512 0.321630
vt 0.226469 0.000000
vt 0.000000 0.012881
vt 0.000000 0.000000
vt 0.226469 0.062150
vt 0.000000 0.089593
vt 0.000000 0.062150
vt 0.679606 0.312903
vt 0.906075 0.296828
vt 0.906075 0.312903
vt 0.000512 0.321630
vt 0.226981 0.330358
vt 0.000512 0.330358
vt 0.226347 0.156096
vt -0.000122 0.210448
vt -0.000122 0.156096
vt 0.906075 0.219937
vt 0.679606 0.259595
vt 0.679606 0.219937
vt 0.905875 0.048121
vt 0.679406 0.034093
vt 0.905875 0.034093
vt 0.905875 0.025761
vt 0.679406 0.012881
vt 0.679406 0.025761
vt 0.905875 0.093759
vt 0.679406 0.121202
vt 0.905875 0.121202
vt 0.226469 0.062150
vt 0.000000 0.048121
vt 0.000000 0.062150
vt 0.905875 0.048121
vt 0.679406 0.034093
vt 0.679406 0.048121
vt 0.679606 0.259595
vt 0.906075 0.219937
vt 0.679606 0.219937
vt 0.226347 0.156096
vt -0.000122 0.210448
vt 0.226347 0.210448
vt 0.226981 0.321630
vt 0.000512 0.330358
vt 0.226981 0.330358
vt 0.679606 0.312903
vt 0.906075 0.296828
vt 0.679606 0.296828
vt 0.226469 0.062150
vt 0.000000 0.089593
vt 0.226469 0.089593
vt 0.226469 0.012881
vt 0.000000 0.000000
vt 0.000000 0.012881
vt 0.226981 0.312903
vt 0.000512 0.321630
vt 0.226981 0.321630
vt 0.679606 0.281378
vt 0.906075 0.297453
vt 0.906075 0.281378
vt 0.226469 0.048121
vt 0.000000 0.062150
vt 0.000000 0.048121
vt 0.679406 0.093759
vt 0.905875 0.121202
vt 0.679406 0.121202
vt 0.905875 0.012881
vt 0.679406 0.025761
vt 0.679406 0.012881
vt 0.939310 0.183297
vt 0.999050 0.342604
vt 0.999050 0.183297
vt 0.939310 0.183297
vt 0.999050 0.342604
vt 0.999050 0.183297
vt 0.939310 0.183297
vt 0.999050 0.342604
vt 0.999050 0.183297
vt 0.939310 0.183297
vt 0.999050 0.342604
vt 0.999050 0.183297
vt 0.985655 0.132863
vt 0.939081 0.179437
vt 0.985655 0.179437
vt 0.939310 0.183297
vt 0.999050 0.342604
vt 0.939310 0.342604
vt 0.939310 0.183297
vt 0.999050 0.342604
vt 0.939310 0.342604
vt 0.939310 0.183297
vt 0.999050 0.342604
vt 0.939310 0.342604
vt 0.939310 0.183297
vt 0.999050 0.342604
vt 0.939310 0.342604
vt 0.939081 0.132863
vt 0.985655 0.179437
vt 0.939081 0.179437
vt -0.000781 0.781451
vt 0.979692 0.844034
vt 0.979692 0.781451
vt -0.000781 0.656284
vt 0.145247 0.718868
vt 0.145247 0.656284
vt 0.979692 0.718868
vt -0.000781 0.781451
vt 0.979692 0.781451
vt 0.156795 0.656284
vt 0.302823 0.718868
vt 0.302823 0.656284
vt 1.000000 0.851064
vt 0.000000 1.000000
vt 1.000000 1.000000
vt 0.001647 0.504118
vt 0.998987 0.652658
vt 0.998987 0.504118
vt 0.906075 0.297453
vt 0.679606 0.281378
vt 0.906075 0.281378
vt 0.000512 0.312903
vt 0.226981 0.321630
vt 0.000512 0.321630
vt 0.226469 0.000000
vt 0.000000 0.012881
vt 0.000000 0.000000
vt 0.226469 0.062150
vt 0.000000 0.089593
vt 0.000000 0.062150
vt 0.679606 0.312903
vt 0.906075 0.296828
vt 0.906075 0.312903
vt 0.000512 0.321630
vt 0.226981 0.330358
vt 0.000512 0.330358
vt 0.226347 0.156096
vt -0.000122 0.210448
vt -0.000122 0.156096
vt 0.906075 0.219937
vt 0.679606 0.259595
vt 0.679606 0.219937
vt 0.905875 0.048121
vt 0.679406 0.034093
vt 0.905875 0.034093
vt 0.905875 0.025761
vt 0.679406 0.012881
vt 0.679406 0.025761
vt 0.905875 0.093759
vt 0.679406 0.121202
vt 0.905875 0.121202
vt 0.226469 0.062150
vt 0.000000 0.048121
vt 0.000000 0.062150
vt 0.905875 0.048121
vt 0.679406 0.034093
vt 0.679406 0.048121
vt 0.679606 0.259595
vt 0.906075 0.219937
vt 0.679606 0.219937
vt 0.226347 0.156096
vt -0.000122 0.210448
vt 0.226347 0.210448
vt 0.226981 0.321630
vt 0.000512 0.330358
vt 0.226981 0.330358
vt 0.679606 0.312903
vt 0.906075 0.296828
vt 0.679606 0.296828
vt 0.226469 0.062150
vt 0.000000 0.089593
vt 0.226469 0.089593
vt 0.226469 0.000000
vt 0.000000 0.012881
vt 0.226469 0.012881
vt 0.226981 0.312903
vt 0.000512 0.321630
vt 0.226981 0.321630
vt 0.679606 0.281378
vt 0.906075 0.297453
vt 0.906075 0.281378
vt 0.226469 0.062150
vt 0.000000 0.048121
vt 0.226469 0.048121
vt 0.679406 0.093759
vt 0.905875 0.121202
vt 0.679406 0.121202
vt 0.905875 0.012881
vt 0.679406 0.025761
vt 0.679406 0.012881
vt 0.999050 0.183297
vt 0.939310 0.342604
vt 0.999050 0.342604
vt 0.939310 0.183297
vt 0.999050 0.342604
vt 0.999050 0.183297
vt 0.939310 0.183297
vt 0.999050 0.342604
vt 0.999050 0.183297
vt 0.939310 0.183297
vt 0.999050 0.342604
vt 0.999050 0.183297
vt 0.939081 0.132863
vt 0.985655 0.179437
vt 0.985655 0.132863
vt 0.939310 0.183297
vt 0.999050 0.342604
vt 0.939310 0.342604
vt 0.939310 0.183297
vt 0.999050 0.342604
vt 0.939310 0.342604
vt 0.939310 0.183297
vt 0.999050 0.342604
vt 0.939310 0.342604
vt 0.939310 0.183297
vt 0.999050 0.342604
vt 0.939310 0.342604
vt 0.939081 0.179437
vt 0.985655 0.132863
vt 0.985655 0.179437
vt -0.000781 0.781451
vt 0.979692 0.844034
vt 0.979692 0.781451
vt -0.000781 0.656284
vt 0.145247 0.718868
vt 0.145247 0.656284
vt 0.979692 0.718868
vt -0.000781 0.781451
vt 0.979692 0.781451
vt 0.156795 0.656284
vt 0.302823 0.718868
vt 0.302823 0.656284
vt 0.000000 0.851064
vt 1.000000 1.000000
vt 1.000000 0.851064
vt 0.998987 0.504118
vt 0.001647 0.652658
vt 0.998987 0.652658
vt 0.906075 0.297453
vt 0.679606 0.281378
vt 0.906075 0.281378
vt 0.000512 0.312903
vt 0.226981 0.321630
vt 0.000512 0.321630
vt 0.226469 0.000000
vt 0.000000 0.012881
vt 0.000000 0.000000
vt 0.226469 0.062150
vt 0.000000 0.089593
vt 0.000000 0.062150
vt 0.679606 0.312903
vt 0.906075 0.296828
vt 0.906075 0.312903
vt 0.000512 0.321630
vt 0.226981 0.330358
vt 0.000512 0.330358
vt 0.226347 0.156096
vt -0.000122 0.210448
vt -0.000122 0.156096
vt 0.906075 0.219937
vt 0.679606 0.259595
vt 0.679606 0.219937
vt 0.905875 0.048121
vt 0.679406 0.034093
vt 0.905875 0.034093
vt 0.905875 0.025761
vt 0.679406 0.012881
vt 0.679406 0.025761
vt 0.905875 0.121202
vt 0.679406 0.093759
vt 0.679406 0.121202
vt 0.000000 0.062150
vt 0.226469 0.048121
vt 0.000000 0.048121
vt 0.226669 0.281378
vt 0.679918 0.312903
vt 0.679918 0.321630
vt 0.679406 0.012881
vt 0.679406 0.089593
vt 0.226669 0.296828
vt 0.679918 0.330358
vt 0.283086 0.025761
vt 0.283086 0.093759
vt 0.283086 0.121202
vt 0.679284 0.156096
vt 0.679284 0.210448
vt 0.226669 0.259595
vt 0.226469 0.048121
vt 0.622789 0.048121
vt 0.622789 0.062150
vt 0.283086 0.048121
vt 0.226469 0.034093
vt 0.283286 0.259595
vt 0.226669 0.219937
vt 0.622667 0.210448
vt 0.679918 0.321630
vt 0.623301 0.330358
vt 0.226669 0.312903
vt 0.283286 0.296828
vt 0.679406 0.062150
vt 0.622789 0.089593
vt 0.679406 0.000000
vt 0.622789 0.012881
vt 0.623301 0.321630
vt 0.226669 0.297453
vt 0.283286 0.281378
vt 0.939310 0.183297
vt 0.999050 0.342604
vt 0.939310 0.342604
vt 0.939310 0.183297
vt 0.999050 0.342604
vt 0.939310 0.342604
vt 0.939310 0.183297
vt 0.999050 0.342604
vt 0.939310 0.342604
vt 0.939310 0.183297
vt 0.999050 0.342604
vt 0.939310 0.342604
vt 0.939081 0.132863
vt 0.985655 0.179437
vt 0.939081 0.179437
vt 0.939310 0.183297
vt 0.999050 0.342604
vt 0.999050 0.183297
vt 0.999050 0.183297
vt 0.939310 0.342604
vt 0.999050 0.342604
vt 0.939310 0.183297
vt 0.999050 0.342604
vt 0.999050 0.183297
vt 0.939310 0.183297
vt 0.999050 0.342604
vt 0.999050 0.183297
vt 0.985655 0.132863
vt 0.939081 0.179437
vt 0.985655 0.179437
vt 0.939310 0.342604
vt 0.939310 0.183297
vt 0.939310 0.342604
vt 0.939310 0.342604
vt 0.939081 0.179437
vt 0.939310 0.342604
vt 0.939310 0.183297
vt 0.939310 0.342604
vt 0.939310 0.342604
vt 0.939081 0.179437
vt 0.939310 0.342604
vt 0.939310 0.342604
vt 0.939310 0.342604
vt 0.939310 0.342604
vt 0.939081 0.179437
vt -0.000781 0.844034
vt 0.000156 0.656284
vt 0.000156 0.781451
vt 0.156795 0.718868
vt -0.000466 0.654611
vt -0.000781 0.844034
vt -0.000781 0.656284
vt -0.000781 0.781451
vt 0.156795 0.718868
vt 0.000000 0.851064
vt -0.000781 0.844034
vt -0.000781 0.718868
vt -0.000781 0.781451
vt 0.156795 0.656284
vt -0.000103 0.498042
vt -0.000781 0.844034
vt -0.000781 0.656284
vt -0.000781 0.781451
vt 0.156795 0.656284
vt 0.000000 1.000000
vt 0.001647 0.998895
vt 0.001647 0.849509
vt 0.000000 0.500556
vt 0.001647 0.652658
vt 0.939310 0.342604
vt 0.939310 0.183297
vt 0.939310 0.342604
vt 0.939310 0.342604
vt 0.939081 0.132863
vt 0.939310 0.342604
vt 0.939310 0.342604
vt 0.939310 0.342604
vt 0.939310 0.342604
vt 0.939081 0.179437
vt 0.939310 0.342604
vt 0.939310 0.342604
vt 0.939310 0.342604
vt 0.939310 0.342604
vt 0.939081 0.179437
vt 0.999050 0.183297
vt 0.999050 0.183297
vt 0.999050 0.183297
vt 0.999050 0.183297
vt 0.985655 0.132863
vt 0.939310 0.342604
vt 0.939310 0.342604
vt 0.939310 0.342604
vt 0.939310 0.342604
vt 0.939081 0.179437
vt -0.000781 0.844034
vt 0.000156 0.718868
vt 0.000156 0.781451
vt 0.156795 0.718868
vt -0.000466 0.654611
vt -0.000781 0.844034
vt -0.000781 0.656284
vt -0.000781 0.781451
vt 0.156795 0.718868
vt 0.000000 0.851064
vt -0.000781 0.844034
vt -0.000781 0.656284
vt -0.000781 0.781451
vt 0.156795 0.718868
vt -0.000103 0.349106
vt -0.000781 0.844034
vt -0.000781 0.656284
vt -0.000781 0.781451
vt 0.156795 0.718868
vt 0.000000 1.000000
vt 0.001647 0.998895
vt 0.001647 0.849509
vt 0.000000 0.500556
vt 0.001647 0.652658
vt 0.939310 0.342604
vt 0.939310 0.183297
vt 0.939310 0.342604
vt 0.939310 0.342604
vt 0.939081 0.132863
vt 0.999050 0.183297
vt 0.939310 0.183297
vt 0.999050 0.183297
vt 0.999050 0.183297
vt 0.939081 0.132863
vt 0.939310 0.342604
vt 0.939310 0.183297
vt 0.939310 0.342604
vt 0.939310 0.342604
vt 0.939081 0.179437
vt 0.999050 0.183297
vt 0.939310 0.183297
vt 0.999050 0.183297
vt 0.999050 0.183297
vt 0.985655 0.132863
vt 0.939310 0.342604
vt 0.939310 0.183297
vt 0.939310 0.342604
vt 0.939310 0.342604
vt 0.939081 0.179437
vt 0.999050 0.183297
vt 0.939310 0.183297
vt 0.999050 0.183297
vt 0.939310 0.183297
vt 0.985655 0.132863
vt 0.939310 0.342604
vt 0.939310 0.183297
vt 0.939310 0.342604
vt 0.939310 0.342604
vt 0.939081 0.179437
vt 0.999050 0.183297
vt 0.999050 0.183297
vt 0.999050 0.183297
vt 0.999050 0.183297
vt 0.985655 0.132863
vt -0.000781 0.844034
vt 0.000156 0.656284
vt 0.000156 0.781451
vt 0.156795 0.718868
vt -0.000466 0.654611
vt -0.000781 0.844034
vt -0.000781 0.656284
vt -0.000781 0.781451
vt 0.156795 0.718868
vt 0.000000 1.000000
vt -0.000781 0.844034
vt -0.000781 0.656284
vt -0.000781 0.781451
vt 0.156795 0.718868
vt -0.000103 0.349106
vt -0.000781 0.844034
vt -0.000781 0.656284
vt -0.000781 0.781451
vt 0.156795 0.718868
vt 0.000000 0.851064
vt 0.001647 0.998895
vt 0.001647 0.849509
vt 0.000000 0.352016
vt 0.001647 0.652658
vt 0.226347 0.156096
vt 0.226981 0.321630
vt 0.226469 0.062150
vt 0.226981 0.312903
vt 0.939310 0.342604
vt 0.939310 0.342604
vt 0.939310 0.342604
vt 0.939310 0.342604
vt 0.939081 0.132863
vt 0.999050 0.183297
vt 0.939310 0.183297
vt 0.999050 0.183297
vt 0.999050 0.183297
vt 0.985655 0.132863
vt 0.679406 0.093759
vt 0.226469 0.048121
vt 0.905875 0.034093
vt 0.906075 0.259595
vt -0.000122 0.156096
vt 0.000512 0.321630
vt 0.906075 0.312903
vt 0.000000 0.062150
vt 0.000000 0.000000
vt 0.000512 0.312903
vt 0.679606 0.297453
vt 0.905875 0.012881
vt 0.679406 0.093759
vt 0.226469 0.048121
vt 0.905875 0.034093
vt 0.906075 0.259595
vt -0.000122 0.156096
vt 0.000512 0.321630
vt 0.906075 0.312903
vt 0.000000 0.062150
vt 0.000000 0.000000
vt 0.000512 0.312903
vt 0.679606 0.297453
vt 0.999050 0.183297
vt 0.999050 0.183297
vt 0.999050 0.183297
vt 0.999050 0.183297
vt 0.939081 0.132863
vt -0.000781 0.844034
vt -0.000781 0.656284
vt -0.000781 0.781451
vt 0.156795 0.718868
vt 0.000000 0.851064
vt 0.001647 0.652658
vt 0.905875 0.012881
vt 0.679406 0.093759
vt 0.226469 0.048121
vt 0.905875 0.034093
vt 0.906075 0.259595
vt -0.000122 0.156096
vt 0.000512 0.321630
vt 0.906075 0.312903
vt 0.000000 0.062150
vt 0.226469 0.000000
vt 0.000512 0.312903
vt 0.679606 0.297453
vt 0.999050 0.183297
vt 0.999050 0.183297
vt 0.999050 0.183297
vt 0.999050 0.183297
vt 0.939081 0.132863
vt -0.000781 0.844034
vt -0.000781 0.656284
vt -0.000781 0.781451
vt 0.156795 0.656284
vt 0.000000 0.851064
vt 0.001647 0.652658
vt 0.905875 0.012881
vt 0.679406 0.093759
vt 0.226469 0.048121
vt 0.905875 0.034093
vt 0.906075 0.259595
vt -0.000122 0.156096
vt 0.000512 0.321630
vt 0.906075 0.312903
vt 0.000000 0.062150
vt 0.000000 0.000000
vt 0.000512 0.312903
vt 0.679606 0.297453
vt 0.939310 0.183297
vt 0.939310 0.183297
vt 0.999050 0.183297
vt 0.999050 0.183297
vt 0.985655 0.132863
vt -0.000781 0.844034
vt -0.000781 0.718868
vt -0.000781 0.781451
vt 0.156795 0.718868
vt 0.000000 1.000000
vt 0.001647 0.504118
vt 0.905875 0.012881
vt 0.905875 0.093759
vt 0.226469 0.048121
vt 0.905875 0.034093
vt 0.906075 0.259595
vt -0.000122 0.156096
vt 0.000512 0.321630
vt 0.906075 0.312903
vt 0.000000 0.062150
vt 0.000000 0.000000
vt 0.000512 0.312903
vt 0.679606 0.297453
vt 0.999050 0.183297
vt 0.999050 0.183297
vt 0.999050 0.183297
vt 0.999050 0.183297
vt 0.985655 0.132863
vt -0.000781 0.844034
vt -0.000781 0.718868
vt -0.000781 0.781451
vt 0.156795 0.718868
vt 0.000000 1.000000
vt 0.001647 0.504118
vt 0.905875 0.012881
vt 0.905875 0.093759
vt 0.226469 0.048121
vt 0.905875 0.034093
vt 0.906075 0.259595
vt -0.000122 0.156096
vt 0.000512 0.321630
vt 0.906075 0.312903
vt 0.000000 0.062150
vt 0.000000 0.000000
vt 0.000512 0.312903
vt 0.679606 0.297453
vt 0.939310 0.183297
vt 0.939310 0.342604
vt 0.939310 0.342604
vt 0.939310 0.342604
vt 0.939081 0.179437
vt 0.999050 0.183297
vt 0.999050 0.183297
vt 0.999050 0.183297
vt 0.999050 0.183297
vt 0.939081 0.132863
vt -0.000781 0.844034
vt -0.000781 0.656284
vt -0.000781 0.781451
vt 0.156795 0.718868
vt 0.000000 0.851064
vt 0.001647 0.652658
vt 0.905875 0.012881
vt 0.679406 0.093759
vt 0.226469 0.048121
vt 0.905875 0.034093
vt 0.906075 0.259595
vt -0.000122 0.156096
vt 0.000512 0.321630
vt 0.906075 0.312903
vt 0.000000 0.062150
vt 0.000000 0.000000
vt 0.000512 0.312903
vt 0.679606 0.297453
vt 0.939310 0.342604
vt 0.939310 0.183297
vt 0.939310 0.342604
vt 0.939310 0.342604
vt 0.939081 0.179437
vt 0.999050 0.183297
vt 0.999050 0.183297
vt 0.999050 0.183297
vt 0.999050 0.183297
vt 0.939081 0.132863
vt -0.000781 0.844034
vt -0.000781 0.656284
vt -0.000781 0.781451
vt 0.156795 0.718868
vt 0.000000 0.851064
vt 0.001647 0.652658
vt 0.905875 0.012881
vt 0.905875 0.093759
vt 0.226469 0.048121
vt 0.905875 0.034093
vt 0.906075 0.259595
vt -0.000122 0.156096
vt 0.000512 0.321630
vt 0.906075 0.312903
vt 0.000000 0.062150
vt 0.000000 0.000000
vt 0.000512 0.312903
vt 0.679606 0.297453
vt 0.989043 0.045880
vt 0.948456 0.045880
vt 0.999050 0.183297
vt 0.939310 0.183297
vt 0.939310 0.183297
vt 0.999050 0.183297
vt 0.985655 0.132863
vt -0.000781 0.844034
vt -0.000781 0.718868
vt -0.000781 0.781451
vt 0.156795 0.718868
vt 0.000000 0.851064
vt 0.001647 0.652658
vt 0.905875 0.012881
vt 0.679406 0.093759
vt 0.226469 0.048121
vt 0.905875 0.034093
vt 0.906075 0.259595
vt -0.000122 0.156096
vt 0.000512 0.321630
vt 0.906075 0.312903
vt 0.000000 0.062150
vt 0.000000 0.000000
vt 0.000512 0.312903
vt 0.679606 0.297453
vt 0.000000 0.062150
vt 0.905875 0.093759
vt 0.905875 0.025761
vt 0.939310 0.342604
vt 0.939310 0.183297
vt 0.939310 0.342604
vt 0.939310 0.183297
vt 0.939081 0.179437
vt 0.999050 0.183297
vt 0.939310 0.183297
vt 0.999050 0.183297
vt 0.999050 0.183297
vt 0.939081 0.132863
vt -0.000781 0.844034
vt -0.000781 0.656284
vt -0.000781 0.781451
vt 0.156795 0.656284
vt 0.000000 1.000000
vt 0.001647 0.504118
vt 0.679606 0.297453
vt 0.226981 0.312903
vt 0.226469 0.012881
vt 0.226469 0.089593
vt 0.679606 0.296828
vt 0.226981 0.321630
vt 0.226347 0.210448
vt 0.906075 0.259595
vt 0.679406 0.048121
vt 0.905875 0.012881
vt 0.905875 0.093759
vt 0.226469 0.048121
vt 0.905875 0.034093
vt 0.906075 0.259595
vt -0.000122 0.156096
vt 0.000512 0.321630
vt 0.906075 0.312903
vt 0.000000 0.062150
vt 0.226469 0.000000
vt 0.000512 0.312903
vt 0.679606 0.297453
vt 0.000000 0.062150
vt 0.905875 0.093759
vt 0.905875 0.025761
vt 0.939310 0.342604
vt 0.939310 0.342604
vt 0.939310 0.342604
vt 0.939310 0.342604
vt 0.939081 0.132863
vt 0.999050 0.183297
vt 0.999050 0.183297
vt 0.999050 0.183297
vt 0.999050 0.183297
vt 0.985655 0.132863
vt -0.000781 0.844034
vt -0.000781 0.718868
vt -0.000781 0.781451
vt 0.156795 0.718868
vt 0.000000 0.851064
vt 0.001647 0.652658
vt 0.679606 0.297453
vt 0.226981 0.312903
vt 0.226469 0.000000
vt 0.226469 0.089593
vt 0.679606 0.296828
vt 0.226981 0.321630
vt 0.226347 0.210448
vt 0.906075 0.259595
vt 0.679406 0.048121
vt 0.905875 0.012881
vt 0.905875 0.093759
vt 0.226469 0.048121
vt 0.905875 0.034093
vt 0.906075 0.259595
vt -0.000122 0.156096
vt 0.000512 0.321630
vt 0.906075 0.312903
vt 0.226469 0.062150
vt 0.226469 0.000000
vt 0.000512 0.312903
vt 0.679606 0.297453
vt 0.000000 0.062150
vt 0.905875 0.093759
vt 0.905875 0.025761
vt 0.939310 0.342604
vt 0.939310 0.183297
vt 0.939310 0.342604
vt 0.939310 0.342604
vt 0.939081 0.179437
vt 0.999050 0.183297
vt 0.999050 0.183297
vt 0.939310 0.183297
vt 0.999050 0.183297
vt 0.939081 0.132863
vt -0.000781 0.844034
vt -0.000781 0.656284
vt -0.000781 0.781451
vt 0.156795 0.718868
vt 0.000000 1.000000
vt 0.001647 0.504118
vt 0.679606 0.297453
vt 0.226981 0.312903
vt 0.226469 0.012881
vt 0.226469 0.089593
vt 0.679606 0.296828
vt 0.226981 0.321630
vt 0.226347 0.210448
vt 0.906075 0.259595
vt 0.679406 0.048121
vt 0.905875 0.012881
vt 0.679406 0.093759
vt 0.226469 0.048121
vt 0.905875 0.034093
vt 0.906075 0.259595
vt -0.000122 0.156096
vt 0.000512 0.321630
vt 0.906075 0.312903
vt 0.226469 0.062150
vt 0.000000 0.000000
vt 0.000512 0.312903
vt 0.679606 0.297453
vt 0.000000 0.062150
vt 0.905875 0.093759
vt 0.905875 0.025761
vt 0.939310 0.342604
vt 0.939310 0.342604
vt 0.939310 0.342604
vt 0.939310 0.342604
vt 0.939081 0.132863
vt 0.999050 0.183297
vt 0.999050 0.183297
vt 0.999050 0.183297
vt 0.999050 0.183297
vt 0.985655 0.132863
vt -0.000781 0.844034
vt -0.000781 0.718868
vt -0.000781 0.781451
vt 0.156795 0.718868
vt 0.000000 0.851064
vt 0.001647 0.652658
vt 0.679606 0.297453
vt 0.226981 0.312903
vt 0.226469 0.012881
vt 0.226469 0.089593
vt 0.679606 0.296828
vt 0.226981 0.321630
vt 0.226347 0.210448
vt 0.906075 0.259595
vt 0.679406 0.048121
vt 0.905875 0.012881
vt 0.679406 0.093759
vt 0.226469 0.048121
vt 0.905875 0.034093
vt 0.906075 0.259595
vt -0.000122 0.156096
vt 0.000512 0.321630
vt 0.906075 0.312903
vt 0.000000 0.062150
vt 0.226469 0.000000
vt 0.000512 0.312903
vt 0.679606 0.297453
vt 0.226469 0.062150
vt 0.905875 0.093759
vt 0.905875 0.025761
vt 0.939310 0.342604
vt 0.939310 0.342604
vt 0.939310 0.342604
vt 0.939310 0.342604
vt 0.939081 0.132863
vt 0.999050 0.183297
vt 0.999050 0.183297
vt 0.999050 0.183297
vt 0.999050 0.183297
vt 0.985655 0.132863
vt -0.000781 0.844034
vt -0.000781 0.718868
vt -0.000781 0.718868
vt 0.156795 0.718868
vt 0.000000 0.851064
vt 0.001647 0.652658
vt 0.679606 0.297453
vt 0.226981 0.312903
vt 0.226469 0.012881
vt 0.226469 0.089593
vt 0.679606 0.296828
vt 0.226981 0.321630
vt 0.226347 0.210448
vt 0.906075 0.259595
vt 0.679406 0.048121
vt 0.905875 0.012881
vt 0.679406 0.093759
vt 0.226469 0.048121
vt 0.905875 0.034093
vt 0.906075 0.259595
vt -0.000122 0.156096
vt 0.000512 0.321630
vt 0.906075 0.312903
vt 0.000000 0.062150
vt 0.000000 0.000000
vt 0.000512 0.312903
vt 0.679606 0.297453
vt 0.000000 0.062150
vt 0.905875 0.093759
vt 0.905875 0.025761
vt 0.939310 0.183297
vt 0.939310 0.342604
vt 0.939310 0.342604
vt 0.939310 0.342604
vt 0.939081 0.179437
vt 0.999050 0.183297
vt 0.999050 0.183297
vt 0.999050 0.183297
vt 0.999050 0.183297
vt 0.939081 0.132863
vt -0.000781 0.844034
vt -0.000781 0.718868
vt -0.000781 0.718868
vt 0.156795 0.718868
vt 0.000000 1.000000
vt 0.001647 0.504118
vt 0.679606 0.297453
vt 0.226981 0.312903
vt 0.226469 0.012881
vt 0.226469 0.089593
vt 0.679606 0.296828
vt 0.226981 0.321630
vt 0.226347 0.210448
vt 0.906075 0.259595
vt 0.679406 0.048121
vt 0.905875 0.012881
vt 0.905875 0.093759
vt 0.226469 0.062150
vt 0.283086 0.012881
vt 0.283086 0.034093
vt 0.283286 0.219937
vt 0.622667 0.156096
vt 0.623301 0.321630
vt 0.283286 0.312903
vt 0.622789 0.062150
vt 0.622789 0.000000
vt 0.623301 0.312903
vt 0.283286 0.297453
vt 0.999050 0.183297
vt 0.999050 0.183297
vt 0.999050 0.183297
vt 0.999050 0.183297
vt 0.985655 0.132863
vt 0.939310 0.342604
vt 0.939310 0.183297
vt 0.939310 0.342604
vt 0.939310 0.342604
vt 0.939081 0.132863
vt 0.000000 0.048121
vt 0.226469 0.048121
vt 0.226469 0.062150
vt 0.679406 0.093759
vt 0.905875 0.093759
vt 0.905875 0.121202
vt 0.679406 0.025761
vt 0.679406 0.012881
vt 0.905875 0.012881
vt 0.906075 0.297453
vt 0.679606 0.297453
vt 0.679606 0.281378
vt 0.000512 0.321630
vt 0.000512 0.312903
vt 0.226981 0.312903
vt 0.000000 0.000000
vt 0.226469 0.000000
vt 0.226469 0.012881
vt 0.000000 0.089593
vt 0.000000 0.062150
vt 0.226469 0.062150
vt 0.906075 0.312903
vt 0.679606 0.312903
vt 0.679606 0.296828
vt 0.000512 0.330358
vt 0.000512 0.321630
vt 0.226981 0.321630
vt -0.000122 0.210448
vt -0.000122 0.156096
vt 0.226347 0.156096
vt 0.679606 0.219937
vt 0.906075 0.219937
vt 0.906075 0.259595
vt 0.679406 0.034093
vt 0.905875 0.034093
vt 0.905875 0.048121
vt 0.000000 0.048121
vt 0.226469 0.048121
vt 0.226469 0.062150
vt 0.679406 0.121202
vt 0.679406 0.093759
vt 0.905875 0.093759
vt 0.679406 0.025761
vt 0.679406 0.012881
vt 0.905875 0.012881
vt 0.906075 0.297453
vt 0.679606 0.297453
vt 0.679606 0.281378
vt 0.000512 0.321630
vt 0.000512 0.312903
vt 0.226981 0.312903
vt 0.000000 0.012881
vt 0.000000 0.000000
vt 0.226469 0.000000
vt 0.000000 0.062150
vt 0.226469 0.062150
vt 0.226469 0.089593
vt 0.906075 0.312903
vt 0.679606 0.312903
vt 0.679606 0.296828
vt 0.000512 0.330358
vt 0.000512 0.321630
vt 0.226981 0.321630
vt -0.000122 0.210448
vt -0.000122 0.156096
vt 0.226347 0.156096
vt 0.679606 0.219937
vt 0.906075 0.219937
vt 0.906075 0.259595
vt 0.679406 0.034093
vt 0.905875 0.034093
vt 0.905875 0.048121
vt 0.000000 0.048121
vt 0.226469 0.048121
vt 0.226469 0.062150
vt 0.679406 0.121202
vt 0.679406 0.093759
vt 0.905875 0.093759
vt 0.679406 0.025761
vt 0.679406 0.012881
vt 0.905875 0.012881
vt 0.906075 0.297453
vt 0.679606 0.297453
vt 0.679606 0.281378
vt 0.000512 0.321630
vt 0.000512 0.312903
vt 0.226981 0.312903
vt 0.000000 0.012881
vt 0.000000 0.000000
vt 0.226469 0.000000
vt 0.000000 0.062150
vt 0.226469 0.062150
vt 0.226469 0.089593
vt 0.906075 0.312903
vt 0.679606 0.312903
vt 0.679606 0.296828
vt 0.000512 0.330358
vt 0.000512 0.321630
vt 0.226981 0.321630
vt -0.000122 0.210448
vt -0.000122 0.156096
vt 0.226347 0.156096
vt 0.679606 0.219937
vt 0.906075 0.219937
vt 0.906075 0.259595
vt 0.679406 0.034093
vt 0.905875 0.034093
vt 0.905875 0.048121
vt 0.226469 0.048121
vt 0.226469 0.062150
vt 0.000000 0.062150
vt 0.679406 0.121202
vt 0.679406 0.093759
vt 0.905875 0.093759
vt 0.679406 0.025761
vt 0.679406 0.012881
vt 0.905875 0.012881
vt 0.906075 0.297453
vt 0.679606 0.297453
vt 0.679606 0.281378
vt 0.000512 0.312903
vt 0.226981 0.312903
vt 0.226981 0.321630
vt 0.000000 0.012881
vt 0.000000 0.000000
vt 0.226469 0.000000
vt 0.000000 0.089593
vt 0.000000 0.062150
vt 0.226469 0.062150
vt 0.906075 0.296828
vt 0.906075 0.312903
vt 0.679606 0.312903
vt 0.000512 0.321630
vt 0.226981 0.321630
vt 0.226981 0.330358
vt -0.000122 0.210448
vt -0.000122 0.156096
vt 0.226347 0.156096
vt 0.906075 0.219937
vt 0.906075 0.259595
vt 0.679606 0.259595
vt 0.679406 0.034093
vt 0.905875 0.034093
vt 0.905875 0.048121
vt 0.226469 0.048121
vt 0.226469 0.062150
vt 0.000000 0.062150
vt 0.679406 0.093759
vt 0.905875 0.093759
vt 0.905875 0.121202
vt 0.679406 0.025761
vt 0.679406 0.012881
vt 0.905875 0.012881
vt 0.906075 0.297453
vt 0.679606 0.297453
vt 0.679606 0.281378
vt 0.000512 0.312903
vt 0.226981 0.312903
vt 0.226981 0.321630
vt 0.000000 0.012881
vt 0.000000 0.000000
vt 0.226469 0.000000
vt 0.000000 0.062150
vt 0.226469 0.062150
vt 0.226469 0.089593
vt 0.906075 0.296828
vt 0.906075 0.312903
vt 0.679606 0.312903
vt 0.000512 0.321630
vt 0.226981 0.321630
vt 0.226981 0.330358
vt -0.000122 0.210448
vt -0.000122 0.156096
vt 0.226347 0.156096
vt 0.906075 0.219937
vt 0.906075 0.259595
vt 0.679606 0.259595
vt 0.679406 0.034093
vt 0.905875 0.034093
vt 0.905875 0.048121
vt 0.453137 0.281378
vt 0.396520 0.281378
vt 0.396520 0.297453
vt 0.453137 0.297453
vt 0.679606 0.297453
vt 0.510067 0.321630
vt 0.510067 0.312903
vt 0.453449 0.312903
vt 0.453449 0.321630
vt 0.226981 0.312903
vt 0.452938 0.012881
vt 0.509555 0.012881
vt 0.509555 0.000000
vt 0.226469 0.012881
vt 0.452938 0.000000
vt 0.509555 0.089593
vt 0.509555 0.062150
vt 0.452938 0.062150
vt 0.226469 0.089593
vt 0.452938 0.089593
vt 0.453137 0.296828
vt 0.396520 0.296828
vt 0.396520 0.312903
vt 0.453137 0.312903
vt 0.679606 0.312903
vt 0.510067 0.330358
vt 0.510067 0.321630
vt 0.453449 0.321630
vt 0.453449 0.330358
vt 0.226981 0.321630
vt 0.452937 0.025761
vt 0.679406 0.025761
vt 0.679406 0.012881
vt 0.452937 0.121202
vt 0.679406 0.121202
vt 0.679406 0.093759
vt 0.452816 0.210448
vt 0.509433 0.210448
vt 0.509433 0.156096
vt 0.452816 0.156096
vt 0.226347 0.156096
vt 0.396520 0.259595
vt 0.453137 0.259595
vt 0.453137 0.219937
vt 0.679606 0.259595
vt 0.396320 0.034093
vt 0.396320 0.048121
vt 0.452937 0.048121
vt 0.452937 0.034093
vt 0.679406 0.048121
vt 0.226469 0.048121
vt 0.226469 0.062150
vt 0.452938 0.062150
vt 0.452938 0.048121
vt 0.509555 0.062150
vt 0.509555 0.048121
vt 0.566172 0.062150
vt 0.339703 0.034093
vt 0.339703 0.048121
vt 0.339903 0.219937
vt 0.339903 0.259595
vt 0.566050 0.210448
vt 0.566050 0.156096
vt 0.396320 0.121202
vt 0.452937 0.093759
vt 0.339703 0.121202
vt 0.396320 0.093759
vt 0.452937 0.012881
vt 0.396320 0.012881
vt 0.339703 0.025761
vt 0.396320 0.025761
vt 0.566684 0.330358
vt 0.566684 0.321630
vt 0.339903 0.296828
vt 0.339903 0.312903
vt 0.566172 0.089593
vt 0.566172 0.062150
vt 0.566172 0.012881
vt 0.566172 0.000000
vt 0.566684 0.321630
vt 0.566684 0.312903
vt 0.339903 0.281378
vt 0.339903 0.297453
vt 0.989708 0.122474
vt 0.947792 0.122474
vt 0.980483 0.108860
vt 0.947792 0.108860
vt 0.957016 0.108860
vt 0.997473 0.065026
vt 0.997473 0.079853
vt 0.980483 0.079853
vt 0.940026 0.065026
vt 0.957016 0.079853
vt 0.957253 0.017622
vt 0.940605 0.017614
vt 0.940612 0.003088
vt 0.996892 0.003088
vt 0.996895 0.017614
vt 0.980247 0.017618
vt 0.980253 0.046035
vt 0.957258 0.046039
vt 0.989292 0.046033
vt 0.989291 0.059372
vt 0.948223 0.059379
vt 0.948220 0.046041
vt 0.997224 0.065214
vt 0.997232 0.079916
vt 0.980380 0.079924
vt 0.957113 0.079919
vt 0.940269 0.079916
vt 0.940272 0.065214
vt 0.980374 0.108683
vt 0.957107 0.108678
vt 0.947960 0.122176
vt 0.989519 0.108685
vt 0.989517 0.122183
vt 0.957844 0.018334
vt 0.942053 0.018334
vt 0.942053 0.004554
vt 0.995446 0.004554
vt 0.995446 0.018334
vt 0.979655 0.018334
vt 0.979655 0.045293
vt 0.988228 0.045293
vt 0.988228 0.057946
vt 0.949271 0.057946
vt 0.949271 0.045293
vt 0.957844 0.045293
vt 0.000000 0.062150
vt 0.679406 0.121202
vt 0.905875 0.025761
vt 0.906075 0.281378
vt 0.226981 0.321630
vt 0.000000 0.012881
vt 0.226469 0.089593
vt 0.906075 0.296828
vt 0.226981 0.330358
vt 0.226347 0.210448
vt 0.679606 0.259595
vt 0.679406 0.048121
vt 0.000000 0.062150
vt 0.905875 0.121202
vt 0.905875 0.025761
vt 0.906075 0.281378
vt 0.226981 0.321630
vt 0.226469 0.012881
vt 0.000000 0.089593
vt 0.906075 0.296828
vt 0.226981 0.330358
vt 0.226347 0.210448
vt 0.679606 0.259595
vt 0.679406 0.048121
vt 0.000000 0.062150
vt 0.905875 0.121202
vt 0.905875 0.025761
vt 0.906075 0.281378
vt 0.226981 0.321630
vt 0.226469 0.012881
vt 0.000000 0.089593
vt 0.906075 0.296828
vt 0.226981 0.330358
vt 0.226347 0.210448
vt 0.679606 0.259595
vt 0.679406 0.048121
vt 0.000000 0.048121
vt 0.905875 0.121202
vt 0.905875 0.025761
vt 0.906075 0.281378
vt 0.000512 0.321630
vt 0.226469 0.012881
vt 0.226469 0.089593
vt 0.679606 0.296828
vt 0.000512 0.330358
vt 0.226347 0.210448
vt 0.679606 0.219937
vt 0.679406 0.048121
vt 0.000000 0.048121
vt 0.679406 0.121202
vt 0.905875 0.025761
vt 0.906075 0.281378
vt 0.000512 0.321630
vt 0.226469 0.012881
vt 0.000000 0.089593
vt 0.679606 0.296828
vt 0.000512 0.330358
vt 0.226347 0.210448
vt 0.679606 0.219937
vt 0.679406 0.048121
vt 0.679606 0.281378
vt 0.226981 0.321630
vt 0.226469 0.000000
vt 0.226469 0.062150
vt 0.679606 0.296828
vt 0.226981 0.330358
vt 0.226347 0.210448
vt 0.396520 0.219937
vt 0.679606 0.219937
vt 0.679406 0.034093
vt 0.566172 0.048121
vt 0.339703 0.093759
vt 0.339703 0.012881
vt 0.989708 0.108860
vt 0.940026 0.079853
vt 0.947961 0.108676
vn -0.7070 0.0000 -0.7072
vn -0.7071 0.0000 -0.7071
vn -0.7071 -0.0001 -0.7071
vn 0.7072 0.0000 -0.7070
vn 0.7071 0.0000 0.7071
vn -0.7070 0.0000 0.7072
vn 0.0000 1.0000 0.0000
vn -0.0000 -1.0000 0.0000
vn 0.7071 0.0000 0.7072
vn 0.7072 0.0000 0.7071
vn 0.7071 -0.0001 0.7071
vn -0.7072 0.0000 0.7070
vn -0.7071 0.0000 0.7071
vn 0.7070 0.0000 -0.7072
vn 0.7071 0.0000 -0.7071
vn 0.7073 0.0000 -0.7069
vn -0.7073 0.0000 0.7069
vn 0.8232 -0.4990 0.2708
vn -0.8647 -0.4389 0.2442
vn 0.3185 -0.8315 -0.4552
vn -0.0000 0.0000 1.0000
vn -1.0000 0.0000 0.0000
vn -0.0000 0.0000 -1.0000
vn 1.0000 0.0000 0.0000
vn 0.9895 -0.1003 0.1045
vn 0.7071 0.0001 0.7071
vn -0.7793 0.4851 0.3966
vn 0.3187 -0.8315 -0.4550
vn -0.6207 -0.7840 -0.0004
vn 0.7018 0.0000 -0.7124
vn 0.7017 0.0005 -0.7124
vn 0.7017 0.0006 -0.7124
vn -0.7019 -0.0000 0.7123
vn -0.6998 0.0742 0.7105
vn -0.6984 0.0032 0.7157
vn -0.6998 0.0775 0.7102
vn 0.7060 0.0000 0.7082
vn -0.6926 0.0000 0.7213
vn -0.7101 0.0000 -0.7041
vn 0.6927 0.0000 -0.7213
vn 0.6910 0.0000 -0.7229
vn -0.6909 0.0000 0.7230
vn 0.7018 0.0004 -0.7124
vn 0.6489 -0.0012 -0.7608
vn 0.6489 -0.0006 -0.7609
vn 0.6489 -0.0005 -0.7609
vn -0.6489 0.0000 0.7608
vn -0.6491 0.0034 0.7607
vn -0.6511 0.0710 0.7557
vn -0.6489 0.0000 0.7609
vn 0.6489 -0.0008 -0.7609
vn 0.6489 -0.0002 -0.7609
vn 0.6489 -0.0007 -0.7609
vn 0.6490 0.0000 -0.7608
vn 0.5826 -0.0004 -0.8128
vn 0.5825 -0.0000 -0.8128
vn 0.5826 -0.0003 -0.8128
vn -0.5826 0.0000 0.8128
vn 0.8132 0.0000 0.5819
vn 0.5889 0.0000 -0.8082
vn -0.8195 0.0000 -0.5730
vn -0.5890 0.0000 0.8081
vn 0.8015 0.0000 0.5980
vn -0.5762 0.0000 0.8173
vn -0.8306 0.0000 -0.5569
vn 0.5766 0.0000 -0.8170
vn 0.5826 -0.0005 -0.8128
vn 0.5825 -0.0001 -0.8128
vn 0.5826 -0.0000 -0.8127
vn -0.5825 0.0000 0.8128
vn 0.5157 -0.0001 -0.8568
vn 0.5157 0.0001 -0.8568
vn 0.5156 0.0003 -0.8568
vn -0.5157 0.0000 0.8568
vn 0.8575 0.0000 0.5144
vn 0.5155 -0.0000 -0.8569
vn -0.8628 0.0000 -0.5056
vn -0.5155 0.0000 0.8569
vn 0.8477 -0.0000 0.5304
vn -0.5082 0.0000 0.8613
vn -0.8720 0.0000 -0.4896
vn 0.5087 0.0000 -0.8609
vn 0.5156 0.0004 -0.8568
vn 0.5158 0.0000 -0.8567
vn -0.5156 0.0000 0.8568
vn 0.4504 0.0004 -0.8928
vn 0.4504 0.0005 -0.8928
vn 0.4504 0.0010 -0.8928
vn -0.4504 0.0000 0.8928
vn 0.8940 0.0000 0.4480
vn 0.4417 -0.0000 -0.8972
vn -0.8982 0.0000 -0.4395
vn -0.4417 0.0000 0.8972
vn -0.4416 0.0000 0.8972
vn 0.8860 0.0000 0.4636
vn -0.4451 0.0000 0.8955
vn -0.9057 0.0000 -0.4239
vn 0.4448 0.0000 -0.8956
vn 0.4504 0.0006 -0.8928
vn 0.4505 0.0000 -0.8928
vn 0.3885 0.0010 -0.9214
vn -0.3886 0.0000 0.9214
vn -0.3885 0.0000 0.9214
vn 0.9232 0.0000 0.3842
vn 0.3693 0.0000 -0.9293
vn -0.9265 0.0000 -0.3763
vn -0.3691 0.0000 0.9294
vn 0.9168 0.0000 0.3992
vn -0.3805 0.0000 0.9248
vn -0.9323 0.0000 -0.3616
vn 0.3805 0.0000 -0.9248
vn 0.3885 0.0008 -0.9214
vn 0.3885 0.0011 -0.9214
vn 0.3885 0.0009 -0.9214
vn 0.3886 0.0000 -0.9214
vn 0.3271 -0.0003 -0.9450
vn 0.3270 0.0012 -0.9450
vn 0.3270 0.0013 -0.9450
vn -0.3271 0.0000 0.9450
vn 0.9460 -0.0000 0.3242
vn -0.3272 -0.0000 0.9450
vn -0.9486 0.0000 -0.3166
vn 0.3271 0.0000 -0.9450
vn 0.9460 0.0000 0.3243
vn 0.3283 -0.0000 -0.9446
vn -0.9485 0.0000 -0.3166
vn -0.3284 0.0000 0.9445
vn 0.9410 0.0000 0.3383
vn -0.3202 0.0000 0.9473
vn -0.9529 0.0000 -0.3032
vn 0.3203 0.0000 -0.9473
vn 0.3271 0.0004 -0.9450
vn 0.3270 0.0005 -0.9450
vn 0.2713 -0.0004 -0.9625
vn 0.2713 0.0003 -0.9625
vn -0.2713 0.0000 0.9625
vn 0.9633 0.0000 0.2686
vn 0.9632 0.0000 0.2686
vn -0.2678 0.0000 0.9635
vn -0.9652 0.0000 -0.2616
vn 0.2678 0.0000 -0.9635
vn 0.2682 0.0000 -0.9634
vn -0.2682 0.0000 0.9634
vn 0.9596 0.0000 0.2814
vn -0.2648 0.0000 0.9643
vn -0.9685 0.0000 -0.2490
vn 0.2649 0.0000 -0.9643
vn 0.2713 -0.0001 -0.9625
vn 0.2712 0.0009 -0.9625
vn 0.2713 0.0005 -0.9625
vn 0.2714 0.0000 -0.9625
vn -0.2712 0.0000 0.9625
vn 0.2237 0.0007 -0.9747
vn 0.2237 0.0009 -0.9747
vn -0.2237 0.0000 0.9746
vn -0.2237 0.0000 0.9747
vn 0.9761 0.0000 0.2172
vn 0.2042 0.0000 -0.9789
vn -0.9775 0.0000 -0.2109
vn -0.2041 0.0000 0.9789
vn -0.2041 0.0000 0.9790
vn 0.9734 0.0000 0.2291
vn -0.2135 0.0000 0.9769
vn -0.9799 0.0000 -0.1994
vn 0.2137 0.0000 -0.9769
vn 0.2237 0.0008 -0.9747
vn 0.2236 0.0022 -0.9747
vn 0.2238 0.0000 -0.9746
vn 0.1726 0.0005 -0.9850
vn 0.1726 0.0013 -0.9850
vn 0.1726 0.0006 -0.9850
vn -0.1726 0.0000 0.9850
vn 0.1740 0.0000 -0.9847
vn -0.1741 -0.0000 0.9847
vn -0.1741 -0.0003 0.9847
vn -0.1741 0.0003 0.9847
vn 0.9854 -0.0000 0.1704
vn -0.1744 0.0000 0.9847
vn -0.9864 0.0000 -0.1645
vn 0.1743 -0.0000 -0.9847
vn 0.1752 0.0000 -0.9845
vn -0.1752 0.0000 0.9845
vn -0.1753 0.0000 0.9845
vn 0.9834 0.0000 0.1812
vn -0.1677 0.0000 0.9858
vn -0.9881 0.0000 -0.1540
vn 0.1677 0.0000 -0.9858
vn 0.1742 0.0000 -0.9847
vn 0.0005 1.0000 0.0001
vn 0.0002 1.0000 0.0000
vn -0.1740 0.0000 0.9847
vn 0.1726 0.0003 -0.9850
vn 0.1727 0.0000 -0.9850
vn 0.1346 0.0008 -0.9909
vn 0.1346 0.0006 -0.9909
vn 0.1346 0.0009 -0.9909
vn -0.1346 0.0000 0.9909
vn 0.1353 0.0000 -0.9908
vn -0.1353 -0.0000 0.9908
vn -0.1353 -0.0001 0.9908
vn -0.1353 0.0002 0.9908
vn 0.9918 0.0000 0.1276
vn -0.1186 0.0000 0.9929
vn -0.9925 0.0000 -0.1223
vn 0.1186 0.0000 -0.9929
vn 0.9918 0.0000 0.1275
vn 0.1179 0.0000 -0.9930
vn -0.1179 0.0000 0.9930
vn -0.1178 0.0000 0.9930
vn 0.9905 0.0000 0.1374
vn -0.1238 0.0000 0.9923
vn -0.9936 0.0000 -0.1128
vn 0.1240 0.0000 -0.9923
vn 0.1346 0.0007 -0.9909
vn 0.1346 0.0011 -0.9909
vn 0.1347 0.0000 -0.9909
vn 0.0918 0.0006 -0.9958
vn 0.0918 0.0012 -0.9958
vn -0.0918 -0.0000 0.9958
vn 0.0929 0.0000 -0.9957
vn -0.0930 -0.0000 0.9957
vn -0.0930 -0.0002 0.9957
vn -0.0930 0.0003 0.9957
vn 0.9961 0.0000 0.0887
vn -0.0914 0.0000 0.9958
vn -0.9965 0.0000 -0.0838
vn 0.0913 0.0000 -0.9958
vn 0.0914 0.0000 -0.9958
vn 0.0919 0.0000 -0.9958
vn -0.0919 0.0000 0.9958
vn 0.9952 0.0000 0.0977
vn -0.0872 0.0000 0.9962
vn -0.9972 0.0000 -0.0751
vn 0.0871 0.0000 -0.9962
vn 0.0931 0.0000 -0.9957
vn 0.0930 0.0000 -0.9957
vn -0.0929 0.0000 0.9957
vn 0.0918 0.0009 -0.9958
vn 0.0918 0.0011 -0.9958
vn 0.0918 0.0000 -0.9958
vn 0.0598 -0.0000 -0.9982
vn 0.0598 0.0008 -0.9982
vn -0.0598 -0.0000 0.9982
vn 0.0601 0.0000 -0.9982
vn -0.0601 -0.0000 0.9982
vn -0.0601 0.0002 0.9982
vn 0.9986 0.0000 0.0531
vn -0.0422 0.0000 0.9991
vn -0.9988 0.0000 -0.0489
vn 0.0423 0.0000 -0.9991
vn 0.9986 0.0000 0.0532
vn 0.0415 0.0000 -0.9991
vn -0.0415 0.0000 0.9991
vn 0.9981 0.0000 0.0615
vn -0.0503 0.0000 0.9987
vn -0.9992 0.0000 -0.0411
vn 0.0504 0.0000 -0.9987
vn 0.0598 -0.0003 -0.9982
vn 0.0598 0.0007 -0.9982
vn 0.0598 0.0003 -0.9982
vn 0.0266 0.0004 -0.9996
vn -0.0266 0.0000 0.9996
vn -0.0266 0.0001 0.9996
vn 0.0279 0.0000 -0.9996
vn -0.0279 0.0000 0.9996
vn -0.0279 -0.0001 0.9996
vn -0.0279 0.0004 0.9996
vn 0.9998 0.0000 0.0211
vn -0.0186 0.0000 0.9998
vn -0.0185 0.0000 0.9998
vn -0.9999 0.0000 -0.0171
vn 0.0186 0.0000 -0.9998
vn 0.9996 0.0000 0.0284
vn -1.0000 0.0000 -0.0098
vn -0.0000 1.0000 0.0001
vn 0.0280 0.0000 -0.9996
vn 0.0266 0.0002 -0.9996
vn 0.0265 0.0013 -0.9996
vn 0.0266 0.0003 -0.9996
vn 0.0266 0.0000 -0.9996
vn -0.0265 0.0000 0.9996
vn 0.0031 0.0004 -1.0000
vn 0.0031 0.0000 -1.0000
vn -0.0031 0.0000 1.0000
vn -0.0031 0.0001 1.0000
vn 1.0000 0.0000 -0.0084
vn 0.0040 0.0000 1.0000
vn 0.0039 0.0000 1.0000
vn -0.9999 0.0000 0.0122
vn -0.0040 0.0000 -1.0000
vn -0.0035 0.0000 -1.0000
vn 0.0034 0.0000 1.0000
vn 0.0035 0.0000 1.0000
vn 1.0000 0.0000 -0.0016
vn -0.9999 0.0000 0.0144
vn -0.0039 0.0000 -1.0000
vn 0.0031 0.0003 -1.0000
vn 0.7808 0.0000 0.6248
vn -0.6248 0.0000 0.7808
vn -0.7808 0.0000 -0.6248
vn 0.6248 0.0000 -0.7808
vn -0.6983 0.0000 0.7158
vn 0.6489 -0.0011 -0.7608
vn -0.6511 0.0745 0.7553
vn 0.5157 -0.0000 -0.8568
vn 0.4504 0.0003 -0.8928
vn 0.3271 0.0001 -0.9450
vn 0.2713 -0.0003 -0.9625
vn 0.2713 0.0001 -0.9625
vn 0.2238 0.0003 -0.9746
vn 0.1726 0.0007 -0.9850
vn -0.1741 -0.0004 0.9847
vn 0.1727 -0.0001 -0.9850
vn 0.0918 0.0001 -0.9958
vn 0.0918 0.0005 -0.9958
vn 0.0598 -0.0004 -0.9982
vn 0.0598 0.0002 -0.9982
vn 0.6359 0.0000 -0.7718
vn -0.6348 0.0000 0.7726
vn -0.6348 0.0023 0.7727
vn -0.6348 0.0026 0.7727
vn 0.6355 -0.0073 -0.7720
vn 0.6356 -0.0070 -0.7720
vn 0.6355 -0.0075 -0.7720
vn 0.6356 0.0000 -0.7720
vn -0.6346 0.0000 0.7728
vn 0.6289 -0.0269 -0.7770
vn -0.6322 0.0037 0.7748
vn -0.6322 0.0040 0.7748
vn -0.6332 0.0023 0.7740
vn 0.6317 -0.0157 -0.7750
vn 0.6319 0.0000 -0.7750
vn -0.6335 0.0000 0.7738
vn 0.4180 0.0084 -0.9084
vn -0.4203 -0.0013 0.9074
vn -0.4203 -0.0012 0.9074
vn -0.4202 0.0016 0.9074
vn -0.4201 0.0019 0.9075
vn 0.4168 0.0230 -0.9087
vn 0.4168 0.0229 -0.9087
vn 0.4175 0.0000 -0.9087
vn -0.4209 0.0000 0.9071
vn 0.3275 -0.0000 -0.9449
vn -0.3276 0.0000 0.9448
vn -0.3275 0.0004 0.9448
vn 0.3276 0.0000 -0.9448
vn -0.3275 0.0000 0.9448
vn 0.2732 0.0000 -0.9620
vn -0.2732 0.0000 0.9620
vn -0.2732 0.0004 0.9620
vn 0.2733 0.0000 -0.9619
vn -0.9803 -0.0252 -0.1958
vn -0.9665 0.0000 -0.2566
vn -0.9665 -0.0000 -0.2567
vn -0.9665 0.0060 -0.2567
vn -0.9651 0.0023 -0.2618
vn -0.9680 0.0114 -0.2506
vn -0.9665 0.0114 -0.2565
vn -0.9660 0.0166 -0.2581
vn -0.9657 -0.0021 -0.2597
vn -0.9668 -0.0059 -0.2556
vn 0.8627 0.0261 0.5050
vn 0.8628 0.0261 0.5050
vn 0.8286 0.0000 0.5598
vn 0.8285 -0.0000 0.5600
vn 0.8288 0.0060 0.5594
vn 0.8255 0.0031 0.5645
vn 0.8301 -0.0174 0.5573
vn 0.8318 -0.0121 0.5550
vn 0.8266 -0.0167 0.5626
vn 0.8295 -0.0011 0.5586
vn 0.8266 0.0023 0.5628
vn 0.8266 0.0022 0.5628
vn -0.6348 -0.0002 0.7727
vn -0.6348 0.0012 0.7726
vn 0.6360 0.0025 -0.7717
vn 0.6309 0.0089 -0.7758
vn -0.6327 -0.0016 0.7744
vn -0.6332 0.0022 0.7740
vn 0.6296 0.0268 -0.7764
vn 0.4160 -0.0253 -0.9090
vn -0.4198 0.0038 0.9076
vn -0.4203 -0.0009 0.9074
vn -0.4203 -0.0006 0.9074
vn -0.4203 -0.0014 0.9074
vn 0.4184 -0.0077 -0.9082
vn -0.3276 -0.0001 0.9448
vn -0.2732 -0.0003 0.9620
vn -0.9671 0.0400 -0.2512
vn -0.9665 -0.0001 -0.2567
vn -0.9651 0.0024 -0.2617
vn -0.9680 0.0115 -0.2508
vn -0.9659 0.0168 -0.2584
vn -0.9650 0.0099 -0.2621
vn -0.9676 0.0031 -0.2523
vn -0.9687 -0.0008 -0.2483
vn -0.9686 0.0068 -0.2486
vn 0.8310 -0.0415 0.5547
vn 0.8285 0.0003 0.5600
vn 0.8254 0.0031 0.5645
vn 0.8303 -0.0171 0.5571
vn 0.8267 -0.0165 0.5623
vn 0.8285 -0.0118 0.5598
vn 0.8338 -0.0064 0.5520
vn 0.8309 -0.0030 0.5564
vn 0.8311 -0.0089 0.5561
usemtl Default_OBJ.003
s off
f 8/1/1 7/2/1 9/3/1
f 9/3/2 10/4/2 8/1/2
f 2/5/3 6/6/3 3/7/3
f 2/5/2 3/7/2 9/3/2
f 6/6/2 2/5/2 5/8/2
f 10/4/2 9/3/2 3/7/2
f 4/9/2 3/7/2 6/6/2
f 69/10/4 50/11/4 19/12/4
f 15/13/5 20/14/5 12/15/5
f 15/13/5 21/16/5 20/14/5
f 5/8/2 2/5/2 24/17/2
f 40/18/6 11/19/6 1/20/6
f 50/21/7 29/22/7 20/23/7
f 64/24/8 69/25/8 18/26/8
f 74/27/4 49/28/4 23/29/4
f 34/30/7 22/31/7 21/32/7
f 7/33/8 70/34/8 55/35/8
f 80/36/6 35/37/6 10/38/6
f 29/39/4 59/40/4 12/41/4
f 19/42/5 20/14/5 18/43/5
f 20/14/5 17/44/5 18/43/5
f 12/15/9 16/45/9 23/46/9
f 14/47/10 15/13/10 13/48/10
f 13/48/5 15/13/5 23/46/5
f 15/13/11 12/15/11 23/46/11
f 22/49/5 17/44/5 21/16/5
f 20/14/5 21/16/5 17/44/5
f 10/50/8 35/51/8 75/52/8
f 8/1/2 10/4/2 11/53/2
f 1/54/2 11/53/2 10/4/2
f 6/55/6 60/56/6 30/57/6
f 23/58/7 44/59/7 13/60/7
f 42/61/7 47/62/7 46/63/7
f 43/64/7 48/65/7 47/66/7
f 8/67/7 11/68/7 40/69/7
f 41/70/7 46/71/7 45/72/7
f 64/73/12 17/74/12 22/75/12
f 63/76/13 64/77/13 34/78/13
f 62/79/13 63/80/13 33/81/13
f 62/82/13 32/83/13 31/84/13
f 60/85/13 61/86/13 31/87/13
f 15/88/8 79/89/8 39/90/8
f 39/91/8 78/92/8 38/93/8
f 38/94/8 78/95/8 77/96/8
f 37/97/8 77/98/8 76/99/8
f 35/100/8 36/101/8 76/102/8
f 2/103/14 9/104/14 55/105/14
f 25/106/15 55/107/15 56/108/15
f 56/109/15 57/110/15 27/111/15
f 27/112/15 57/113/15 58/114/15
f 28/115/15 58/116/15 59/117/15
f 21/118/12 15/119/12 39/120/12
f 84/121/13 39/122/13 38/123/13
f 83/124/13 38/125/13 37/126/13
f 82/127/13 37/128/13 36/129/13
f 81/130/13 36/131/13 35/132/13
f 12/133/8 74/134/8 16/135/8
f 59/136/8 73/137/8 74/134/8
f 72/138/8 73/137/8 58/139/8
f 71/140/8 72/138/8 57/141/8
f 70/34/8 71/140/8 56/142/8
f 4/143/7 30/144/7 80/145/7
f 30/146/7 31/147/7 81/148/7
f 31/149/7 32/150/7 82/151/7
f 32/152/7 33/153/7 83/154/7
f 33/155/7 34/156/7 84/157/7
f 7/158/14 8/159/14 45/160/14
f 70/161/15 45/162/15 46/163/15
f 71/164/15 46/165/15 47/166/15
f 72/167/15 47/168/15 48/169/15
f 73/170/15 48/171/15 49/172/15
f 5/173/8 65/174/8 60/175/8
f 65/176/8 66/177/8 61/178/8
f 66/179/8 67/180/8 62/181/8
f 67/182/8 68/183/8 63/184/8
f 68/185/8 69/186/8 64/187/8
f 24/188/7 2/189/7 25/190/7
f 54/191/7 25/192/7 26/193/7
f 53/194/7 26/195/7 27/196/7
f 52/197/7 27/198/7 28/199/7
f 51/200/7 28/201/7 29/202/7
f 14/203/12 13/204/12 44/205/12
f 79/206/13 44/207/13 43/208/13
f 78/209/13 43/210/13 42/211/13
f 42/212/13 41/213/13 76/214/13
f 76/215/13 41/216/13 40/217/13
f 5/218/14 24/219/14 54/220/14
f 65/221/15 54/222/15 53/223/15
f 53/224/15 52/225/15 67/226/15
f 67/227/15 52/228/15 51/229/15
f 68/230/15 51/231/15 50/232/15
f 40/18/6 1/20/6 75/233/6
f 7/33/8 55/35/8 9/234/8
f 80/36/6 10/38/6 3/235/6
f 10/50/8 75/52/8 1/236/8
f 6/55/6 30/57/6 4/237/6
f 62/79/13 33/81/13 32/238/13
f 62/82/13 31/84/13 61/239/13
f 60/85/13 31/87/13 30/240/13
f 38/94/8 77/96/8 37/241/8
f 37/97/8 76/99/8 36/242/8
f 35/100/8 76/102/8 75/243/8
f 2/103/14 55/105/14 25/244/14
f 25/106/15 56/108/15 26/245/15
f 56/109/15 27/111/15 26/246/15
f 27/112/15 58/114/15 28/247/15
f 83/124/13 37/126/13 82/248/13
f 82/127/13 36/129/13 81/249/13
f 81/130/13 35/132/13 80/250/13
f 72/138/8 58/139/8 57/141/8
f 71/140/8 57/141/8 56/142/8
f 70/34/8 56/142/8 55/35/8
f 4/143/7 80/145/7 3/251/7
f 30/146/7 81/148/7 80/252/7
f 31/149/7 82/151/7 81/253/7
f 32/152/7 83/154/7 82/254/7
f 7/158/14 45/160/14 70/255/14
f 70/161/15 46/163/15 71/256/15
f 71/164/15 47/166/15 72/257/15
f 72/167/15 48/169/15 73/258/15
f 5/173/8 60/175/8 6/259/8
f 65/176/8 61/178/8 60/260/8
f 66/179/8 62/181/8 61/261/8
f 67/182/8 63/184/8 62/262/8
f 24/188/7 25/190/7 54/263/7
f 54/191/7 26/193/7 53/264/7
f 53/194/7 27/196/7 52/265/7
f 52/197/7 28/199/7 51/266/7
f 78/209/13 42/211/13 77/267/13
f 42/212/13 76/214/13 77/268/13
f 76/215/13 40/217/13 75/269/13
f 5/218/14 54/220/14 65/270/14
f 65/221/15 53/223/15 66/271/15
f 53/224/15 67/226/15 66/272/15
f 67/227/15 51/229/15 68/273/15
f 23/58/7 49/274/7 44/59/7
f 44/275/7 49/276/7 48/277/7
f 44/275/7 48/277/7 43/278/7
f 8/67/7 40/69/7 45/279/7
f 41/70/7 45/72/7 40/280/7
f 42/61/7 46/63/7 41/281/7
f 43/64/7 47/66/7 42/282/7
f 74/27/4 23/29/4 16/283/4
f 73/170/15 49/172/15 74/284/15
f 28/115/15 59/117/15 29/285/15
f 29/39/4 12/41/4 20/286/4
f 51/200/7 29/202/7 50/287/7
f 50/21/7 20/23/7 19/288/7
f 69/10/4 19/12/4 18/289/4
f 68/230/15 50/232/15 69/290/15
f 64/24/8 18/26/8 17/291/8
f 68/185/8 64/187/8 63/292/8
f 64/73/12 22/75/12 34/293/12
f 63/76/13 34/78/13 33/294/13
f 34/30/7 21/32/7 84/295/7
f 33/155/7 84/157/7 83/296/7
f 21/118/12 39/120/12 84/297/12
f 84/121/13 38/123/13 83/298/13
f 14/203/12 44/205/12 79/299/12
f 79/206/13 43/208/13 78/300/13
f 15/88/8 14/301/8 79/89/8
f 39/91/8 79/302/8 78/92/8
f 12/133/8 59/136/8 74/134/8
f 59/136/8 58/139/8 73/137/8
usemtl Default_OBJ.004
f 96/303/2 89/304/2 97/305/2
f 98/306/2 96/303/2 97/305/2
f 97/305/2 95/307/2 118/308/2
f 95/307/2 97/305/2 115/309/2
f 95/307/2 94/310/2 119/311/2
f 132/312/7 89/313/7 96/314/7
f 134/315/16 137/316/16 95/317/16
f 132/318/16 167/319/16 90/320/16
f 90/321/8 167/322/8 134/323/8
f 94/324/7 95/325/7 137/326/7
f 97/327/17 118/328/17 138/329/17
f 96/330/17 98/331/17 136/332/17
f 98/333/8 97/334/8 133/335/8
f 99/336/2 102/337/2 101/338/2
f 103/339/15 99/340/15 100/341/15
f 105/342/5 104/343/5 103/344/5
f 101/345/13 102/346/13 104/347/13
f 100/348/7 101/349/7 105/350/7
f 93/351/2 107/352/2 106/353/2
f 92/354/13 106/355/13 108/356/13
f 91/357/5 108/358/5 110/359/5
f 93/360/15 109/361/15 110/362/15
f 112/363/2 111/364/2 123/365/2
f 122/366/15 111/367/15 112/368/15
f 122/369/8 114/370/8 123/371/8
f 129/372/17 131/373/17 116/374/17
f 139/375/16 119/376/16 94/377/16
f 117/378/8 119/379/8 139/380/8
f 116/381/7 131/382/7 138/383/7
f 91/384/7 109/385/7 93/386/7
f 120/387/5 114/388/5 122/389/5
f 113/390/13 123/391/13 114/392/13
f 121/393/7 112/394/7 113/395/7
f 115/309/2 89/304/2 90/396/2
f 115/309/2 97/305/2 89/304/2
f 118/308/3 95/307/3 119/311/3
f 129/397/13 130/398/13 141/399/13
f 139/400/15 140/401/15 200/402/15
f 139/403/8 142/404/8 130/405/8
f 145/406/15 143/407/15 137/408/15
f 167/409/8 148/410/8 145/411/8
f 140/412/7 137/413/7 143/414/7
f 138/415/13 144/416/13 146/417/13
f 135/418/13 136/419/13 125/420/13
f 136/421/8 133/422/8 146/423/8
f 138/424/7 131/425/7 141/426/7
f 149/427/2 152/428/2 151/429/2
f 153/430/15 149/431/15 150/432/15
f 156/433/5 155/434/5 153/435/5
f 151/436/13 152/437/13 155/438/13
f 150/439/7 151/440/7 156/441/7
f 157/442/2 168/443/2 159/444/2
f 157/445/13 158/446/13 161/447/13
f 162/448/5 160/449/5 161/450/5
f 162/451/15 163/452/15 159/453/15
f 166/454/2 164/455/2 127/456/2
f 165/457/15 170/458/15 164/459/15
f 164/460/8 170/461/8 128/462/8
f 147/463/7 132/464/7 135/465/7
f 147/466/15 148/467/15 167/468/15
f 160/469/7 162/470/7 168/471/7
f 128/472/5 170/473/5 165/474/5
f 127/475/13 128/476/13 169/477/13
f 165/478/7 166/479/7 171/480/7
f 181/481/13 85/482/13 141/483/13
f 203/484/15 142/485/15 200/486/15
f 147/487/7 126/488/7 182/489/7
f 130/490/8 142/491/8 203/492/8
f 201/493/15 143/494/15 145/495/15
f 184/496/15 148/497/15 147/498/15
f 148/499/8 184/500/8 87/501/8
f 143/502/7 201/503/7 88/504/7
f 146/505/13 144/506/13 202/507/13
f 126/508/13 125/509/13 86/510/13
f 146/511/8 183/512/8 86/513/8
f 144/514/7 141/515/7 85/516/7
f 185/517/2 187/518/2 186/519/2
f 189/520/15 188/521/15 185/522/15
f 191/523/5 190/524/5 188/525/5
f 186/526/13 187/527/13 190/528/13
f 199/529/7 186/530/7 191/531/7
f 179/532/2 173/533/2 193/534/2
f 180/535/13 179/536/13 192/537/13
f 172/538/5 180/539/5 194/540/5
f 173/541/15 172/542/15 195/543/15
f 178/544/2 196/545/2 197/546/2
f 174/547/15 196/548/15 178/549/15
f 196/550/8 174/551/8 175/552/8
f 172/553/7 173/554/7 179/555/7
f 198/556/5 175/557/5 174/558/5
f 177/559/13 197/560/13 175/561/13
f 176/562/7 178/563/7 177/564/7
f 229/565/5 228/566/5 232/567/5
f 231/568/10 228/566/10 230/569/10
f 254/570/5 253/571/5 233/572/5
f 235/573/18 234/574/5 232/567/5
f 237/575/2 236/576/2 239/577/2
f 241/578/15 240/579/15 236/580/15
f 242/581/5 240/582/5 241/583/5
f 238/584/13 239/585/13 242/586/13
f 237/587/7 238/588/7 243/589/7
f 245/590/2 244/591/2 247/592/2
f 251/593/13 245/594/13 246/595/13
f 249/596/5 251/597/5 248/598/5
f 244/599/15 249/600/15 250/601/15
f 249/602/7 244/603/7 245/604/7
f 256/605/2 255/606/2 258/607/2
f 260/608/15 259/609/15 255/610/15
f 261/611/5 259/612/5 260/613/5
f 258/614/13 261/615/13 262/616/13
f 256/617/7 257/618/7 262/619/7
f 255/620/8 259/621/8 261/622/8
f 274/623/2 263/624/2 265/625/2
f 275/626/15 266/627/15 263/628/15
f 268/629/5 267/630/5 266/631/5
f 264/632/13 265/633/13 267/634/13
f 275/635/7 274/636/7 264/637/7
f 277/638/2 278/639/2 270/640/2
f 276/641/13 277/642/13 269/643/13
f 272/644/5 276/645/5 271/646/5
f 272/647/15 273/648/15 270/649/15
f 276/650/7 272/651/7 278/652/7
f 280/653/2 279/654/2 282/655/2
f 284/656/15 283/657/15 279/658/15
f 286/659/5 285/660/5 283/661/5
f 281/662/13 282/663/13 285/664/13
f 284/665/7 280/666/7 281/667/7
f 283/668/8 285/669/8 282/670/8
f 209/671/19 253/672/6 254/673/6
f 235/674/14 205/675/14 206/676/14
f 252/677/7 207/678/7 208/679/7
f 205/680/20 235/681/8 253/682/8
f 232/683/14 212/684/14 210/685/14
f 227/686/14 211/687/14 207/688/14
f 210/689/8 211/690/8 227/691/8
f 206/692/7 212/693/7 232/694/7
f 214/695/6 233/696/6 228/697/6
f 208/698/6 215/699/6 231/700/6
f 215/701/8 213/702/8 228/703/8
f 214/704/7 216/705/7 254/706/7
f 309/707/2 287/708/2 289/709/2
f 310/710/15 290/711/15 287/712/15
f 291/713/5 290/714/5 310/715/5
f 288/716/13 289/717/13 291/718/13
f 309/719/7 288/720/7 292/721/7
f 293/722/2 307/723/2 295/724/2
f 305/725/13 293/726/13 294/727/13
f 297/728/5 305/729/5 296/730/5
f 307/731/15 297/732/15 298/733/15
f 304/734/2 299/735/2 306/736/2
f 302/737/15 301/738/15 299/739/15
f 299/740/8 301/741/8 303/742/8
f 297/743/7 307/744/7 293/745/7
f 308/746/5 303/747/5 301/748/5
f 300/749/13 306/750/13 303/751/13
f 304/752/7 300/753/7 308/754/7
f 218/755/21 315/756/21 318/757/21
f 320/758/22 319/759/22 317/760/22
f 321/761/22 317/760/22 319/759/22
f 324/762/22 323/763/22 326/764/22
f 327/765/22 326/764/22 323/763/22
f 319/759/22 320/758/22 323/763/22
f 321/766/23 322/767/23 316/768/23
f 326/769/7 327/770/7 217/771/7
f 218/772/8 317/773/8 321/774/8
f 324/775/23 313/776/23 220/777/23
f 326/778/23 312/779/23 219/780/23
f 313/781/8 324/782/8 325/783/8
f 316/784/7 322/785/7 319/786/7
f 311/787/21 323/788/21 320/789/21
f 217/790/21 327/791/21 328/792/21
f 222/793/8 328/794/8 323/795/8
f 221/796/7 320/797/7 318/798/7
f 223/799/23 337/800/23 338/801/23
f 339/802/22 341/803/22 340/804/22
f 342/805/22 338/806/22 337/807/22
f 344/808/22 343/809/22 346/810/22
f 347/811/22 344/808/22 345/812/22
f 345/812/22 346/810/22 342/805/22
f 335/813/21 336/814/21 341/815/21
f 347/816/7 329/817/7 332/818/7
f 223/819/8 335/820/8 339/821/8
f 345/822/21 340/823/21 334/824/21
f 347/825/21 348/826/21 224/827/21
f 331/828/8 224/829/8 348/830/8
f 336/831/7 334/832/7 340/833/7
f 330/834/23 225/835/23 342/836/23
f 332/837/23 226/838/23 343/839/23
f 226/840/8 330/841/8 346/842/8
f 225/843/7 333/844/7 338/845/7
f 350/846/24 349/847/24 352/848/24
f 354/849/21 353/850/21 349/851/21
f 356/852/22 355/853/22 353/854/22
f 351/855/23 352/856/23 355/857/23
f 354/858/7 350/859/7 351/860/7
f 358/861/24 357/862/24 360/863/24
f 361/864/23 358/865/23 359/866/23
f 363/867/22 361/868/22 362/869/22
f 357/870/21 363/871/21 364/872/21
f 361/873/7 363/874/7 357/875/7
f 366/876/24 365/877/24 368/878/24
f 369/879/21 365/880/21 366/881/21
f 372/882/22 371/883/22 369/884/22
f 367/885/23 368/886/23 371/887/23
f 370/888/7 366/889/7 367/890/7
f 374/891/24 373/892/24 376/893/24
f 374/894/23 375/895/23 378/896/23
f 379/897/22 377/898/22 378/899/22
f 373/900/21 379/901/21 380/902/21
f 377/903/7 379/904/7 373/905/7
f 382/906/24 381/907/24 384/908/24
f 385/909/21 381/910/21 382/911/21
f 388/912/22 387/913/22 385/914/22
f 383/915/23 384/916/23 387/917/23
f 386/918/7 382/919/7 383/920/7
f 390/921/24 389/922/24 392/923/24
f 393/924/21 389/925/21 390/926/21
f 396/927/22 395/928/22 393/929/22
f 391/930/23 392/931/23 395/932/23
f 394/933/7 390/934/7 391/935/7
f 381/936/8 385/937/8 387/938/8
f 389/939/8 393/940/8 395/941/8
f 119/311/2 117/942/2 118/308/2
f 117/942/2 116/943/2 118/308/2
f 228/566/5 229/565/5 230/569/5
f 230/569/5 229/565/5 252/944/5
f 229/565/9 227/945/9 252/944/9
f 228/566/5 233/572/5 232/567/5
f 233/572/5 253/571/5 232/567/5
f 235/573/25 232/567/26 253/571/26
f 132/312/7 96/314/7 135/946/7
f 134/315/16 95/317/16 115/947/16
f 132/318/16 90/320/16 89/948/16
f 90/321/8 134/323/8 115/949/8
f 94/324/7 137/326/7 140/950/7
f 97/327/17 138/329/17 133/951/17
f 96/330/17 136/332/17 135/952/17
f 98/333/8 133/335/8 136/953/8
f 99/336/2 101/338/2 100/954/2
f 103/339/15 100/341/15 124/955/15
f 105/342/5 103/344/5 124/956/5
f 101/345/13 104/347/13 105/957/13
f 100/348/7 105/350/7 124/958/7
f 93/351/2 106/353/2 92/959/2
f 92/354/13 108/356/13 91/960/13
f 91/357/5 110/359/5 109/961/5
f 93/360/15 110/362/15 107/962/15
f 112/363/2 123/365/2 113/963/2
f 122/366/15 112/368/15 121/964/15
f 122/369/8 123/371/8 111/965/8
f 129/372/17 116/374/17 117/966/17
f 139/375/16 94/377/16 140/967/16
f 117/378/8 139/380/8 129/968/8
f 116/381/7 138/383/7 118/969/7
f 91/384/7 93/386/7 92/970/7
f 120/387/5 122/389/5 121/971/5
f 113/390/13 114/392/13 120/972/13
f 121/393/7 113/395/7 120/973/7
f 129/397/13 141/399/13 131/974/13
f 139/400/15 200/402/15 142/975/15
f 139/403/8 130/405/8 129/976/8
f 145/406/15 137/408/15 134/977/15
f 167/409/8 145/411/8 134/978/8
f 140/412/7 143/414/7 200/979/7
f 138/415/13 146/417/13 133/980/13
f 135/418/13 125/420/13 126/981/13
f 136/421/8 146/423/8 125/982/8
f 138/424/7 141/426/7 144/983/7
f 149/427/2 151/429/2 150/984/2
f 153/430/15 150/432/15 154/985/15
f 156/433/5 153/435/5 154/986/5
f 151/436/13 155/438/13 156/987/13
f 150/439/7 156/441/7 154/988/7
f 157/442/2 159/444/2 158/989/2
f 157/445/13 161/447/13 160/990/13
f 162/448/5 161/450/5 163/991/5
f 162/451/15 159/453/15 168/992/15
f 166/454/2 127/456/2 171/993/2
f 165/457/15 164/459/15 166/994/15
f 164/460/8 128/462/8 127/995/8
f 147/463/7 135/465/7 126/996/7
f 147/466/15 167/468/15 132/997/15
f 160/469/7 168/471/7 157/998/7
f 128/472/5 165/474/5 169/999/5
f 127/475/13 169/477/13 171/1000/13
f 165/478/7 171/480/7 169/1001/7
f 181/481/13 141/483/13 130/1002/13
f 203/484/15 200/486/15 88/1003/15
f 147/487/7 182/489/7 204/1004/7
f 130/490/8 203/492/8 181/1005/8
f 201/493/15 145/495/15 87/1006/15
f 184/496/15 147/498/15 204/1007/15
f 148/499/8 87/501/8 145/1008/8
f 143/502/7 88/504/7 200/1009/7
f 146/505/13 202/507/13 183/1010/13
f 126/508/13 86/510/13 182/1011/13
f 146/511/8 86/513/8 125/1012/8
f 144/514/7 85/516/7 202/1013/7
f 185/517/2 186/519/2 199/1014/2
f 189/520/15 185/522/15 199/1015/15
f 191/523/5 188/525/5 189/1016/5
f 186/526/13 190/528/13 191/1017/13
f 199/529/7 191/531/7 189/1018/7
f 179/532/2 193/534/2 192/1019/2
f 180/535/13 192/537/13 194/1020/13
f 172/538/5 194/540/5 195/1021/5
f 173/541/15 195/543/15 193/1022/15
f 178/544/2 197/546/2 177/1023/2
f 174/547/15 178/549/15 176/1024/15
f 196/550/8 175/552/8 197/1025/8
f 172/553/7 179/555/7 180/1026/7
f 198/556/5 174/558/5 176/1027/5
f 177/559/13 175/561/13 198/1028/13
f 176/562/7 177/564/7 198/1029/7
f 237/575/2 239/577/2 238/1030/2
f 241/578/15 236/580/15 237/1031/15
f 242/581/5 241/583/5 243/1032/5
f 238/584/13 242/586/13 243/1033/13
f 237/587/7 243/589/7 241/1034/7
f 245/590/2 247/592/2 246/1035/2
f 251/593/13 246/595/13 248/1036/13
f 249/596/5 248/598/5 250/1037/5
f 244/599/15 250/601/15 247/1038/15
f 249/602/7 245/604/7 251/1039/7
f 256/605/2 258/607/2 257/1040/2
f 260/608/15 255/610/15 256/1041/15
f 261/611/5 260/613/5 262/1042/5
f 258/614/13 262/616/13 257/1043/13
f 256/617/7 262/619/7 260/1044/7
f 255/620/8 261/622/8 258/1045/8
f 274/623/2 265/625/2 264/1046/2
f 275/626/15 263/628/15 274/1047/15
f 268/629/5 266/631/5 275/1048/5
f 264/632/13 267/634/13 268/1049/13
f 275/635/7 264/637/7 268/1050/7
f 277/638/2 270/640/2 269/1051/2
f 276/641/13 269/643/13 271/1052/13
f 272/644/5 271/646/5 273/1053/5
f 272/647/15 270/649/15 278/1054/15
f 276/650/7 278/652/7 277/1055/7
f 280/653/2 282/655/2 281/1056/2
f 284/656/15 279/658/15 280/1057/15
f 286/659/5 283/661/5 284/1058/5
f 281/662/13 285/664/13 286/1059/13
f 284/665/7 281/667/7 286/1060/7
f 283/668/8 282/670/8 279/1061/8
f 209/671/19 254/673/6 216/1062/27
f 235/674/14 206/676/14 234/1063/14
f 252/677/7 208/679/7 230/1064/7
f 205/680/28 253/682/8 209/1065/29
f 232/683/14 210/685/14 229/1066/14
f 227/686/14 207/688/14 252/1067/14
f 210/689/8 227/691/8 229/1068/8
f 206/692/7 232/694/7 234/1069/7
f 214/695/6 228/697/6 213/1070/6
f 208/698/6 231/700/6 230/1071/6
f 215/701/8 228/703/8 231/1072/8
f 214/704/7 254/706/7 233/1073/7
f 309/707/2 289/709/2 288/1074/2
f 310/710/15 287/712/15 309/1075/15
f 291/713/5 310/715/5 292/1076/5
f 288/716/13 291/718/13 292/1077/13
f 309/719/7 292/721/7 310/1078/7
f 293/722/2 295/724/2 294/1079/2
f 305/725/13 294/727/13 296/1080/13
f 297/728/5 296/730/5 298/1081/5
f 307/731/15 298/733/15 295/1082/15
f 304/734/2 306/736/2 300/1083/2
f 302/737/15 299/739/15 304/1084/15
f 299/740/8 303/742/8 306/1085/8
f 297/743/7 293/745/7 305/1086/7
f 308/746/5 301/748/5 302/1087/5
f 300/749/13 303/751/13 308/1088/13
f 304/752/7 308/754/7 302/1089/7
f 218/755/21 318/757/21 317/1090/21
f 320/758/22 317/760/22 318/1091/22
f 321/761/22 319/759/22 322/1092/22
f 324/762/22 326/764/22 325/1093/22
f 327/765/22 323/763/22 328/1094/22
f 319/759/22 323/763/22 324/762/22
f 321/766/23 316/768/23 314/1095/23
f 326/769/7 217/771/7 312/1096/7
f 218/772/8 321/774/8 314/1097/8
f 324/775/23 220/777/23 319/1098/23
f 326/778/23 219/780/23 325/1099/23
f 313/781/8 325/783/8 219/1100/8
f 316/784/7 319/786/7 220/1101/7
f 311/787/21 320/789/21 221/1102/21
f 217/790/21 328/792/21 222/1103/21
f 222/793/8 323/795/8 311/1104/8
f 221/796/7 318/798/7 315/1105/7
f 223/799/23 338/801/23 333/1106/23
f 339/802/22 340/804/22 337/807/22
f 342/805/22 337/807/22 340/804/22
f 344/808/22 346/810/22 345/812/22
f 347/811/22 345/812/22 348/1107/22
f 345/812/22 342/805/22 340/804/22
f 335/813/21 341/815/21 339/1108/21
f 347/816/7 332/818/7 344/1109/7
f 223/819/8 339/821/8 337/1110/8
f 345/822/21 334/824/21 331/1111/21
f 347/825/21 224/827/21 329/1112/21
f 331/828/8 348/830/8 345/1113/8
f 336/831/7 340/833/7 341/1114/7
f 330/834/23 342/836/23 346/1115/23
f 332/837/23 343/839/23 344/1116/23
f 226/840/8 346/842/8 343/1117/8
f 225/843/7 338/845/7 342/1118/7
f 350/846/24 352/848/24 351/1119/24
f 354/849/21 349/851/21 350/1120/21
f 356/852/22 353/854/22 354/1121/22
f 351/855/23 355/857/23 356/1122/23
f 354/858/7 351/860/7 356/1123/7
f 358/861/24 360/863/24 359/1124/24
f 361/864/23 359/866/23 362/1125/23
f 363/867/22 362/869/22 364/1126/22
f 357/870/21 364/872/21 360/1127/21
f 361/873/7 357/875/7 358/1128/7
f 366/876/24 368/878/24 367/1129/24
f 369/879/21 366/881/21 370/1130/21
f 372/882/22 369/884/22 370/1131/22
f 367/885/23 371/887/23 372/1132/23
f 370/888/7 367/890/7 372/1133/7
f 374/891/24 376/893/24 375/1134/24
f 374/894/23 378/896/23 377/1135/23
f 379/897/22 378/899/22 380/1136/22
f 373/900/21 380/902/21 376/1137/21
f 377/903/7 373/905/7 374/1138/7
f 382/906/24 384/908/24 383/1139/24
f 385/909/21 382/911/21 386/1140/21
f 388/912/22 385/914/22 386/1141/22
f 383/915/23 387/917/23 388/1142/23
f 386/918/7 383/920/7 388/1143/7
f 390/921/24 392/923/24 391/1144/24
f 393/924/21 390/926/21 394/1145/21
f 396/927/22 393/929/22 394/1146/22
f 391/930/23 395/932/23 396/1147/23
f 394/933/7 391/935/7 396/1148/7
f 381/936/8 387/938/8 384/1149/8
f 389/939/8 395/941/8 392/1150/8
s 1
f 85/482/13 398/1151/13 397/1152/13
f 400/1153/15 87/1006/15 399/1154/15
f 402/1155/15 204/1007/15 401/1156/15
f 406/1157/5 404/1158/5 403/1159/5
f 407/1160/13 404/1161/13 408/1162/13
f 407/1163/2 410/1164/2 409/1165/2
f 409/1166/15 405/1167/15 406/1168/15
f 405/1169/7 408/1170/7 404/1171/7
f 414/1172/5 412/1173/5 411/1174/5
f 415/1175/13 412/1176/13 416/1177/13
f 415/1178/2 418/1179/2 417/1180/2
f 417/1181/15 413/1182/15 414/1183/15
f 413/1184/7 416/1185/7 412/1186/7
f 422/1187/5 420/1188/5 419/1189/5
f 419/1190/13 424/1191/13 423/1192/13
f 423/1193/2 426/1194/2 425/1195/2
f 425/1196/15 421/1197/15 422/1198/15
f 421/1199/7 424/1200/7 420/1201/7
f 430/1202/5 428/1203/5 427/1204/5
f 431/1205/13 428/1206/13 432/1207/13
f 431/1208/2 434/1209/2 433/1210/2
f 433/1211/15 429/1212/15 430/1213/15
f 429/1214/7 432/1215/7 428/1216/7
f 438/1217/5 436/1218/5 435/1219/5
f 439/1220/13 436/1221/13 440/1222/13
f 439/1223/2 442/1224/2 441/1225/2
f 441/1226/15 437/1227/15 438/1228/15
f 436/1229/7 442/1230/7 440/1231/7
f 446/1232/5 444/1233/5 443/1234/5
f 443/1235/13 448/1236/13 447/1237/13
f 447/1238/2 450/1239/2 449/1240/2
f 446/1241/15 450/1242/15 445/1243/15
f 445/1244/7 448/1245/7 444/1246/7
f 454/1247/5 452/1248/5 451/1249/5
f 455/1250/13 452/1251/13 456/1252/13
f 455/1253/2 458/1254/2 457/1255/2
f 454/1256/15 458/1257/15 453/1258/15
f 453/1259/7 456/1260/7 452/1261/7
f 433/1262/8 427/1263/8 431/1264/8
f 439/1265/8 438/1266/8 435/1267/8
f 449/1268/8 443/1269/8 447/1270/8
f 457/1271/8 451/1272/8 455/1273/8
f 462/1274/5 460/1275/5 459/1276/5
f 463/1277/13 460/1278/13 464/1279/13
f 463/1280/2 466/1281/2 465/1282/2
f 465/1283/15 461/1284/15 462/1285/15
f 460/1286/7 466/1287/7 464/1288/7
f 470/1289/5 468/1290/5 467/1291/5
f 467/1292/13 472/1293/13 471/1294/13
f 471/1295/2 474/1296/2 473/1297/2
f 473/1298/15 469/1299/15 470/1300/15
f 469/1301/7 472/1302/7 468/1303/7
f 478/1304/5 476/1305/5 475/1306/5
f 475/1307/13 480/1308/13 479/1309/13
f 479/1310/2 482/1311/2 481/1312/2
f 481/1313/15 477/1314/15 478/1315/15
f 477/1316/7 480/1317/7 476/1318/7
f 486/1319/5 484/1320/5 483/1321/5
f 485/1322/15 487/1323/15 484/1324/15
f 488/1325/2 489/1326/2 487/1327/2
f 490/1328/13 483/1329/13 489/1330/13
f 483/1331/7 487/1332/7 489/1333/7
f 494/1334/5 492/1335/5 491/1336/5
f 491/1337/13 496/1338/13 495/1339/13
f 495/1340/2 498/1341/2 497/1342/2
f 497/1343/15 493/1344/15 494/1345/15
f 493/1346/7 496/1347/7 492/1348/7
f 502/1349/5 500/1350/5 499/1351/5
f 499/1352/13 504/1353/13 503/1354/13
f 503/1355/2 506/1356/2 505/1357/2
f 505/1358/15 501/1359/15 502/1360/15
f 501/1361/7 504/1362/7 500/1363/7
f 510/1364/5 508/1365/5 507/1366/5
f 511/1367/13 508/1368/13 512/1369/13
f 511/1370/2 514/1371/2 513/1372/2
f 513/1373/15 509/1374/15 510/1375/15
f 508/1376/7 514/1377/7 512/1378/7
f 518/1379/5 516/1380/5 515/1381/5
f 519/1382/13 516/1383/13 520/1384/13
f 519/1385/2 522/1386/2 521/1387/2
f 521/1388/15 517/1389/15 518/1390/15
f 516/1391/7 522/1392/7 520/1393/7
f 526/1394/5 524/1395/5 523/1396/5
f 527/1397/13 524/1398/13 528/1399/13
f 527/1400/2 530/1401/2 529/1402/2
f 529/1403/15 525/1404/15 526/1405/15
f 525/1406/7 528/1407/7 524/1408/7
f 505/1409/8 499/1410/8 503/1411/8
f 511/1412/8 510/1413/8 507/1414/8
f 521/1415/8 515/1416/8 519/1417/8
f 529/1418/8 523/1419/8 527/1420/8
f 534/1421/5 532/1422/5 531/1423/5
f 535/1424/13 532/1425/13 536/1426/13
f 535/1427/2 538/1428/2 537/1429/2
f 537/1430/15 533/1431/15 534/1432/15
f 532/1433/7 538/1434/7 536/1435/7
f 542/1436/5 540/1437/5 539/1438/5
f 540/1439/15 544/1440/15 543/1441/15
f 544/1442/2 545/1443/2 543/1444/2
f 546/1445/13 539/1446/13 545/1447/13
f 545/1448/7 540/1449/7 543/1450/7
f 550/1451/5 548/1452/5 547/1453/5
f 551/1454/13 548/1455/13 552/1456/13
f 551/1457/2 554/1458/2 553/1459/2
f 553/1460/15 549/1461/15 550/1462/15
f 549/1463/7 552/1464/7 548/1465/7
f 558/1466/5 556/1467/5 555/1468/5
f 556/1469/15 560/1470/15 559/1471/15
f 560/1472/2 561/1473/2 559/1474/2
f 562/1475/13 555/1476/13 561/1477/13
f 555/1478/7 559/1479/7 561/1480/7
f 566/1481/5 564/1482/5 563/1483/5
f 567/1484/13 564/1485/13 568/1486/13
f 567/1487/2 570/1488/2 569/1489/2
f 569/1490/15 565/1491/15 566/1492/15
f 565/1493/7 568/1494/7 564/1495/7
f 574/1496/5 572/1497/5 571/1498/5
f 572/1499/15 576/1500/15 575/1501/15
f 576/1502/2 577/1503/2 575/1504/2
f 577/1505/13 574/1506/13 571/1507/13
f 571/1508/7 575/1509/7 577/1510/7
f 582/1511/5 580/1512/5 579/1513/5
f 583/1514/13 580/1515/13 584/1516/13
f 583/1517/2 586/1518/2 585/1519/2
f 585/1520/15 581/1521/15 582/1522/15
f 581/1523/7 584/1524/7 580/1525/7
f 590/1526/5 588/1527/5 587/1528/5
f 589/1529/15 591/1530/15 588/1531/15
f 592/1532/2 593/1533/2 591/1534/2
f 594/1535/13 587/1536/13 593/1537/13
f 587/1538/7 591/1539/7 593/1540/7
f 598/1541/5 596/1542/5 595/1543/5
f 599/1544/13 596/1545/13 600/1546/13
f 599/1547/2 602/1548/2 601/1549/2
f 601/1550/15 597/1551/15 598/1552/15
f 597/1553/7 600/1554/7 596/1555/7
f 606/1556/5 604/1557/5 603/1558/5
f 607/1559/13 604/1560/13 608/1561/13
f 607/1562/2 610/1563/2 609/1564/2
f 609/1565/15 605/1566/15 606/1567/15
f 605/1568/7 608/1569/7 604/1570/7
f 614/1571/5 612/1572/5 611/1573/5
f 615/1574/13 612/1575/13 616/1576/13
f 615/1577/2 618/1578/2 617/1579/2
f 617/1580/15 613/1581/15 614/1582/15
f 612/1583/7 618/1584/7 616/1585/7
f 622/1586/5 620/1587/5 619/1588/5
f 623/1589/13 620/1590/13 624/1591/13
f 623/1592/2 626/1593/2 625/1594/2
f 625/1595/15 621/1596/15 622/1597/15
f 620/1598/7 626/1599/7 624/1600/7
f 601/1601/8 595/1602/8 599/1603/8
f 607/1604/8 606/1605/8 603/1606/8
f 615/1607/8 614/1608/8 611/1609/8
f 625/1610/8 619/1611/8 623/1612/8
f 206/676/30 628/1613/31 627/1614/32
f 629/1615/7 207/678/7 630/1616/7
f 631/1617/8 205/680/8 209/1065/8
f 632/1618/8 211/690/8 210/689/8
f 634/1619/7 206/692/7 627/1620/7
f 635/1621/33 214/695/33 213/1070/33
f 637/1622/34 208/698/35 629/1623/36
f 637/1624/8 213/702/8 215/701/8
f 638/1625/7 214/704/7 636/1626/7
f 642/1627/37 640/1628/37 639/1629/37
f 639/1630/38 644/1631/38 643/1632/38
f 643/1633/39 646/1634/39 645/1635/39
f 645/1636/40 641/1637/40 642/1638/40
f 640/1639/7 646/1640/7 644/1641/7
f 650/1642/37 648/1643/37 647/1644/37
f 648/1645/41 652/1646/41 651/1647/41
f 652/1648/39 653/1649/39 651/1650/39
f 654/1651/42 647/1652/42 653/1653/42
f 647/1654/7 651/1655/7 653/1656/7
f 207/688/30 633/1657/43 630/1658/43
f 212/684/30 632/1659/30 210/685/30
f 638/1660/33 209/671/33 216/1062/33
f 627/1661/44 656/1662/45 655/1663/46
f 657/1664/7 630/1665/7 658/1666/7
f 656/1667/8 631/1668/8 659/1669/8
f 661/1670/8 632/1671/8 660/1672/8
f 662/1673/7 627/1674/7 655/1675/7
f 664/1676/47 635/1677/47 663/1678/47
f 665/1679/48 629/1680/49 657/1681/50
f 663/1682/8 637/1683/8 665/1684/8
f 664/1685/7 638/1686/7 636/1687/7
f 630/1688/51 661/1689/52 658/1690/53
f 634/1691/54 660/1692/54 632/1693/54
f 666/1694/50 631/1695/50 638/1696/50
f 655/1697/55 668/1698/56 667/1699/57
f 669/1700/7 658/1701/7 670/1702/7
f 668/1703/8 659/1704/8 671/1705/8
f 673/1706/8 660/1707/8 672/1708/8
f 674/1709/7 655/1710/7 667/1711/7
f 676/1712/58 663/1713/58 675/1714/58
f 677/1715/58 657/1716/58 669/1717/58
f 675/1718/8 665/1719/8 677/1720/8
f 676/1721/7 666/1722/7 664/1723/7
f 682/1724/59 680/1725/59 679/1726/59
f 681/1727/60 683/1728/60 680/1729/60
f 684/1730/61 685/1731/61 683/1732/61
f 686/1733/62 679/1734/62 685/1735/62
f 685/1736/7 680/1737/7 683/1738/7
f 690/1739/63 688/1740/63 687/1741/63
f 691/1742/64 688/1743/64 692/1744/64
f 691/1745/65 694/1746/65 693/1747/65
f 693/1748/66 689/1749/66 690/1750/66
f 688/1751/7 694/1752/7 692/1753/7
f 693/1754/8 687/1755/8 691/1756/8
f 658/1757/67 673/1758/68 670/1759/55
f 662/1760/69 672/1761/69 660/1762/69
f 678/1763/70 659/1764/70 666/1765/70
f 667/1766/71 696/1767/72 695/1768/73
f 697/1769/7 670/1770/7 698/1771/7
f 696/1772/8 671/1773/8 699/1774/8
f 701/1775/8 672/1776/8 700/1777/8
f 702/1778/7 667/1779/7 695/1780/7
f 704/1781/74 675/1782/74 703/1783/74
f 697/1784/74 677/1785/74 669/1786/74
f 703/1787/8 677/1788/8 705/1789/8
f 704/1790/7 678/1791/7 676/1792/7
f 710/1793/75 708/1794/75 707/1795/75
f 709/1796/76 711/1797/76 708/1798/76
f 712/1799/77 713/1800/77 711/1801/77
f 714/1802/78 707/1803/78 713/1804/78
f 713/1805/7 708/1806/7 711/1807/7
f 718/1808/79 716/1809/79 715/1810/79
f 719/1811/80 716/1812/80 720/1813/80
f 719/1814/81 722/1815/81 721/1816/81
f 718/1817/82 722/1818/82 717/1819/82
f 716/1820/7 722/1821/7 720/1822/7
f 721/1823/8 715/1824/8 719/1825/8
f 670/1826/71 701/1827/72 698/1828/83
f 674/1829/84 700/1830/84 672/1831/84
f 706/1832/85 671/1833/85 678/1834/85
f 695/1835/86 724/1836/87 723/1837/88
f 725/1838/7 698/1839/7 726/1840/7
f 724/1841/8 699/1842/8 727/1843/8
f 729/1844/8 700/1845/8 728/1846/8
f 730/1847/7 695/1848/7 723/1849/7
f 732/1850/89 703/1851/89 731/1852/89
f 733/1853/89 697/1854/89 725/1855/89
f 731/1856/8 705/1857/8 733/1858/8
f 732/1859/7 706/1860/7 704/1861/7
f 735/1862/90 737/1863/90 736/1864/90
f 736/1865/91 740/1866/91 739/1867/91
f 740/1868/92 741/1869/92 739/1870/92
f 742/1871/93 735/1872/93 741/1873/94
f 735/1874/7 739/1875/7 741/1876/7
f 746/1877/95 744/1878/95 743/1879/95
f 743/1880/96 748/1881/96 747/1882/96
f 747/1883/97 750/1884/97 749/1885/97
f 749/1886/98 745/1887/98 746/1888/98
f 745/1889/7 748/1890/7 744/1891/7
f 747/1892/8 746/1893/8 743/1894/8
f 698/1895/86 729/1896/87 726/1897/99
f 700/1898/100 730/1899/100 728/1900/100
f 734/1901/89 699/1902/89 706/1903/89
f 723/1904/101 752/1905/101 751/1906/101
f 753/1907/7 726/1908/7 754/1909/7
f 752/1910/8 727/1911/8 755/1912/8
f 757/1913/8 728/1914/8 756/1915/8
f 758/1916/7 723/1917/7 751/1918/7
f 760/1919/102 731/1920/102 759/1921/102
f 761/1922/103 725/1923/103 753/1924/103
f 759/1925/8 733/1926/8 761/1927/8
f 760/1928/7 734/1929/7 732/1930/7
f 766/1931/104 764/1932/104 763/1933/104
f 765/1934/105 767/1935/105 764/1936/105
f 768/1937/106 769/1938/106 767/1939/106
f 770/1940/107 763/1941/107 769/1942/107
f 763/1943/7 767/1944/7 769/1945/7
f 774/1946/108 772/1947/108 771/1948/108
f 771/1949/109 776/1950/109 775/1951/109
f 775/1952/110 778/1953/110 777/1954/110
f 777/1955/111 773/1956/111 774/1957/111
f 773/1958/7 776/1959/7 772/1960/7
f 775/1961/8 774/1962/8 771/1963/8
f 726/1964/112 757/1965/113 754/1966/114
f 728/1967/115 758/1968/115 756/1969/115
f 762/1970/103 727/1971/103 734/1972/103
f 751/1973/116 780/1974/117 779/1975/118
f 781/1976/7 754/1977/7 782/1978/7
f 780/1979/8 755/1980/8 783/1981/8
f 785/1982/8 756/1983/8 784/1984/8
f 786/1985/7 751/1986/7 779/1987/7
f 788/1988/119 759/1989/119 787/1990/119
f 789/1991/119 753/1992/119 781/1993/119
f 787/1994/8 761/1995/8 789/1996/8
f 788/1997/7 762/1998/7 760/1999/7
f 791/2000/120 793/2001/120 792/2002/120
f 791/2003/121 796/2004/121 795/2005/121
f 795/2006/122 798/2007/122 797/2008/122
f 797/2009/123 793/2010/123 794/2011/123
f 793/2012/7 796/2013/7 792/2014/7
f 802/2015/124 800/2016/124 799/2017/124
f 801/2018/125 803/2019/125 800/2020/125
f 804/2021/126 805/2022/126 803/2023/126
f 806/2024/127 799/2025/127 805/2026/127
f 805/2027/7 800/2028/7 803/2029/7
f 810/2030/128 808/2031/128 807/2032/128
f 811/2033/129 808/2034/129 812/2035/129
f 811/2036/130 814/2037/130 813/2038/130
f 813/2039/131 809/2040/131 810/2041/131
f 808/2042/7 814/2043/7 812/2044/7
f 813/2045/8 807/2046/8 811/2047/8
f 754/2048/116 785/2049/132 782/2050/133
f 758/2051/123 784/2052/123 756/2053/123
f 790/2054/119 755/2055/119 762/2056/119
f 779/2057/134 816/2058/135 815/2059/135
f 817/2060/7 782/2061/7 818/2062/7
f 816/2063/8 783/2064/8 819/2065/8
f 821/2066/8 784/2067/8 820/2068/8
f 822/2069/7 779/2070/7 815/2071/7
f 824/2072/136 787/2073/136 823/2074/136
f 825/2075/136 781/2076/136 817/2077/136
f 823/2078/8 789/2079/8 825/2080/8
f 824/2081/7 790/2082/7 788/2083/7
f 830/2084/137 828/2085/137 827/2086/138
f 831/2087/139 828/2088/139 832/2089/139
f 831/2090/140 834/2091/140 833/2092/140
f 833/2093/141 829/2094/141 830/2095/141
f 829/2096/7 832/2097/7 828/2098/7
f 838/2099/137 836/2100/137 835/2101/137
f 837/2102/142 839/2103/142 836/2104/142
f 840/2105/140 841/2106/140 839/2107/140
f 842/2108/143 835/2109/143 841/2110/143
f 841/2111/7 836/2112/7 839/2113/7
f 846/2114/144 844/2115/144 843/2116/144
f 847/2117/145 844/2118/145 848/2119/145
f 847/2120/146 850/2121/146 849/2122/146
f 849/2123/147 845/2124/147 846/2125/147
f 844/2126/7 850/2127/7 848/2128/7
f 849/2129/8 843/2130/8 847/2131/8
f 782/2132/148 821/2133/149 818/2134/150
f 784/2135/151 822/2136/151 820/2137/151
f 826/2138/152 783/2139/152 790/2140/152
f 815/2141/153 852/2142/154 851/2143/154
f 853/2144/7 818/2145/7 854/2146/7
f 852/2147/8 819/2148/8 855/2149/8
f 857/2150/8 820/2151/8 856/2152/8
f 858/2153/7 815/2154/7 851/2155/7
f 860/2156/155 823/2157/155 859/2158/155
f 861/2159/156 817/2160/156 853/2161/156
f 859/2162/8 825/2163/8 861/2164/8
f 860/2165/7 826/2166/7 824/2167/7
f 863/2168/5 865/2169/5 864/2170/5
f 866/2171/5 868/2172/5 867/2173/5
f 869/2174/5 871/2175/5 870/2176/5
f 870/2176/5 873/2177/5 869/2174/5
f 865/2169/5 869/2174/5 873/2177/5
f 878/2178/157 876/2179/157 875/2180/157
f 876/2181/158 880/2182/158 879/2183/158
f 879/2184/159 882/2185/159 881/2186/159
f 882/2187/160 875/2188/160 881/2189/161
f 875/2190/7 879/2191/7 881/2192/7
f 886/2193/162 884/2194/162 883/2195/162
f 883/2196/163 888/2197/163 887/2198/163
f 887/2199/164 890/2200/164 889/2201/164
f 889/2202/165 885/2203/165 886/2204/165
f 884/2205/7 890/2206/7 888/2207/7
f 889/2208/8 883/2209/8 887/2210/8
f 818/2211/166 857/2212/167 854/2213/154
f 822/2214/168 856/2215/168 820/2216/168
f 862/2217/156 819/2218/156 826/2219/156
f 851/2220/169 892/2221/170 891/2222/171
f 893/2223/7 854/2224/7 894/2225/7
f 892/2226/8 855/2227/8 895/2228/8
f 897/2229/8 856/2230/8 896/2231/8
f 898/2232/7 851/2233/7 891/2234/7
f 900/2235/172 859/2236/172 899/2237/172
f 901/2238/172 853/2239/172 893/2240/172
f 899/2241/8 861/2242/8 901/2243/8
f 900/2244/7 862/2245/7 860/2246/7
f 906/2247/173 904/2248/173 903/2249/173
f 907/2250/174 909/2251/174 908/2252/174
f 914/2253/175 912/2254/176 911/2255/176
f 918/2256/177 916/2257/177 915/2258/177
f 919/2259/178 916/2260/178 920/2261/178
f 919/2262/179 922/2263/179 921/2264/179
f 918/2265/180 922/2266/180 917/2267/180
f 917/2268/7 920/2269/7 916/2270/7
f 926/2271/177 924/2272/177 923/2273/177
f 924/2274/181 928/2275/181 927/2276/181
f 928/2277/179 929/2278/179 927/2279/179
f 930/2280/182 923/2281/182 929/2282/183
f 929/2283/7 924/2284/7 927/2285/7
f 934/2286/184 932/2287/184 931/2288/184
f 935/2289/185 932/2290/185 936/2291/185
f 935/2292/186 938/2293/186 937/2294/186
f 934/2295/187 938/2296/187 933/2297/187
f 933/2298/7 936/2299/7 932/2300/7
f 935/2301/8 934/2302/8 931/2303/8
f 905/2304/7 940/2305/7 939/2306/7
f 941/2307/8 943/2308/8 942/2309/8
f 943/2310/188 945/2311/188 942/2312/188
f 940/2313/188 941/2314/188 939/2315/188
f 907/2316/7 947/2317/7 910/2318/7
f 914/2319/8 908/2320/8 909/2321/8
f 950/2322/8 904/2323/8 949/2324/8
f 913/2325/189 946/2326/190 912/2327/190
f 947/2328/191 950/2329/191 949/2330/191
f 854/2331/192 897/2332/171 894/2333/170
f 856/2334/193 898/2335/193 896/2336/193
f 902/2337/172 855/2338/172 862/2339/172
f 891/2340/194 952/2341/195 951/2342/196
f 953/2343/7 894/2344/7 954/2345/7
f 952/2346/8 895/2347/8 955/2348/8
f 957/2349/8 896/2350/8 956/2351/8
f 958/2352/7 891/2353/7 951/2354/7
f 960/2355/197 899/2356/197 959/2357/197
f 953/2358/197 901/2359/197 893/2360/197
f 959/2361/8 901/2362/8 961/2363/8
f 960/2364/7 902/2365/7 900/2366/7
f 964/2367/198 903/2368/198 963/2369/198
f 965/2370/199 908/2371/199 966/2372/199
f 911/2373/200 968/2374/201 967/2375/201
f 972/2376/202 970/2377/202 969/2378/202
f 969/2379/203 974/2380/203 973/2381/203
f 973/2382/204 976/2383/204 975/2384/204
f 975/2385/205 971/2386/205 972/2387/205
f 970/2388/7 976/2389/7 974/2390/7
f 980/2391/206 978/2392/206 977/2393/206
f 979/2394/207 981/2395/207 978/2396/207
f 982/2397/204 983/2398/204 981/2399/204
f 984/2400/208 977/2401/209 983/2402/209
f 977/2403/7 981/2404/7 983/2405/7
f 988/2406/210 986/2407/210 985/2408/210
f 985/2409/211 990/2410/211 989/2411/211
f 989/2412/212 992/2413/212 991/2414/212
f 991/2415/213 987/2416/213 988/2417/213
f 986/2418/7 992/2419/7 990/2420/7
f 991/2421/8 985/2422/8 989/2423/8
f 906/2424/7 993/2425/7 940/2426/7
f 944/2427/8 994/2428/8 943/2429/8
f 943/2430/198 996/2431/198 946/2432/198
f 993/2433/198 944/2434/198 940/2435/198
f 965/2436/7 948/2437/7 907/2438/7
f 911/2439/8 966/2440/8 908/2441/8
f 998/2442/8 903/2443/8 950/2444/8
f 912/2445/190 996/2446/7 968/2447/7
f 948/2448/199 998/2449/199 950/2450/199
f 894/2451/214 957/2452/215 954/2453/194
f 896/2454/216 958/2455/216 956/2456/216
f 962/2457/197 895/2458/197 902/2459/197
f 951/2460/217 1000/2461/218 999/2462/218
f 1001/2463/7 954/2464/7 1002/2465/7
f 1000/2466/8 955/2467/8 1003/2468/8
f 1005/2469/8 956/2470/8 1004/2471/8
f 1006/2472/7 951/2473/7 999/2474/7
f 1007/2475/219 960/2476/219 959/2477/219
f 1001/2478/219 961/2479/219 953/2480/219
f 1007/2481/8 961/2482/8 1009/2483/8
f 1008/2484/7 962/2485/7 960/2486/7
f 1012/2487/220 963/2488/220 1011/2489/220
f 1013/2490/221 966/2491/221 1014/2492/221
f 967/2493/222 1016/2494/223 1015/2495/223
f 1020/2496/224 1018/2497/224 1017/2498/224
f 1021/2499/225 1018/2500/225 1022/2501/225
f 1021/2502/226 1024/2503/226 1023/2504/226
f 1023/2505/227 1019/2506/228 1020/2507/227
f 1019/2508/7 1022/2509/7 1018/2510/7
f 1028/2511/224 1026/2512/224 1025/2513/224
f 1027/2514/229 1029/2515/229 1026/2516/229
f 1029/2517/226 1032/2518/226 1031/2519/226
f 1032/2520/230 1025/2521/230 1031/2522/230
f 1031/2523/7 1026/2524/7 1029/2525/7
f 1036/2526/231 1034/2527/231 1033/2528/231
f 1037/2529/232 1034/2530/232 1038/2531/232
f 1037/2532/233 1040/2533/233 1039/2534/233
f 1039/2535/234 1035/2536/234 1036/2537/234
f 1035/2538/7 1038/2539/7 1034/2540/7
f 1037/2541/8 1036/2542/8 1033/2543/8
f 964/2544/7 1041/2545/7 993/2546/7
f 995/2547/8 1042/2548/8 994/2549/8
f 1042/2550/235 996/2551/235 994/2552/235
f 1041/2553/236 995/2554/236 993/2555/236
f 1013/2556/7 997/2557/7 965/2558/7
f 967/2559/8 1014/2560/8 966/2561/8
f 1046/2562/8 963/2563/8 998/2564/8
f 968/2565/7 1044/2566/7 1016/2567/7
f 997/2568/237 1046/2569/237 998/2570/237
f 954/2571/238 1005/2572/239 1002/2573/218
f 958/2574/240 1004/2575/240 956/2576/240
f 1010/2577/219 955/2578/219 962/2579/219
f 999/2580/241 1048/2581/242 1047/2582/242
f 1049/2583/7 1002/2584/7 1050/2585/7
f 1048/2586/8 1003/2587/8 1051/2588/8
f 1053/2589/8 1004/2590/8 1052/2591/8
f 1054/2592/7 999/2593/7 1047/2594/7
f 1055/2595/243 1008/2596/243 1007/2597/243
f 1057/2598/243 1001/2599/243 1049/2600/243
f 1055/2601/8 1009/2602/8 1057/2603/8
f 1056/2604/7 1010/2605/7 1008/2606/7
f 1060/2607/244 1011/2608/244 1059/2609/244
f 1061/2610/245 1014/2611/245 1062/2612/245
f 1015/2613/245 1064/2614/246 1063/2615/246
f 1068/2616/247 1066/2617/247 1065/2618/247
f 1065/2619/248 1070/2620/248 1069/2621/248
f 1069/2622/249 1072/2623/249 1071/2624/249
f 1071/2625/250 1067/2626/250 1068/2627/250
f 1066/2628/7 1072/2629/7 1070/2630/7
f 1076/2631/251 1074/2632/251 1073/2633/251
f 1075/2634/252 1077/2635/252 1074/2636/252
f 1078/2637/249 1079/2638/249 1077/2639/249
f 1080/2640/253 1073/2641/253 1079/2642/253
f 1073/2643/7 1077/2644/7 1079/2645/7
f 1084/2646/254 1082/2647/254 1081/2648/254
f 1081/2649/255 1086/2650/255 1085/2651/255
f 1085/2652/256 1088/2653/256 1087/2654/256
f 1087/2655/257 1083/2656/257 1084/2657/257
f 1082/2658/7 1088/2659/7 1086/2660/7
f 1087/2661/8 1081/2662/8 1085/2663/8
f 1012/2664/7 1089/2665/7 1041/2666/7
f 1043/2667/8 1090/2668/8 1042/2669/8
f 1090/2670/244 1044/2671/244 1042/2672/244
f 1089/2673/244 1043/2674/244 1041/2675/244
f 1061/2676/7 1045/2677/7 1013/2678/7
f 1015/2679/8 1062/2680/8 1014/2681/8
f 1094/2682/8 1011/2683/8 1046/2684/8
f 1016/2685/7 1092/2686/7 1064/2687/7
f 1045/2688/245 1094/2689/245 1046/2690/245
f 1002/2691/258 1053/2692/259 1050/2693/260
f 1006/2694/241 1052/2695/241 1004/2696/241
f 1058/2697/243 1003/2698/243 1010/2699/243
f 1047/2700/261 1096/2701/261 1095/2702/261
f 1097/2703/7 1050/2704/7 1098/2705/7
f 1096/2706/8 1051/2707/8 1099/2708/8
f 1101/2709/8 1052/2710/8 1100/2711/8
f 1102/2712/7 1047/2713/7 1095/2714/7
f 1104/2715/262 1055/2716/262 1103/2717/262
f 1097/2718/263 1057/2719/262 1049/2720/262
f 1103/2721/8 1057/2722/8 1105/2723/8
f 1104/2724/7 1058/2725/7 1056/2726/7
f 1107/2727/264 1060/2728/264 1059/2729/264
f 1109/2730/265 1062/2731/265 1110/2732/265
f 1063/2733/266 1112/2734/267 1111/2735/267
f 1116/2736/268 1114/2737/268 1113/2738/268
f 1113/2739/269 1118/2740/270 1117/2741/269
f 1117/2742/271 1120/2743/271 1119/2744/271
f 1119/2745/272 1115/2746/272 1116/2747/272
f 1114/2748/7 1120/2749/7 1118/2750/7
f 1124/2751/268 1122/2752/268 1121/2753/268
f 1123/2754/272 1125/2755/272 1122/2756/272
f 1126/2757/271 1127/2758/271 1125/2759/271
f 1128/2760/270 1121/2761/270 1127/2762/270
f 1121/2763/7 1125/2764/7 1127/2765/7
f 1132/2766/273 1130/2767/273 1129/2768/273
f 1129/2769/270 1134/2770/270 1133/2771/270
f 1135/2772/274 1134/2773/274 1136/2774/274
f 1135/2775/272 1131/2776/272 1132/2777/272
f 1130/2778/7 1136/2779/7 1134/2780/7
f 1135/2781/8 1129/2782/8 1133/2783/8
f 1060/2784/7 1137/2785/275 1089/2786/7
f 1091/2787/8 1138/2788/8 1090/2789/8
f 1138/2790/276 1092/2791/276 1090/2792/276
f 1137/2793/276 1091/2794/276 1089/2795/276
f 1109/2796/275 1093/2797/7 1061/2798/7
f 1063/2799/8 1110/2800/8 1062/2801/8
f 1142/2802/8 1059/2803/8 1094/2804/8
f 1064/2805/7 1140/2806/7 1112/2807/7
f 1093/2808/265 1142/2809/265 1094/2810/265
f 1050/2811/277 1101/2812/278 1098/2813/279
f 1054/2814/280 1100/2815/280 1052/2816/280
f 1106/2817/281 1051/2818/281 1058/2819/281
f 1095/2820/282 314/2821/283 316/2822/283
f 217/2823/7 1098/2824/7 312/2825/7
f 314/2826/8 1099/2827/8 218/2828/8
f 219/2829/8 1100/2830/8 313/2831/8
f 220/2832/7 1095/2833/7 316/2834/7
f 221/2835/284 1103/2836/284 311/2837/284
f 222/2838/284 1097/2839/284 217/2840/284
f 311/2841/8 1105/2842/8 222/2843/8
f 221/2844/7 1106/2845/7 1104/2846/7
f 333/2847/283 1107/2848/283 223/2849/283
f 334/2850/284 1110/2851/284 331/2852/284
f 1111/2853/285 329/2854/284 224/2855/284
f 1143/2856/286 1145/2857/286 1144/2858/286
f 1143/2859/287 1148/2860/288 1147/2861/287
f 1147/2862/289 1150/2863/289 1149/2864/289
f 1149/2865/290 1145/2866/290 1146/2867/290
f 1145/2868/7 1148/2869/7 1144/2870/7
f 1154/2871/286 1152/2872/286 1151/2873/286
f 1153/2874/291 1155/2875/291 1152/2876/291
f 1156/2877/289 1157/2878/289 1155/2879/289
f 1158/2880/292 1151/2881/292 1157/2882/293
f 1157/2883/7 1152/2884/7 1155/2885/7
f 1162/2886/294 1160/2887/294 1159/2888/294
f 1159/2889/293 1164/2890/293 1163/2891/293
f 1165/2892/295 1164/2893/295 1166/2894/295
f 1165/2895/296 1161/2896/296 1162/2897/296
f 1161/2898/7 1164/2899/7 1160/2900/7
f 1163/2901/8 1162/2902/8 1159/2903/8
f 1108/2904/275 225/2905/7 1137/2906/275
f 1139/2907/8 226/2908/8 1138/2909/8
f 226/2910/283 1140/2911/283 1138/2912/283
f 225/2913/283 1139/2914/283 1137/2915/283
f 334/2916/7 1141/2917/275 1109/2918/275
f 1111/2919/8 331/2920/8 1110/2921/8
f 335/2922/8 1107/2923/8 1142/2924/8
f 1112/2925/7 332/2926/7 329/2927/7
f 1141/2928/284 335/2929/284 1142/2930/284
f 1098/2931/297 219/2932/283 312/2933/283
f 1100/2934/283 220/2935/283 313/2936/283
f 1106/2937/284 218/2938/284 1099/2939/284
f 85/516/7 1167/2940/7 202/1013/7
f 86/513/8 1169/2941/8 1168/2942/8
f 86/510/13 1170/2943/13 182/1011/13
f 202/507/13 1169/2944/13 183/1010/13
f 201/503/7 1171/2945/7 88/504/7
f 184/500/8 399/2946/8 87/501/8
f 871/2947/15 402/1155/15 401/1156/15
f 866/2948/15 399/1154/15 869/2949/15
f 181/1005/8 1172/2950/8 398/2951/8
f 1170/2952/7 204/1004/7 182/489/7
f 1171/2953/15 203/484/15 88/1003/15
f 397/1152/13 863/2954/13 864/2955/13
f 867/2956/15 1172/2957/15 1171/2953/15
f 870/2958/7 401/2959/7 1170/2952/7
f 1172/2950/8 863/2960/8 398/2951/8
f 402/2961/8 869/2962/8 399/2946/8
f 400/2963/7 867/2964/7 1171/2945/7
f 1167/2965/13 873/2966/13 1169/2944/13
f 1168/2967/13 870/2968/13 1170/2943/13
f 1169/2941/8 874/2969/8 1168/2942/8
f 397/2970/7 865/2971/7 1167/2940/7
f 1176/2972/5 1174/2973/5 1173/2974/5
f 1175/2975/15 1177/2976/15 1174/2977/15
f 1178/2978/2 1179/2979/2 1177/2980/2
f 1180/2981/13 1173/2982/13 1179/2983/13
f 1173/2984/7 1177/2985/7 1179/2986/7
f 1184/2987/298 1182/2988/298 1181/2989/298
f 1185/2990/299 1182/2991/299 1186/2992/299
f 1185/2993/300 1188/2994/300 1187/2995/300
f 1187/2996/301 1183/2997/301 1184/2998/301
f 1182/2999/7 1188/3000/7 1186/3001/7
f 85/482/13 181/481/13 398/1151/13
f 400/1153/15 201/493/15 87/1006/15
f 402/1155/15 184/496/15 204/1007/15
f 406/1157/5 405/3002/5 404/1158/5
f 407/1160/13 403/3003/13 404/1161/13
f 407/1163/2 408/3004/2 410/1164/2
f 409/1166/15 410/3005/15 405/1167/15
f 405/1169/7 410/3006/7 408/1170/7
f 414/1172/5 413/3007/5 412/1173/5
f 415/1175/13 411/3008/13 412/1176/13
f 415/1178/2 416/3009/2 418/1179/2
f 417/1181/15 418/3010/15 413/1182/15
f 413/1184/7 418/3011/7 416/1185/7
f 422/1187/5 421/3012/5 420/1188/5
f 419/1190/13 420/3013/13 424/1191/13
f 423/1193/2 424/3014/2 426/1194/2
f 425/1196/15 426/3015/15 421/1197/15
f 421/1199/7 426/3016/7 424/1200/7
f 430/1202/5 429/3017/5 428/1203/5
f 431/1205/13 427/3018/13 428/1206/13
f 431/1208/2 432/3019/2 434/1209/2
f 433/1211/15 434/3020/15 429/1212/15
f 429/1214/7 434/3021/7 432/1215/7
f 438/1217/5 437/3022/5 436/1218/5
f 439/1220/13 435/3023/13 436/1221/13
f 439/1223/2 440/3024/2 442/1224/2
f 441/1226/15 442/3025/15 437/1227/15
f 436/1229/7 437/3026/7 442/1230/7
f 446/1232/5 445/3027/5 444/1233/5
f 443/1235/13 444/3028/13 448/1236/13
f 447/1238/2 448/3029/2 450/1239/2
f 446/1241/15 449/3030/15 450/1242/15
f 445/1244/7 450/3031/7 448/1245/7
f 454/1247/5 453/3032/5 452/1248/5
f 455/1250/13 451/3033/13 452/1251/13
f 455/1253/2 456/3034/2 458/1254/2
f 454/1256/15 457/3035/15 458/1257/15
f 453/1259/7 458/3036/7 456/1260/7
f 433/1262/8 430/3037/8 427/1263/8
f 439/1265/8 441/3038/8 438/1266/8
f 449/1268/8 446/3039/8 443/1269/8
f 457/1271/8 454/3040/8 451/1272/8
f 462/1274/5 461/3041/5 460/1275/5
f 463/1277/13 459/3042/13 460/1278/13
f 463/1280/2 464/3043/2 466/1281/2
f 465/1283/15 466/3044/15 461/1284/15
f 460/1286/7 461/3045/7 466/1287/7
f 470/1289/5 469/3046/5 468/1290/5
f 467/1292/13 468/3047/13 472/1293/13
f 471/1295/2 472/3048/2 474/1296/2
f 473/1298/15 474/3049/15 469/1299/15
f 469/1301/7 474/3050/7 472/1302/7
f 478/1304/5 477/3051/5 476/1305/5
f 475/1307/13 476/3052/13 480/1308/13
f 479/1310/2 480/3053/2 482/1311/2
f 481/1313/15 482/3054/15 477/1314/15
f 477/1316/7 482/3055/7 480/1317/7
f 486/1319/5 485/3056/5 484/1320/5
f 485/1322/15 488/3057/15 487/1323/15
f 488/1325/2 490/3058/2 489/1326/2
f 490/1328/13 486/3059/13 483/1329/13
f 483/1331/7 484/3060/7 487/1332/7
f 494/1334/5 493/3061/5 492/1335/5
f 491/1337/13 492/3062/13 496/1338/13
f 495/1340/2 496/3063/2 498/1341/2
f 497/1343/15 498/3064/15 493/1344/15
f 493/1346/7 498/3065/7 496/1347/7
f 502/1349/5 501/3066/5 500/1350/5
f 499/1352/13 500/3067/13 504/1353/13
f 503/1355/2 504/3068/2 506/1356/2
f 505/1358/15 506/3069/15 501/1359/15
f 501/1361/7 506/3070/7 504/1362/7
f 510/1364/5 509/3071/5 508/1365/5
f 511/1367/13 507/3072/13 508/1368/13
f 511/1370/2 512/3073/2 514/1371/2
f 513/1373/15 514/3074/15 509/1374/15
f 508/1376/7 509/3075/7 514/1377/7
f 518/1379/5 517/3076/5 516/1380/5
f 519/1382/13 515/3077/13 516/1383/13
f 519/1385/2 520/3078/2 522/1386/2
f 521/1388/15 522/3079/15 517/1389/15
f 516/1391/7 517/3080/7 522/1392/7
f 526/1394/5 525/3081/5 524/1395/5
f 527/1397/13 523/3082/13 524/1398/13
f 527/1400/2 528/3083/2 530/1401/2
f 529/1403/15 530/3084/15 525/1404/15
f 525/1406/7 530/3085/7 528/1407/7
f 505/1409/8 502/3086/8 499/1410/8
f 511/1412/8 513/3087/8 510/1413/8
f 521/1415/8 518/3088/8 515/1416/8
f 529/1418/8 526/3089/8 523/1419/8
f 534/1421/5 533/3090/5 532/1422/5
f 535/1424/13 531/3091/13 532/1425/13
f 535/1427/2 536/3092/2 538/1428/2
f 537/1430/15 538/3093/15 533/1431/15
f 532/1433/7 533/3094/7 538/1434/7
f 542/1436/5 541/3095/5 540/1437/5
f 540/1439/15 541/3096/15 544/1440/15
f 544/1442/2 546/3097/2 545/1443/2
f 546/1445/13 542/3098/13 539/1446/13
f 545/1448/7 539/3099/7 540/1449/7
f 550/1451/5 549/3100/5 548/1452/5
f 551/1454/13 547/3101/13 548/1455/13
f 551/1457/2 552/3102/2 554/1458/2
f 553/1460/15 554/3103/15 549/1461/15
f 549/1463/7 554/3104/7 552/1464/7
f 558/1466/5 557/3105/5 556/1467/5
f 556/1469/15 557/3106/15 560/1470/15
f 560/1472/2 562/3107/2 561/1473/2
f 562/1475/13 558/3108/13 555/1476/13
f 555/1478/7 556/3109/7 559/1479/7
f 566/1481/5 565/3110/5 564/1482/5
f 567/1484/13 563/3111/13 564/1485/13
f 567/1487/2 568/3112/2 570/1488/2
f 569/1490/15 570/3113/15 565/1491/15
f 565/1493/7 570/3114/7 568/1494/7
f 574/1496/5 573/3115/5 572/1497/5
f 572/1499/15 573/3116/15 576/1500/15
f 576/1502/2 578/3117/2 577/1503/2
f 577/1505/13 578/3118/13 574/1506/13
f 571/1508/7 572/3119/7 575/1509/7
f 582/1511/5 581/3120/5 580/1512/5
f 583/1514/13 579/3121/13 580/1515/13
f 583/1517/2 584/3122/2 586/1518/2
f 585/1520/15 586/3123/15 581/1521/15
f 581/1523/7 586/3124/7 584/1524/7
f 590/1526/5 589/3125/5 588/1527/5
f 589/1529/15 592/3126/15 591/1530/15
f 592/1532/2 594/3127/2 593/1533/2
f 594/1535/13 590/3128/13 587/1536/13
f 587/1538/7 588/3129/7 591/1539/7
f 598/1541/5 597/3130/5 596/1542/5
f 599/1544/13 595/3131/13 596/1545/13
f 599/1547/2 600/3132/2 602/1548/2
f 601/1550/15 602/3133/15 597/1551/15
f 597/1553/7 602/3134/7 600/1554/7
f 606/1556/5 605/3135/5 604/1557/5
f 607/1559/13 603/3136/13 604/1560/13
f 607/1562/2 608/3137/2 610/1563/2
f 609/1565/15 610/3138/15 605/1566/15
f 605/1568/7 610/3139/7 608/1569/7
f 614/1571/5 613/3140/5 612/1572/5
f 615/1574/13 611/3141/13 612/1575/13
f 615/1577/2 616/3142/2 618/1578/2
f 617/1580/15 618/3143/15 613/1581/15
f 612/1583/7 613/3144/7 618/1584/7
f 622/1586/5 621/3145/5 620/1587/5
f 623/1589/13 619/3146/13 620/1590/13
f 623/1592/2 624/3147/2 626/1593/2
f 625/1595/15 626/3148/15 621/1596/15
f 620/1598/7 621/3149/7 626/1599/7
f 601/1601/8 598/3150/8 595/1602/8
f 607/1604/8 609/3151/8 606/1605/8
f 615/1607/8 617/3152/8 614/1608/8
f 625/1610/8 622/3153/8 619/1611/8
f 206/676/30 205/675/30 628/1613/31
f 629/1615/7 208/679/7 207/678/7
f 631/1617/8 628/3154/8 205/680/8
f 632/1618/8 633/3155/8 211/690/8
f 634/1619/7 212/693/7 206/692/7
f 635/1621/33 636/3156/33 214/695/33
f 637/1622/34 215/699/302 208/698/35
f 637/1624/8 635/3157/8 213/702/8
f 638/1625/7 216/705/7 214/704/7
f 642/1627/37 641/3158/37 640/1628/37
f 639/1630/38 640/3159/38 644/1631/38
f 643/1633/39 644/3160/39 646/1634/39
f 645/1636/40 646/3161/40 641/1637/40
f 640/1639/7 641/3162/7 646/1640/7
f 650/1642/37 649/3163/37 648/1643/37
f 648/1645/41 649/3164/41 652/1646/41
f 652/1648/39 654/3165/39 653/1649/39
f 654/1651/42 650/3166/42 647/1652/42
f 647/1654/7 648/3167/7 651/1655/7
f 207/688/30 211/687/30 633/1657/43
f 212/684/30 634/3168/30 632/1659/30
f 638/1660/33 631/3169/33 209/671/33
f 627/1661/44 628/3170/303 656/1662/45
f 657/1664/7 629/3171/7 630/1665/7
f 656/1667/8 628/3172/8 631/1668/8
f 661/1670/8 633/3173/8 632/1671/8
f 662/1673/7 634/3174/7 627/1674/7
f 664/1676/47 636/3175/47 635/1677/47
f 665/1679/48 637/3176/304 629/1680/49
f 663/1682/8 635/3177/8 637/1683/8
f 664/1685/7 666/3178/7 638/1686/7
f 630/1688/51 633/3179/53 661/1689/52
f 634/1691/54 662/3180/54 660/1692/54
f 666/1694/50 659/3181/50 631/1695/50
f 655/1697/55 656/3182/67 668/1698/56
f 669/1700/7 657/3183/7 658/1701/7
f 668/1703/8 656/3184/8 659/1704/8
f 673/1706/8 661/3185/8 660/1707/8
f 674/1709/7 662/3186/7 655/1710/7
f 676/1712/58 664/3187/58 663/1713/58
f 677/1715/58 665/3188/58 657/1716/58
f 675/1718/8 663/3189/8 665/1719/8
f 676/1721/7 678/3190/7 666/1722/7
f 682/1724/59 681/3191/59 680/1725/59
f 681/1727/60 684/3192/60 683/1728/60
f 684/1730/61 686/3193/61 685/1731/61
f 686/1733/62 682/3194/62 679/1734/62
f 685/1736/7 679/3195/7 680/1737/7
f 690/1739/63 689/3196/63 688/1740/63
f 691/1742/64 687/3197/64 688/1743/64
f 691/1745/65 692/3198/65 694/1746/65
f 693/1748/66 694/3199/66 689/1749/66
f 688/1751/7 689/3200/7 694/1752/7
f 693/1754/8 690/3201/8 687/1755/8
f 658/1757/67 661/3202/57 673/1758/68
f 662/1760/69 674/3203/69 672/1761/69
f 678/1763/70 671/3204/70 659/1764/70
f 667/1766/71 668/3205/71 696/1767/72
f 697/1769/7 669/3206/7 670/1770/7
f 696/1772/8 668/3207/8 671/1773/8
f 701/1775/8 673/3208/8 672/1776/8
f 702/1778/7 674/3209/7 667/1779/7
f 704/1781/74 676/3210/74 675/1782/74
f 697/1784/74 705/3211/74 677/1785/74
f 703/1787/8 675/3212/8 677/1788/8
f 704/1790/7 706/3213/7 678/1791/7
f 710/1793/75 709/3214/75 708/1794/75
f 709/1796/76 712/3215/76 711/1797/76
f 712/1799/77 714/3216/77 713/1800/77
f 714/1802/78 710/3217/78 707/1803/78
f 713/1805/7 707/3218/7 708/1806/7
f 718/1808/79 717/3219/79 716/1809/79
f 719/1811/80 715/3220/80 716/1812/80
f 719/1814/81 720/3221/81 722/1815/81
f 718/1817/82 721/3222/82 722/1818/82
f 716/1820/7 717/3223/7 722/1821/7
f 721/1823/8 718/3224/8 715/1824/8
f 670/1826/71 673/3225/305 701/1827/72
f 674/1829/84 702/3226/84 700/1830/84
f 706/1832/85 699/3227/85 671/1833/85
f 695/1835/86 696/3228/306 724/1836/87
f 725/1838/7 697/3229/7 698/1839/7
f 724/1841/8 696/3230/8 699/1842/8
f 729/1844/8 701/3231/8 700/1845/8
f 730/1847/7 702/3232/7 695/1848/7
f 732/1850/89 704/3233/89 703/1851/89
f 733/1853/89 705/3234/89 697/1854/89
f 731/1856/8 703/3235/8 705/1857/8
f 732/1859/7 734/3236/7 706/1860/7
f 735/1862/90 738/3237/90 737/1863/90
f 736/1865/91 737/3238/91 740/1866/91
f 740/1868/92 742/3239/92 741/1869/92
f 742/1871/93 738/3240/93 735/1872/93
f 735/1874/7 736/3241/7 739/1875/7
f 746/1877/95 745/3242/95 744/1878/95
f 743/1880/96 744/3243/96 748/1881/96
f 747/1883/97 748/3244/97 750/1884/97
f 749/1886/98 750/3245/98 745/1887/98
f 745/1889/7 750/3246/7 748/1890/7
f 747/1892/8 749/3247/8 746/1893/8
f 698/1895/86 701/3248/86 729/1896/87
f 700/1898/100 702/3249/100 730/1899/100
f 734/1901/89 727/3250/89 699/1902/89
f 723/1904/101 724/3251/114 752/1905/101
f 753/1907/7 725/3252/7 726/1908/7
f 752/1910/8 724/3253/8 727/1911/8
f 757/1913/8 729/3254/8 728/1914/8
f 758/1916/7 730/3255/7 723/1917/7
f 760/1919/102 732/3256/102 731/1920/102
f 761/1922/103 733/3257/103 725/1923/103
f 759/1925/8 731/3258/8 733/1926/8
f 760/1928/7 762/3259/7 734/1929/7
f 766/1931/104 765/3260/104 764/1932/104
f 765/1934/105 768/3261/105 767/1935/105
f 768/1937/106 770/3262/106 769/1938/106
f 770/1940/107 766/3263/107 763/1941/107
f 763/1943/7 764/3264/7 767/1944/7
f 774/1946/108 773/3265/108 772/1947/108
f 771/1949/109 772/3266/109 776/1950/109
f 775/1952/110 776/3267/110 778/1953/110
f 777/1955/111 778/3268/111 773/1956/111
f 773/1958/7 778/3269/7 776/1959/7
f 775/1961/8 777/3270/8 774/1962/8
f 726/1964/112 729/3271/114 757/1965/113
f 728/1967/115 730/3272/115 758/1968/115
f 762/1970/103 755/3273/103 727/1971/103
f 751/1973/116 752/3274/307 780/1974/117
f 781/1976/7 753/3275/7 754/1977/7
f 780/1979/8 752/3276/8 755/1980/8
f 785/1982/8 757/3277/8 756/1983/8
f 786/1985/7 758/3278/7 751/1986/7
f 788/1988/119 760/3279/119 759/1989/119
f 789/1991/119 761/3280/119 753/1992/119
f 787/1994/8 759/3281/8 761/1995/8
f 788/1997/7 790/3282/7 762/1998/7
f 791/2000/120 794/3283/120 793/2001/120
f 791/2003/121 792/3284/121 796/2004/121
f 795/2006/122 796/3285/122 798/2007/122
f 797/2009/123 798/3286/123 793/2010/123
f 793/2012/7 798/3287/7 796/2013/7
f 802/2015/124 801/3288/124 800/2016/124
f 801/2018/125 804/3289/125 803/2019/125
f 804/2021/126 806/3290/122 805/2022/126
f 806/2024/127 802/3291/127 799/2025/127
f 805/2027/7 799/3292/7 800/2028/7
f 810/2030/128 809/3293/128 808/2031/128
f 811/2033/129 807/3294/129 808/2034/129
f 811/2036/130 812/3295/130 814/2037/130
f 813/2039/131 814/3296/131 809/2040/131
f 808/2042/7 809/3297/7 814/2043/7
f 813/2045/8 810/3298/8 807/2046/8
f 754/2048/116 757/3299/116 785/2049/132
f 758/2051/123 786/3300/123 784/2052/123
f 790/2054/119 783/3301/119 755/2055/119
f 779/2057/134 780/3302/308 816/2058/135
f 817/2060/7 781/3303/7 782/2061/7
f 816/2063/8 780/3304/8 783/2064/8
f 821/2066/8 785/3305/8 784/2067/8
f 822/2069/7 786/3306/7 779/2070/7
f 824/2072/136 788/3307/136 787/2073/136
f 825/2075/136 789/3308/136 781/2076/136
f 823/2078/8 787/3309/8 789/2079/8
f 824/2081/7 826/3310/7 790/2082/7
f 830/2084/137 829/3311/137 828/2085/137
f 831/2087/139 827/3312/139 828/2088/139
f 831/2090/140 832/3313/140 834/2091/140
f 833/2093/141 834/3314/141 829/2094/141
f 829/2096/7 834/3315/7 832/2097/7
f 838/2099/137 837/3316/137 836/2100/137
f 837/2102/142 840/3317/142 839/2103/142
f 840/2105/140 842/3318/140 841/2106/140
f 842/2108/143 838/3319/143 835/2109/143
f 841/2111/7 835/3320/7 836/2112/7
f 846/2114/144 845/3321/144 844/2115/144
f 847/2117/145 843/3322/145 844/2118/145
f 847/2120/146 848/3323/146 850/2121/146
f 849/2123/147 850/3324/147 845/2124/147
f 844/2126/7 845/3325/7 850/2127/7
f 849/2129/8 846/3326/8 843/2130/8
f 782/2132/148 785/3327/309 821/2133/149
f 784/2135/151 786/3328/151 822/2136/151
f 826/2138/152 819/3329/152 783/2139/152
f 815/2141/153 816/3330/310 852/2142/154
f 853/2144/7 817/3331/7 818/2145/7
f 852/2147/8 816/3332/8 819/2148/8
f 857/2150/8 821/3333/8 820/2151/8
f 858/2153/7 822/3334/7 815/2154/7
f 860/2156/155 824/3335/155 823/2157/155
f 861/2159/156 825/3336/156 817/2160/156
f 859/2162/8 823/3337/8 825/2163/8
f 860/2165/7 862/3338/7 826/2166/7
f 863/2168/5 866/2171/5 865/2169/5
f 866/2171/5 863/2168/5 868/2172/5
f 869/2174/5 872/3339/5 871/2175/5
f 870/2176/5 874/3340/5 873/2177/5
f 865/2169/5 866/2171/5 869/2174/5
f 878/2178/157 877/3341/157 876/2179/157
f 876/2181/158 877/3342/158 880/2182/158
f 879/2184/159 880/3343/159 882/2185/159
f 882/2187/160 878/3344/160 875/2188/160
f 875/2190/7 876/3345/7 879/2191/7
f 886/2193/162 885/3346/162 884/2194/162
f 883/2196/163 884/3347/163 888/2197/163
f 887/2199/164 888/3348/164 890/2200/164
f 889/2202/165 890/3349/165 885/2203/165
f 884/2205/7 885/3350/7 890/2206/7
f 889/2208/8 886/3351/8 883/2209/8
f 818/2211/166 821/3352/166 857/2212/167
f 822/2214/168 858/3353/168 856/2215/168
f 862/2217/156 855/3354/156 819/2218/156
f 851/2220/169 852/3355/311 892/2221/170
f 893/2223/7 853/3356/7 854/2224/7
f 892/2226/8 852/3357/8 855/2227/8
f 897/2229/8 857/3358/8 856/2230/8
f 898/2232/7 858/3359/7 851/2233/7
f 900/2235/172 860/3360/172 859/2236/172
f 901/2238/172 861/3361/172 853/2239/172
f 899/2241/8 859/3362/8 861/2242/8
f 900/2244/7 902/3363/7 862/2245/7
f 906/2247/173 905/3364/173 904/2248/173
f 907/2250/174 910/3365/174 909/2251/174
f 914/2253/175 913/3366/312 912/2254/176
f 918/2256/177 917/3367/177 916/2257/177
f 919/2259/178 915/3368/178 916/2260/178
f 919/2262/179 920/3369/179 922/2263/179
f 918/2265/180 921/3370/180 922/2266/180
f 917/2268/7 922/3371/7 920/2269/7
f 926/2271/177 925/3372/177 924/2272/177
f 924/2274/181 925/3373/181 928/2275/181
f 928/2277/179 930/3374/179 929/2278/179
f 930/2280/182 926/3375/182 923/2281/182
f 929/2283/7 923/3376/7 924/2284/7
f 934/2286/184 933/3377/184 932/2287/184
f 935/2289/185 931/3378/185 932/2290/185
f 935/2292/186 936/3379/186 938/2293/186
f 934/2295/187 937/3380/187 938/2296/187
f 933/2298/7 938/3381/7 936/2299/7
f 935/2301/8 937/3382/8 934/2302/8
f 905/2304/7 906/3383/7 940/2305/7
f 941/2307/8 944/3384/8 943/2308/8
f 943/2310/188 946/3385/188 945/2311/188
f 940/2313/188 944/3386/188 941/2314/188
f 907/2316/7 948/3387/7 947/2317/7
f 914/2319/8 911/3388/8 908/2320/8
f 950/2322/8 903/3389/8 904/2323/8
f 913/2325/189 945/3390/189 946/2326/190
f 947/2328/191 948/3391/191 950/2329/191
f 854/2331/192 857/3392/313 897/2332/171
f 856/2334/193 858/3393/193 898/2335/193
f 902/2337/172 895/3394/172 855/2338/172
f 891/2340/194 892/3395/214 952/2341/195
f 953/2343/7 893/3396/7 894/2344/7
f 952/2346/8 892/3397/8 895/2347/8
f 957/2349/8 897/3398/8 896/2350/8
f 958/2352/7 898/3399/7 891/2353/7
f 960/2355/197 900/3400/197 899/2356/197
f 953/2358/197 961/3401/197 901/2359/197
f 959/2361/8 899/3402/8 901/2362/8
f 960/2364/7 962/3403/7 902/2365/7
f 964/2367/198 906/3404/198 903/2368/198
f 965/2370/199 907/3405/199 908/2371/199
f 911/2373/200 912/3406/200 968/2374/201
f 972/2376/202 971/3407/202 970/2377/202
f 969/2379/203 970/3408/203 974/2380/203
f 973/2382/204 974/3409/204 976/2383/204
f 975/2385/205 976/3410/205 971/2386/205
f 970/2388/7 971/3411/7 976/2389/7
f 980/2391/206 979/3412/206 978/2392/206
f 979/2394/207 982/3413/207 981/2395/207
f 982/2397/204 984/3414/204 983/2398/204
f 984/2400/208 980/3415/208 977/2401/209
f 977/2403/7 978/3416/7 981/2404/7
f 988/2406/210 987/3417/210 986/2407/210
f 985/2409/211 986/3418/211 990/2410/211
f 989/2412/212 990/3419/212 992/2413/212
f 991/2415/213 992/3420/213 987/2416/213
f 986/2418/7 987/3421/7 992/2419/7
f 991/2421/8 988/3422/8 985/2422/8
f 906/2424/7 964/3423/7 993/2425/7
f 944/2427/8 995/3424/8 994/2428/8
f 943/2430/198 994/3425/198 996/2431/198
f 993/2433/198 995/3426/198 944/2434/198
f 965/2436/7 997/3427/7 948/2437/7
f 911/2439/8 967/3428/8 966/2440/8
f 998/2442/8 963/3429/8 903/2443/8
f 912/2445/190 946/3430/190 996/2446/7
f 948/2448/199 997/3431/199 998/2449/199
f 894/2451/214 897/3432/195 957/2452/215
f 896/2454/216 898/3433/216 958/2455/216
f 962/2457/197 955/3434/197 895/2458/197
f 951/2460/217 952/3435/314 1000/2461/218
f 1001/2463/7 953/3436/7 954/2464/7
f 1000/2466/8 952/3437/8 955/2467/8
f 1005/2469/8 957/3438/8 956/2470/8
f 1006/2472/7 958/3439/7 951/2473/7
f 1007/2475/219 1008/3440/219 960/2476/219
f 1001/2478/219 1009/3441/219 961/2479/219
f 1007/2481/8 959/3442/8 961/2482/8
f 1008/2484/7 1010/3443/7 962/2485/7
f 1012/2487/220 964/3444/220 963/2488/220
f 1013/2490/221 965/3445/221 966/2491/221
f 967/2493/222 968/3446/222 1016/2494/223
f 1020/2496/224 1019/3447/224 1018/2497/224
f 1021/2499/225 1017/3448/225 1018/2500/225
f 1021/2502/226 1022/3449/226 1024/2503/226
f 1023/2505/227 1024/3450/228 1019/2506/228
f 1019/2508/7 1024/3451/7 1022/2509/7
f 1028/2511/224 1027/3452/224 1026/2512/224
f 1027/2514/229 1030/3453/229 1029/2515/229
f 1029/2517/226 1030/3454/226 1032/2518/226
f 1032/2520/230 1028/3455/230 1025/2521/230
f 1031/2523/7 1025/3456/7 1026/2524/7
f 1036/2526/231 1035/3457/231 1034/2527/231
f 1037/2529/232 1033/3458/232 1034/2530/232
f 1037/2532/233 1038/3459/233 1040/2533/233
f 1039/2535/234 1040/3460/234 1035/2536/234
f 1035/2538/7 1040/3461/7 1038/2539/7
f 1037/2541/8 1039/3462/8 1036/2542/8
f 964/2544/7 1012/3463/7 1041/2545/7
f 995/2547/8 1043/3464/8 1042/2548/8
f 1042/2550/235 1044/3465/235 996/2551/235
f 1041/2553/236 1043/3466/236 995/2554/236
f 1013/2556/7 1045/3467/7 997/2557/7
f 967/2559/8 1015/3468/8 1014/2560/8
f 1046/2562/8 1011/3469/8 963/2563/8
f 968/2565/7 996/3470/7 1044/2566/7
f 997/2568/237 1045/3471/237 1046/2569/237
f 954/2571/238 957/3472/315 1005/2572/239
f 958/2574/240 1006/3473/240 1004/2575/240
f 1010/2577/219 1003/3474/219 955/2578/219
f 999/2580/241 1000/3475/316 1048/2581/242
f 1049/2583/7 1001/3476/7 1002/2584/7
f 1048/2586/8 1000/3477/8 1003/2587/8
f 1053/2589/8 1005/3478/8 1004/2590/8
f 1054/2592/7 1006/3479/7 999/2593/7
f 1055/2595/243 1056/3480/243 1008/2596/243
f 1057/2598/243 1009/3481/243 1001/2599/243
f 1055/2601/8 1007/3482/8 1009/2602/8
f 1056/2604/7 1058/3483/7 1010/2605/7
f 1060/2607/244 1012/3484/244 1011/2608/244
f 1061/2610/245 1013/3485/245 1014/2611/245
f 1015/2613/245 1016/3486/245 1064/2614/246
f 1068/2616/247 1067/3487/247 1066/2617/247
f 1065/2619/248 1066/3488/248 1070/2620/248
f 1069/2622/249 1070/3489/249 1072/2623/249
f 1071/2625/250 1072/3490/250 1067/2626/250
f 1066/2628/7 1067/3491/7 1072/2629/7
f 1076/2631/251 1075/3492/251 1074/2632/251
f 1075/2634/252 1078/3493/252 1077/2635/252
f 1078/2637/249 1080/3494/249 1079/2638/249
f 1080/2640/253 1076/3495/253 1073/2641/253
f 1073/2643/7 1074/3496/7 1077/2644/7
f 1084/2646/254 1083/3497/254 1082/2647/254
f 1081/2649/255 1082/3498/255 1086/2650/255
f 1085/2652/256 1086/3499/256 1088/2653/256
f 1087/2655/257 1088/3500/257 1083/2656/257
f 1082/2658/7 1083/3501/7 1088/2659/7
f 1087/2661/8 1084/3502/8 1081/2662/8
f 1012/2664/7 1060/3503/7 1089/2665/7
f 1043/2667/8 1091/3504/8 1090/2668/8
f 1090/2670/244 1092/3505/244 1044/2671/244
f 1089/2673/244 1091/3506/244 1043/2674/244
f 1061/2676/7 1093/3507/7 1045/2677/7
f 1015/2679/8 1063/3508/8 1062/2680/8
f 1094/2682/8 1059/3509/8 1011/2683/8
f 1016/2685/7 1044/3510/7 1092/2686/7
f 1045/2688/245 1093/3511/245 1094/2689/245
f 1002/2691/258 1005/3512/317 1053/2692/259
f 1006/2694/241 1054/3513/241 1052/2695/241
f 1058/2697/243 1051/3514/243 1003/2698/243
f 1047/2700/261 1048/3515/279 1096/2701/261
f 1097/2703/7 1049/3516/7 1050/2704/7
f 1096/2706/8 1048/3517/8 1051/2707/8
f 1101/2709/8 1053/3518/8 1052/2710/8
f 1102/2712/7 1054/3519/7 1047/2713/7
f 1104/2715/262 1056/3520/262 1055/2716/262
f 1097/2718/263 1105/3521/263 1057/2719/262
f 1103/2721/8 1055/3522/8 1057/2722/8
f 1104/2724/7 1106/3523/7 1058/2725/7
f 1107/2727/264 1108/3524/264 1060/2728/264
f 1109/2730/265 1061/3525/265 1062/2731/265
f 1063/2733/266 1064/3526/266 1112/2734/267
f 1116/2736/268 1115/3527/268 1114/2737/268
f 1113/2739/269 1114/3528/270 1118/2740/270
f 1117/2742/271 1118/3529/271 1120/2743/271
f 1119/2745/272 1120/3530/272 1115/2746/272
f 1114/2748/7 1115/3531/7 1120/2749/7
f 1124/2751/268 1123/3532/268 1122/2752/268
f 1123/2754/272 1126/3533/272 1125/2755/272
f 1126/2757/271 1128/3534/271 1127/2758/271
f 1128/2760/270 1124/3535/270 1121/2761/270
f 1121/2763/7 1122/3536/7 1125/2764/7
f 1132/2766/273 1131/3537/273 1130/2767/273
f 1129/2769/270 1130/3538/270 1134/2770/270
f 1135/2772/274 1133/3539/274 1134/2773/274
f 1135/2775/272 1136/3540/272 1131/2776/272
f 1130/2778/7 1131/3541/7 1136/2779/7
f 1135/2781/8 1132/3542/8 1129/2782/8
f 1060/2784/7 1108/3543/275 1137/2785/275
f 1091/2787/8 1139/3544/8 1138/2788/8
f 1138/2790/276 1140/3545/276 1092/2791/276
f 1137/2793/276 1139/3546/276 1091/2794/276
f 1109/2796/275 1141/3547/275 1093/2797/7
f 1063/2799/8 1111/3548/8 1110/2800/8
f 1142/2802/8 1107/3549/8 1059/2803/8
f 1064/2805/7 1092/3550/7 1140/2806/7
f 1093/2808/265 1141/3551/265 1142/2809/265
f 1050/2811/277 1053/3552/279 1101/2812/278
f 1054/2814/280 1102/3553/280 1100/2815/280
f 1106/2817/281 1099/3554/281 1051/2818/281
f 1095/2820/282 1096/3555/282 314/2821/283
f 217/2823/7 1097/3556/7 1098/2824/7
f 314/2826/8 1096/3557/8 1099/2827/8
f 219/2829/8 1101/3558/8 1100/2830/8
f 220/2832/7 1102/3559/7 1095/2833/7
f 221/2835/284 1104/3560/284 1103/2836/284
f 222/2838/284 1105/3561/285 1097/2839/284
f 311/2841/8 1103/3562/8 1105/2842/8
f 221/2844/7 315/3563/7 1106/2845/7
f 333/2847/283 1108/3564/283 1107/2848/283
f 334/2850/284 1109/3565/284 1110/2851/284
f 1111/2853/285 1112/3566/285 329/2854/284
f 1143/2856/286 1146/3567/286 1145/2857/286
f 1143/2859/287 1144/3568/288 1148/2860/288
f 1147/2862/289 1148/3569/289 1150/2863/289
f 1149/2865/290 1150/3570/290 1145/2866/290
f 1145/2868/7 1150/3571/7 1148/2869/7
f 1154/2871/286 1153/3572/286 1152/2872/286
f 1153/2874/291 1156/3573/291 1155/2875/291
f 1156/2877/289 1158/3574/289 1157/2878/289
f 1158/2880/292 1154/3575/292 1151/2881/292
f 1157/2883/7 1151/3576/7 1152/2884/7
f 1162/2886/294 1161/3577/294 1160/2887/294
f 1159/2889/293 1160/3578/293 1164/2890/293
f 1165/2892/295 1163/3579/295 1164/2893/295
f 1165/2895/296 1166/3580/296 1161/2896/296
f 1161/2898/7 1166/3581/7 1164/2899/7
f 1163/2901/8 1165/3582/8 1162/2902/8
f 1108/2904/275 333/3583/7 225/2905/7
f 1139/2907/8 330/3584/8 226/2908/8
f 226/2910/283 332/3585/283 1140/2911/283
f 225/2913/283 330/3586/283 1139/2914/283
f 334/2916/7 336/3587/7 1141/2917/275
f 1111/2919/8 224/3588/8 331/2920/8
f 335/2922/8 223/3589/8 1107/2923/8
f 1112/2925/7 1140/3590/7 332/2926/7
f 1141/2928/284 336/3591/284 335/2929/284
f 1098/2931/297 1101/3592/297 219/2932/283
f 1100/2934/283 1102/3593/283 220/2935/283
f 1106/2937/284 315/3594/284 218/2938/284
f 85/516/7 397/2970/7 1167/2940/7
f 86/513/8 183/512/8 1169/2941/8
f 86/510/13 1168/2967/13 1170/2943/13
f 202/507/13 1167/2965/13 1169/2944/13
f 201/503/7 400/2963/7 1171/2945/7
f 184/500/8 402/2961/8 399/2946/8
f 871/2947/15 872/3595/15 402/1155/15
f 866/2948/15 400/1153/15 399/1154/15
f 181/1005/8 203/492/8 1172/2950/8
f 1170/2952/7 401/2959/7 204/1004/7
f 1171/2953/15 1172/2957/15 203/484/15
f 397/1152/13 398/1151/13 863/2954/13
f 867/2956/15 868/3596/15 1172/2957/15
f 870/2958/7 871/3597/7 401/2959/7
f 1172/2950/8 868/3598/8 863/2960/8
f 402/2961/8 872/3599/8 869/2962/8
f 400/2963/7 866/3600/7 867/2964/7
f 1167/2965/13 865/3601/13 873/2966/13
f 1168/2967/13 874/3602/13 870/2968/13
f 1169/2941/8 873/3603/8 874/2969/8
f 397/2970/7 864/3604/7 865/2971/7
f 1176/2972/5 1175/3605/5 1174/2973/5
f 1175/2975/15 1178/3606/15 1177/2976/15
f 1178/2978/2 1180/3607/2 1179/2979/2
f 1180/2981/13 1176/3608/13 1173/2982/13
f 1173/2984/7 1174/3609/7 1177/2985/7
f 1184/2987/298 1183/3610/298 1182/2988/298
f 1185/2990/299 1181/3611/299 1182/2991/299
f 1185/2993/300 1186/3612/300 1188/2994/300
f 1187/2996/301 1188/3613/301 1183/2997/301
f 1182/2999/7 1183/3614/7 1188/3000/7
usemtl Default_OBJ.001
s off
f 1190/3615/318 1189/3616/318 1192/3617/318
f 1193/3618/319 1196/3619/319 1195/3620/319
f 1198/3621/320 1197/3622/320 1200/3623/321
f 1191/3624/7 1192/3625/7 1202/3626/7
f 1204/3627/8 1203/3628/8 1206/3629/8
f 1204/3630/322 1205/3631/323 1208/3632/324
f 1203/3633/325 1201/3634/325 1202/3635/325
f 1196/3636/7 1193/3637/7 1210/3638/7
f 1195/3639/8 1200/3640/8 1197/3641/8
f 1190/3642/8 1211/3643/8 1212/3644/8
f 1198/3645/7 1199/3646/7 1207/3647/7
f 1212/3648/326 1211/3649/326 1209/3650/326
f 1189/3651/327 1213/3652/327 1214/3653/327
f 1216/3654/328 1215/3655/329 1193/3656/329
f 1218/3657/330 1217/3658/330 1197/3659/330
f 1192/3660/7 1214/3661/7 1219/3662/7
f 1205/3663/8 1206/3664/8 1221/3665/8
f 1208/3666/331 1205/3667/331 1220/3668/331
f 1202/3669/332 1219/3670/332 1221/3671/332
f 1193/3672/7 1215/3673/7 1223/3674/7
f 1194/3675/8 1197/3676/8 1217/3677/8
f 1189/3678/8 1212/3679/8 1224/3680/8
f 1218/3681/7 1198/3682/7 1208/3683/7
f 1224/3684/333 1212/3685/333 1210/3686/333
f 1213/3687/334 1225/3688/334 1226/3689/334
f 1228/3690/335 1227/3691/336 1215/3692/335
f 1230/3693/337 1229/3694/338 1217/3695/337
f 1214/3696/7 1226/3697/7 1231/3698/7
f 1220/3699/8 1221/3700/8 1233/3701/8
f 1222/3702/339 1220/3703/340 1232/3704/339
f 1219/3705/341 1231/3706/341 1233/3707/341
f 1215/3708/7 1227/3709/7 1235/3710/7
f 1216/3711/8 1217/3712/8 1229/3713/8
f 1213/3714/8 1224/3715/8 1236/3716/8
f 1230/3717/7 1218/3718/7 1222/3719/7
f 1236/3720/342 1224/3721/342 1223/3722/342
f 1237/3723/343 1238/3724/343 1226/3725/343
f 1240/3726/344 1239/3727/344 1227/3728/344
f 1242/3729/345 1241/3730/345 1229/3731/345
f 1226/3732/7 1238/3733/7 1243/3734/7
f 1233/3735/8 1245/3736/8 1244/3737/8
f 1234/3738/346 1232/3739/346 1244/3740/346
f 1233/3741/346 1231/3742/346 1243/3743/346
f 1235/3744/7 1227/3745/7 1239/3746/7
f 1229/3747/8 1241/3748/8 1240/3749/8
f 1225/3750/8 1236/3751/8 1248/3752/8
f 1230/3753/7 1234/3754/7 1246/3755/7
f 1248/3756/347 1236/3757/347 1235/3758/347
f 1249/3759/348 1250/3760/348 1238/3761/348
f 1251/3762/349 1239/3763/349 1240/3764/349
f 1254/3765/350 1253/3766/350 1241/3767/350
f 1238/3768/7 1250/3769/7 1255/3770/7
f 1245/3771/8 1257/3772/8 1256/3773/8
f 1246/3774/351 1244/3775/351 1256/3776/351
f 1243/3777/351 1255/3778/351 1257/3779/351
f 1247/3780/7 1239/3781/7 1251/3782/7
f 1241/3783/8 1253/3784/8 1252/3785/8
f 1237/3786/8 1248/3787/8 1260/3788/8
f 1242/3789/7 1246/3790/7 1258/3791/7
f 1260/3792/349 1248/3793/349 1247/3794/349
f 1262/3795/7 1261/3796/7 1264/3797/7
f 1262/3795/7 1263/3798/7 1266/3799/7
f 1267/3800/8 1270/3801/8 1269/3802/8
f 1268/3803/8 1269/3802/8 1272/3804/8
f 1274/3805/13 1273/3806/13 1267/3807/13
f 1275/3808/13 1274/3805/13 1268/3809/13
f 1270/3810/13 1261/3811/13 1262/3812/13
f 1272/3813/13 1269/3814/13 1262/3812/13
f 1277/3815/7 1276/3816/7 1279/3817/7
f 1277/3815/7 1278/3818/7 1281/3819/7
f 1282/3820/8 1285/3821/8 1284/3822/8
f 1283/3823/8 1284/3822/8 1287/3824/8
f 1289/3825/15 1288/3826/15 1287/3827/15
f 1283/3828/15 1286/3829/15 1281/3830/15
f 1291/3831/8 1290/3832/8 1293/3833/8
f 1291/3831/8 1292/3834/8 1295/3835/8
f 1273/3836/7 1274/3837/7 1289/3838/7
f 1289/3838/7 1274/3837/7 1275/3839/7
f 1293/3840/15 1276/3841/15 1277/3842/15
f 1292/3843/15 1277/3842/15 1280/3844/15
f 1294/3845/13 1266/3846/13 1263/3847/13
f 1291/3848/13 1263/3847/13 1264/3849/13
f 1290/3850/13 1264/3849/13 1298/3851/13
f 1300/3852/15 1299/3853/15 1276/3841/15
f 1302/3854/7 1301/3855/7 1273/3836/7
f 1290/3832/8 1297/3856/8 1300/3857/8
f 1282/3858/15 1283/3828/15 1278/3859/15
f 1303/3860/15 1282/3858/15 1279/3861/15
f 1289/3825/15 1284/3862/15 1285/3863/15
f 1302/3864/15 1296/3865/15 1285/3863/15
f 1303/3866/8 1305/3867/8 1285/3821/8
f 1299/3868/7 1304/3869/7 1279/3817/7
f 1270/3810/13 1306/3870/13 1307/3871/13
f 1273/3806/13 1301/3872/13 1308/3873/13
f 1308/3874/8 1306/3875/8 1270/3801/8
f 1261/3796/7 1307/3876/7 1298/3877/7
f 1301/3878/2 1302/3879/2 1306/3880/2
f 1302/3879/2 1305/3881/2 1303/3882/2
f 1297/3883/2 1298/3884/2 1307/3885/2
f 1300/3886/2 1297/3883/2 1304/3887/2
f 1303/3882/2 1304/3887/2 1307/3885/2
f 1255/3888/352 1250/3889/352 1249/3890/352
f 1260/3891/353 1259/3892/353 1251/3893/353
f 1251/3893/354 1252/3894/355 1257/3895/356
f 1252/3894/357 1253/3896/358 1254/3897/359
f 1258/3898/360 1256/3899/360 1257/3895/361
f 1190/3900/362 1191/3901/362 1201/3902/363
f 1196/3903/364 1209/3904/364 1211/3905/364
f 1201/3902/365 1203/3906/366 1195/3907/367
f 1195/3907/368 1203/3906/369 1199/3908/370
f 1203/3906/371 1204/3909/372 1207/3910/373
f 1265/3911/5 1266/3912/5 1294/3913/5
f 1295/3914/5 1280/3915/5 1281/3916/5
f 1265/3911/5 1281/3916/5 1286/3917/5
f 1286/3917/5 1287/3918/5 1288/3919/5
f 1275/3920/5 1271/3921/5 1272/3922/5
f 1190/3615/318 1192/3617/318 1191/3923/318
f 1193/3618/374 1195/3620/374 1194/3924/374
f 1198/3621/375 1200/3623/375 1199/3925/375
f 1191/3624/7 1202/3626/7 1201/3926/7
f 1204/3627/8 1206/3629/8 1205/3927/8
f 1204/3630/376 1208/3632/376 1207/3928/376
f 1203/3633/325 1202/3635/325 1206/3929/325
f 1196/3636/7 1210/3638/7 1209/3930/7
f 1195/3639/8 1197/3641/8 1194/3931/8
f 1190/3642/8 1212/3644/8 1189/3932/8
f 1198/3645/7 1207/3647/7 1208/3933/7
f 1212/3648/326 1209/3650/326 1210/3934/326
f 1189/3651/377 1214/3653/377 1192/3935/377
f 1216/3654/378 1193/3656/378 1194/3936/378
f 1218/3657/379 1197/3659/379 1198/3937/379
f 1192/3660/7 1219/3662/7 1202/3938/7
f 1205/3663/8 1221/3665/8 1220/3939/8
f 1208/3666/380 1220/3668/380 1222/3940/380
f 1202/3669/332 1221/3671/332 1206/3941/332
f 1193/3672/7 1223/3674/7 1210/3942/7
f 1194/3675/8 1217/3677/8 1216/3943/8
f 1189/3678/8 1224/3680/8 1213/3944/8
f 1218/3681/7 1208/3683/7 1222/3945/7
f 1224/3684/333 1210/3686/333 1223/3946/333
f 1213/3687/381 1226/3689/381 1214/3947/381
f 1228/3690/382 1215/3692/382 1216/3948/382
f 1230/3693/383 1217/3695/384 1218/3949/385
f 1214/3696/7 1231/3698/7 1219/3950/7
f 1220/3699/8 1233/3701/8 1232/3951/8
f 1222/3702/386 1232/3704/386 1234/3952/386
f 1219/3705/341 1233/3707/341 1221/3953/341
f 1215/3708/7 1235/3710/7 1223/3954/7
f 1216/3711/8 1229/3713/8 1228/3955/8
f 1213/3714/8 1236/3716/8 1225/3956/8
f 1230/3717/7 1222/3719/7 1234/3957/7
f 1236/3720/342 1223/3722/342 1235/3958/342
f 1237/3723/343 1226/3725/343 1225/3959/343
f 1240/3726/344 1227/3728/344 1228/3960/344
f 1242/3729/387 1229/3731/387 1230/3961/387
f 1226/3732/7 1243/3734/7 1231/3962/7
f 1233/3735/8 1244/3737/8 1232/3963/8
f 1234/3738/346 1244/3740/346 1246/3964/346
f 1233/3741/346 1243/3743/346 1245/3965/346
f 1235/3744/7 1239/3746/7 1247/3966/7
f 1229/3747/8 1240/3749/8 1228/3967/8
f 1225/3750/8 1248/3752/8 1237/3968/8
f 1230/3753/7 1246/3755/7 1242/3969/7
f 1248/3756/347 1235/3758/347 1247/3970/347
f 1249/3759/348 1238/3761/348 1237/3971/348
f 1251/3762/349 1240/3764/349 1252/3972/349
f 1254/3765/388 1241/3767/388 1242/3973/388
f 1238/3768/7 1255/3770/7 1243/3974/7
f 1245/3771/8 1256/3773/8 1244/3975/8
f 1246/3774/351 1256/3776/351 1258/3976/351
f 1243/3777/351 1257/3779/351 1245/3977/351
f 1247/3780/7 1251/3782/7 1259/3978/7
f 1241/3783/8 1252/3785/8 1240/3979/8
f 1237/3786/8 1260/3788/8 1249/3980/8
f 1242/3789/7 1258/3791/7 1254/3981/7
f 1260/3792/349 1247/3794/349 1259/3982/349
f 1262/3795/7 1264/3797/7 1263/3798/7
f 1262/3795/7 1266/3799/7 1265/3983/7
f 1267/3800/8 1269/3802/8 1268/3803/8
f 1268/3803/8 1272/3804/8 1271/3984/8
f 1274/3805/13 1267/3807/13 1268/3809/13
f 1275/3808/13 1268/3809/13 1271/3985/13
f 1270/3810/13 1262/3812/13 1269/3814/13
f 1272/3813/13 1262/3812/13 1265/3986/13
f 1277/3815/7 1279/3817/7 1278/3818/7
f 1277/3815/7 1281/3819/7 1280/3987/7
f 1282/3820/8 1284/3822/8 1283/3823/8
f 1283/3823/8 1287/3824/8 1286/3988/8
f 1289/3825/15 1287/3827/15 1284/3862/15
f 1283/3828/15 1281/3830/15 1278/3859/15
f 1291/3831/8 1293/3833/8 1292/3834/8
f 1291/3831/8 1295/3835/8 1294/3989/8
f 1273/3836/7 1289/3838/7 1296/3990/7
f 1289/3838/7 1275/3839/7 1288/3991/7
f 1293/3840/15 1277/3842/15 1292/3843/15
f 1292/3843/15 1280/3844/15 1295/3992/15
f 1294/3845/13 1263/3847/13 1291/3848/13
f 1291/3848/13 1264/3849/13 1290/3850/13
f 1290/3850/13 1298/3851/13 1297/3993/13
f 1300/3852/15 1276/3841/15 1293/3840/15
f 1302/3854/7 1273/3836/7 1296/3990/7
f 1290/3832/8 1300/3857/8 1293/3833/8
f 1282/3858/15 1278/3859/15 1279/3861/15
f 1303/3860/15 1279/3861/15 1304/3994/15
f 1289/3825/15 1285/3863/15 1296/3865/15
f 1302/3864/15 1285/3863/15 1305/3995/15
f 1303/3866/8 1285/3821/8 1282/3820/8
f 1299/3868/7 1279/3817/7 1276/3816/7
f 1270/3810/13 1307/3871/13 1261/3811/13
f 1273/3806/13 1308/3873/13 1267/3807/13
f 1308/3874/8 1270/3801/8 1267/3800/8
f 1261/3796/7 1298/3877/7 1264/3797/7
f 1301/3878/2 1306/3880/2 1308/3996/2
f 1302/3879/2 1303/3882/2 1306/3880/2
f 1297/3883/2 1307/3885/2 1304/3887/2
f 1300/3886/2 1304/3887/2 1299/3997/2
f 1303/3882/2 1307/3885/2 1306/3880/2
f 1255/3888/389 1249/3890/389 1260/3891/389
f 1260/3891/390 1251/3893/390 1255/3888/390
f 1251/3893/354 1257/3895/391 1255/3888/354
f 1252/3894/392 1254/3897/393 1257/3895/394
f 1258/3898/395 1257/3895/396 1254/3897/397
f 1190/3900/398 1201/3902/398 1211/3905/398
f 1196/3903/399 1211/3905/399 1201/3902/399
f 1201/3902/365 1195/3907/400 1196/3903/365
f 1195/3907/401 1199/3908/402 1200/3998/403
f 1203/3906/404 1207/3910/405 1199/3908/406
f 1265/3911/5 1294/3913/5 1295/3914/5
f 1295/3914/5 1281/3916/5 1265/3911/5
f 1265/3911/5 1286/3917/5 1272/3922/5
f 1286/3917/5 1288/3919/5 1275/3920/5
f 1275/3920/5 1272/3922/5 1286/3917/5
