# Blender v3.1.2 OBJ File: '45degswitch.blend'
# www.blender.org
mtllib 4x3_right.mtl
o track_normal.002
v -3.218159 0.071584 -2.781842
v -3.242302 0.041289 -2.757699
v -3.224971 0.041289 -2.775030
v -3.212423 0.041289 -2.787577
v -3.254849 0.025803 -2.745151
v -3.212423 0.025803 -2.787577
v -3.249114 0.071584 -2.750886
v -3.249114 0.085803 -2.750886
v -3.242302 0.071584 -2.757699
v -3.224971 0.071584 -2.775030
v -3.218159 0.085803 -2.781842
v -0.242302 0.071584 0.242301
v -0.218158 0.085803 0.218158
v -0.218158 0.071584 0.218158
v -0.224971 0.071584 0.224970
v -0.249114 0.071584 0.249114
v -0.212423 0.025803 0.212423
v -0.254849 0.025803 0.254849
v -0.254849 0.041289 0.254849
v -0.242302 0.041289 0.242301
v -0.224971 0.041289 0.224970
v -0.212423 0.041289 0.212423
v -0.249114 0.085803 0.249114
v -3.254849 0.041289 -2.745151
v -2.741871 0.041289 -2.257175
v -2.242133 0.041289 -1.757437
v -1.742395 0.041289 -1.257699
v -1.242657 0.041289 -0.757961
v -0.742919 0.041289 -0.258223
v -2.711992 0.041289 -2.287053
v -2.212254 0.041289 -1.787315
v -1.712516 0.041289 -1.287577
v -1.212778 0.041289 -0.787839
v -0.713040 0.041289 -0.288101
v -2.724540 0.071584 -2.274506
v -2.224802 0.071584 -1.774768
v -1.725064 0.071584 -1.275030
v -1.225326 0.071584 -0.775292
v -0.725588 0.071584 -0.275554
v -2.717728 0.085803 -2.281318
v -2.217989 0.085803 -1.781580
v -1.718251 0.085803 -1.281842
v -1.218513 0.085803 -0.782104
v -0.718775 0.085803 -0.282366
v -2.748683 0.085803 -2.250362
v -2.248945 0.085803 -1.750624
v -1.749207 0.085803 -1.250886
v -1.249469 0.085803 -0.751148
v -0.749731 0.085803 -0.251410
v -0.755466 0.041289 -0.245675
v -1.255204 0.041289 -0.745413
v -1.754942 0.041289 -1.245151
v -2.254680 0.041289 -1.744889
v -2.754418 0.041289 -2.244627
v -2.741871 0.071584 -2.257175
v -2.242133 0.071584 -1.757437
v -1.742395 0.071584 -1.257699
v -1.242657 0.071584 -0.757961
v -0.742919 0.071584 -0.258223
v -2.711992 0.025803 -2.287053
v -2.212254 0.025803 -1.787315
v -1.712516 0.025803 -1.287577
v -1.212778 0.025803 -0.787839
v -0.713040 0.025803 -0.288101
v -2.754418 0.025803 -2.244627
v -2.254680 0.025803 -1.744889
v -1.754942 0.025803 -1.245151
v -1.255204 0.025803 -0.745413
v -0.755466 0.025803 -0.245675
v -2.748683 0.071584 -2.250362
v -2.248945 0.071584 -1.750624
v -1.749207 0.071584 -1.250886
v -1.249469 0.071584 -0.751148
v -0.749731 0.071584 -0.251410
v -2.717728 0.071584 -2.281318
v -2.217989 0.071584 -1.781580
v -1.718251 0.071584 -1.281842
v -1.218513 0.071584 -0.782104
v -0.718775 0.071584 -0.282366
v -2.724540 0.041289 -2.274506
v -2.224802 0.041289 -1.774768
v -1.725064 0.041289 -1.275030
v -1.225326 0.041289 -0.775292
v -0.725588 0.041289 -0.275554
v -2.306730 0.041289 -2.816522
v -2.312465 0.071584 -2.810787
v -2.336609 0.071584 -2.786644
v -2.349156 0.041289 -2.774096
v -2.781842 0.085803 -3.218159
v -2.781842 0.071584 -3.218159
v -3.108198 0.054721 -2.701094
v -3.129411 0.054721 -2.722307
v -3.150624 0.054721 -2.701094
v -2.787577 0.041289 -3.212423
v -2.775030 0.041289 -3.224971
v -2.750886 0.085803 -3.249114
v -2.757699 0.071584 -3.242302
v -2.750886 0.071584 -3.249114
v -2.722305 -0.025279 -3.129413
v -2.722305 0.054721 -3.129413
v -2.701092 0.054721 -3.150626
v -2.701092 -0.025279 -3.150626
v -2.701092 -0.025279 -3.108200
v -2.679879 -0.025279 -3.129413
v -2.679879 0.054721 -3.129413
v -3.129411 -0.025279 -2.722307
v -3.150624 -0.025279 -2.701094
v -3.108198 -0.025279 -2.701094
v -3.129411 0.054721 -2.679881
v -3.129411 -0.025279 -2.679881
v -3.297090 -0.030000 -2.632411
v -3.297090 0.030000 -2.632411
v -2.632409 0.030000 -3.297091
v -2.533414 -0.030000 -3.198096
v -2.775030 0.071584 -3.224971
v -2.745151 0.041289 -3.254849
v -2.745151 0.025803 -3.254849
v -2.757699 0.041289 -3.242302
v -2.787577 0.025803 -3.212423
v -2.533414 0.030000 -3.198096
v -3.198094 0.030000 -2.533416
v -3.198094 -0.030000 -2.533416
v -2.632409 -0.030000 -3.297091
v -2.701092 0.054721 -3.108200
v -2.415864 0.071584 -2.914186
v -2.415864 0.085803 -2.914186
v -2.477831 -0.030000 -3.142513
v -2.378836 -0.030000 -3.043517
v -2.576838 0.025803 -3.086632
v -2.410128 0.025803 -2.919921
v -2.576838 0.041289 -3.086632
v -2.613529 0.085803 -3.049941
v -2.589386 0.071584 -3.074084
v -2.606717 0.071584 -3.056753
v -2.582573 0.085803 -3.080895
v -2.582573 0.071584 -3.080895
v -2.606717 0.041289 -3.056753
v -2.589386 0.041289 -3.074084
v -2.619264 0.025803 -3.044205
v -2.619264 0.041289 -3.044205
v -2.410128 0.041289 -2.919921
v -2.452555 0.025803 -2.877495
v -2.440007 0.041289 -2.890043
v -2.422676 0.041289 -2.907373
v -2.440007 0.071584 -2.890043
v -2.422676 0.071584 -2.907373
v -2.446819 0.085803 -2.883230
v -2.446819 0.071584 -2.883230
v -2.567727 -0.025279 -2.974834
v -2.567727 0.054721 -2.974834
v -2.546514 0.054721 -2.996047
v -2.546514 -0.025279 -2.996047
v -2.546514 -0.025279 -2.953621
v -2.546514 0.054721 -2.953621
v -2.525301 -0.025279 -2.974834
v -2.525301 0.054721 -2.974834
v -2.974833 0.054721 -2.567729
v -2.974833 -0.025279 -2.567729
v -2.996046 -0.025279 -2.546515
v -2.953620 0.054721 -2.546515
v -2.953620 -0.025279 -2.546515
v -2.974833 0.054721 -2.525303
v -2.974833 -0.025279 -2.525302
v -3.142511 -0.030000 -2.477833
v -3.043516 0.030000 -2.378838
v -3.142511 0.030000 -2.477833
v -2.613529 0.071584 -3.049941
v -2.996046 0.054721 -2.546515
v -2.378836 0.030000 -3.043518
v -3.043516 -0.030000 -2.378838
v -2.477831 0.030000 -3.142513
v -2.826830 0.054721 -2.377300
v -2.848043 0.054721 -2.398513
v -2.895513 -0.030000 -2.230834
v -2.230833 -0.030000 -2.895514
v -2.895513 0.030000 -2.230834
v -2.329828 0.030000 -2.994509
v -2.994509 0.030000 -2.329830
v -2.826830 0.054721 -2.419726
v -2.805616 0.054721 -2.398513
v -2.306730 0.025803 -2.816522
v -2.312465 0.085803 -2.810787
v -2.319277 0.071584 -2.803975
v -2.343421 0.071584 -2.779831
v -2.419724 -0.025279 -2.826832
v -2.398511 0.054721 -2.848045
v -2.398511 -0.025279 -2.848045
v -2.398511 -0.025279 -2.805618
v -2.398511 0.054721 -2.805618
v -2.377298 -0.025279 -2.826832
v -2.377298 0.054721 -2.826832
v -2.826830 -0.025279 -2.419726
v -2.848043 -0.025279 -2.398513
v -2.805616 -0.025279 -2.398513
v -2.826830 -0.025279 -2.377300
v -2.994509 -0.030000 -2.329830
v -2.329828 -0.030000 -2.994509
v -2.230833 0.030000 -2.895514
v -2.419724 0.054721 -2.826832
v -2.452555 0.041289 -2.877495
v -2.336609 0.041289 -2.786644
v -2.319277 0.041289 -2.803975
v -2.349156 0.025803 -2.774096
v -2.343421 0.085803 -2.779831
v -0.227836 0.025804 -0.652775
v -0.227836 0.041290 -0.652775
v -0.222110 0.085803 -0.658519
v -0.191202 0.085803 -0.689523
v -0.185476 0.025804 -0.695267
v -0.215309 0.071584 -0.665342
v -0.222110 0.071584 -0.658519
v -0.215309 0.041290 -0.665342
v -0.198004 0.071584 -0.682700
v -0.198004 0.041290 -0.682700
v -0.191202 0.071584 -0.689523
v -0.185476 0.041290 -0.695267
v -1.147634 0.085803 -3.629804
v -1.139523 0.025803 -3.629804
v -1.191411 0.071584 -3.629804
v -1.181777 0.041289 -3.629804
v -1.157268 0.041289 -3.629804
v -1.147634 0.071584 -3.629804
v -1.860476 0.025803 -3.629306
v -1.808588 0.071584 -3.629306
v -1.842731 0.041289 -3.629306
v -1.852365 0.071584 -3.629306
v 0.218158 0.071584 -0.218158
v 0.242301 0.071584 -0.242302
v 0.224970 0.071584 -0.224971
v 0.249114 0.085803 -0.249114
v 0.249114 0.071584 -0.249114
v 0.224970 0.041289 -0.224971
v 0.242301 0.041289 -0.242302
v 0.212423 0.041289 -0.212423
v 0.212423 0.025803 -0.212423
v 0.109577 -0.025279 -0.297528
v 0.109577 0.054721 -0.297528
v 0.130790 0.054721 -0.318742
v 0.130790 -0.025279 -0.318742
v 0.130790 -0.025279 -0.276315
v 0.130790 0.054721 -0.276315
v 0.152003 -0.025279 -0.297528
v 0.152003 0.054721 -0.297528
v -0.318742 0.054721 0.130790
v -0.297528 0.054721 0.109577
v -0.297528 -0.025279 0.109577
v -0.318742 -0.025279 0.130790
v -0.276315 -0.025279 0.130790
v -0.297528 0.054721 0.152003
v -0.297528 -0.025279 0.152003
v -0.276315 0.054721 0.130790
v 0.218158 0.085803 -0.218158
v 0.254849 0.025803 -0.254849
v 0.254849 0.041289 -0.254849
v -0.465207 -0.030000 0.199474
v -0.465207 0.030000 0.199474
v 0.199474 0.030000 -0.465207
v 0.199474 -0.030000 -0.465207
v -0.366212 -0.030000 0.298469
v -0.366212 0.030000 0.298469
v 0.298469 -0.030000 -0.366212
v 0.298469 0.030000 -0.366212
v -0.041868 -0.025279 -0.448974
v -0.020655 0.054721 -0.470187
v -0.020655 -0.025279 -0.470187
v -0.020655 -0.025279 -0.427761
v 0.000558 -0.025279 -0.448974
v 0.000558 0.054721 -0.448974
v -0.448974 -0.025279 -0.041868
v -0.470187 -0.025279 -0.020655
v -0.427761 -0.025279 -0.020655
v -0.448974 0.054721 0.000558
v -0.448974 -0.025279 0.000558
v -0.041868 0.054721 -0.448974
v -0.020655 0.054721 -0.427761
v -0.427761 0.054721 -0.020655
v -0.448974 0.054721 -0.041868
v -0.470187 0.054721 -0.020655
v -0.616652 -0.030000 0.048028
v -0.616652 0.030000 0.048028
v 0.048028 0.030000 -0.616652
v 0.048028 -0.030000 -0.616652
v -0.517657 -0.030000 0.147023
v -0.517657 0.030000 0.147023
v 0.147023 -0.030000 -0.517657
v 0.147023 0.030000 -0.517657
v -0.191704 -0.025279 -0.598810
v -0.170491 0.054721 -0.620023
v -0.170491 -0.025279 -0.620023
v -0.170491 -0.025279 -0.577597
v -0.149278 -0.025279 -0.598810
v -0.149278 0.054721 -0.598810
v -0.598810 0.054721 -0.191705
v -0.598810 -0.025279 -0.191705
v -0.620023 -0.025279 -0.170492
v -0.577597 -0.025279 -0.170492
v -0.598810 0.054721 -0.149279
v -0.598810 -0.025279 -0.149279
v -0.766488 -0.030000 -0.101809
v -0.101808 0.030000 -0.766488
v -0.667493 -0.030000 -0.002814
v -0.667493 0.030000 -0.002814
v -0.002813 -0.030000 -0.667493
v -0.766488 0.030000 -0.101809
v -0.577597 0.054721 -0.170492
v -0.101808 -0.030000 -0.766488
v -0.620023 0.054721 -0.170492
v -0.002813 0.030000 -0.667493
v -0.191704 0.054721 -0.598810
v -0.170491 0.054721 -0.577597
v -1.157268 0.071584 -3.629804
v -1.191411 0.085803 -3.629804
v -1.181777 0.071584 -3.629804
v -1.199522 0.025803 -3.629804
v -1.139523 0.041289 -3.629804
v -1.199522 0.041289 -3.629804
v -1.139522 0.025803 -4.000000
v -1.139522 0.041289 -4.000000
v -1.181777 0.041289 -4.000000
v -1.157267 0.041289 -4.000000
v -1.199522 0.025803 -4.000000
v -1.199522 0.041289 -4.000000
v -1.157267 0.071584 -4.000000
v -1.181777 0.071584 -4.000000
v -1.191411 0.071584 -4.000000
v -1.191411 0.085803 -4.000000
v -1.147633 0.085803 -4.000000
v -1.147633 0.071584 -4.000000
v -1.808588 0.085803 -3.629306
v -1.842731 0.071584 -3.629306
v -1.818222 0.071584 -3.629306
v -1.852365 0.085803 -3.629306
v -1.860476 0.041289 -3.629306
v -1.818222 0.041289 -3.629306
v -1.800477 0.025803 -3.629306
v -1.800477 0.041289 -3.629306
v -1.860476 0.025803 -4.000000
v -1.860476 0.041289 -4.000000
v -1.800476 0.025803 -4.000000
v -1.818221 0.041289 -4.000000
v -1.800476 0.041289 -4.000000
v -1.842731 0.041289 -4.000000
v -1.852365 0.071584 -4.000000
v -1.852365 0.085803 -4.000000
v -1.818221 0.071584 -4.000000
v -1.842731 0.071584 -4.000000
v -1.808587 0.085803 -4.000000
v -1.808587 0.071584 -4.000000
v -1.787867 -0.025279 -3.680850
v -1.787867 0.054721 -3.680850
v -1.817867 0.054721 -3.680850
v -1.817867 -0.025279 -3.680850
v -1.787867 -0.025279 -3.710850
v -1.787867 0.054721 -3.710850
v -1.817867 -0.025279 -3.710850
v -1.817867 0.054721 -3.710850
v -1.182132 0.054721 -3.680850
v -1.212132 0.054721 -3.680850
v -1.212132 -0.025279 -3.680850
v -1.182132 -0.025279 -3.680850
v -1.212132 0.054721 -3.710850
v -1.212132 -0.025279 -3.710850
v -1.182132 0.054721 -3.710850
v -1.182132 -0.025279 -3.710850
v -1.787867 -0.025279 -3.875203
v -1.787867 0.054721 -3.875203
v -1.817867 0.054721 -3.875203
v -1.817867 -0.025279 -3.875203
v -1.787867 -0.025279 -3.905202
v -1.787867 0.054721 -3.905202
v -1.817867 -0.025279 -3.905202
v -1.817867 0.054721 -3.905202
v -1.182132 0.054721 -3.875202
v -1.212132 0.054721 -3.875202
v -1.212132 -0.025279 -3.875202
v -1.182132 -0.025279 -3.875202
v -1.212132 0.054721 -3.905202
v -1.212132 -0.025279 -3.905202
v -1.182132 0.054721 -3.905202
v -1.182132 -0.025279 -3.905202
v -1.029999 -0.030000 -3.820202
v -1.029999 0.030000 -3.820202
v -1.970000 0.030000 -3.820203
v -1.970000 -0.030000 -3.820203
v -1.029999 -0.030000 -3.960202
v -1.029999 0.030000 -3.960202
v -1.969999 -0.030000 -3.960202
v -1.969999 0.030000 -3.960202
v -1.029999 -0.030000 -3.625850
v -1.029999 0.030000 -3.625850
v -1.970000 0.030000 -3.625850
v -1.970000 -0.030000 -3.625850
v -1.029999 -0.030000 -3.765850
v -1.029999 0.030000 -3.765850
v -1.970000 -0.030000 -3.765850
v -1.970000 0.030000 -3.765850
v -1.776400 0.041289 -2.286192
v -1.776400 0.025803 -2.286192
v -1.806279 0.071584 -2.256313
v -1.806279 0.041289 -2.256313
v -1.813091 0.085803 -2.249501
v -1.813091 0.071584 -2.249501
v -0.898417 -0.025279 -0.491311
v -0.898417 0.054721 -0.491311
v -0.919630 0.054721 -0.470098
v -0.919630 -0.025279 -0.470098
v -0.919630 -0.025279 -0.512525
v -0.919630 0.054721 -0.512525
v -0.940843 -0.025279 -0.491311
v -0.940843 0.054721 -0.491311
v -1.075194 -0.025279 -0.668088
v -1.075194 0.054721 -0.668088
v -1.096407 0.054721 -0.646875
v -1.096407 -0.025279 -0.646875
v -1.096407 -0.025279 -0.689301
v -1.096407 0.054721 -0.689301
v -1.117620 -0.025279 -0.668088
v -1.117620 0.054721 -0.668088
v -1.251970 -0.025279 -0.844865
v -1.251970 0.054721 -0.844865
v -1.273183 0.054721 -0.823652
v -1.273183 -0.025279 -0.823652
v -1.273183 -0.025279 -0.866078
v -1.273183 0.054721 -0.866078
v -1.294396 -0.025279 -0.844865
v -1.294396 0.054721 -0.844865
v -0.677186 -0.030000 -1.341867
v -0.677186 0.030000 -1.341867
v -1.341867 0.030000 -0.677187
v -1.341867 -0.030000 -0.677187
v -0.776181 -0.030000 -1.440862
v -0.776181 0.030000 -1.440862
v -1.440862 -0.030000 -0.776182
v -1.440862 0.030000 -0.776182
v -0.500410 -0.030000 -1.165090
v -0.500410 0.030000 -1.165090
v -1.165090 0.030000 -0.500410
v -1.165090 -0.030000 -0.500410
v -0.599404 -0.030000 -1.264085
v -0.599404 0.030000 -1.264085
v -1.264085 -0.030000 -0.599405
v -1.264085 0.030000 -0.599405
v -0.323633 -0.030000 -0.988313
v -0.323633 0.030000 -0.988313
v -0.988313 0.030000 -0.323633
v -0.988313 -0.030000 -0.323633
v -0.422628 -0.030000 -1.087308
v -0.422628 0.030000 -1.087308
v -1.087308 -0.030000 -0.422628
v -1.087308 0.030000 -0.422628
v -0.146856 -0.030000 -0.811537
v -0.146856 0.030000 -0.811537
v -0.811537 0.030000 -0.146856
v -0.811537 -0.030000 -0.146856
v -0.245851 -0.030000 -0.910532
v -0.245851 0.030000 -0.910532
v -0.910532 -0.030000 -0.245851
v -0.910532 0.030000 -0.245851
v -1.428747 -0.025279 -1.021642
v -1.428747 0.054721 -1.021642
v -1.449960 0.054721 -1.000428
v -1.449960 -0.025279 -1.000428
v -1.449960 -0.025279 -1.042855
v -1.449960 0.054721 -1.042855
v -1.471173 -0.025279 -1.021642
v -1.471173 0.054721 -1.021642
v -1.605523 -0.025279 -1.198418
v -1.605523 0.054721 -1.198418
v -1.626737 0.054721 -1.177205
v -1.626737 -0.025279 -1.177205
v -1.626737 -0.025279 -1.219632
v -1.626737 0.054721 -1.219632
v -1.647950 -0.025279 -1.198418
v -1.647950 0.054721 -1.198418
v -1.782300 -0.025279 -1.375195
v -1.782300 0.054721 -1.375195
v -1.803513 0.054721 -1.353982
v -1.803513 -0.025279 -1.353982
v -1.803513 -0.025279 -1.396408
v -1.803513 0.054721 -1.396408
v -1.824726 -0.025279 -1.375195
v -1.824726 0.054721 -1.375195
v -1.353981 0.054721 -1.803514
v -1.375195 0.054721 -1.782300
v -1.375195 -0.025279 -1.782300
v -1.353981 -0.025279 -1.803514
v -1.396408 0.054721 -1.803514
v -1.396408 -0.025279 -1.803514
v -1.375195 0.054721 -1.824727
v -1.375195 -0.025279 -1.824727
v -1.959077 -0.025279 -1.551972
v -1.959077 0.054721 -1.551972
v -1.980290 0.054721 -1.530759
v -1.980290 -0.025279 -1.530759
v -1.980290 -0.025279 -1.573185
v -1.980290 0.054721 -1.573185
v -2.001503 -0.025279 -1.551972
v -2.001503 0.054721 -1.551972
v -1.384293 -0.030000 -2.048974
v -1.384293 0.030000 -2.048974
v -2.048974 0.030000 -1.384293
v -2.048974 -0.030000 -1.384293
v -1.483288 -0.030000 -2.147969
v -1.483288 0.030000 -2.147969
v -2.147969 -0.030000 -1.483289
v -2.147969 0.030000 -1.483289
v -1.207516 -0.030000 -1.872197
v -1.207516 0.030000 -1.872197
v -1.872197 0.030000 -1.207517
v -1.872197 -0.030000 -1.207517
v -1.306511 -0.030000 -1.971192
v -1.306511 0.030000 -1.971192
v -1.971192 -0.030000 -1.306512
v -1.971192 0.030000 -1.306512
v -1.030740 -0.030000 -1.695421
v -1.030740 0.030000 -1.695421
v -1.695420 0.030000 -1.030740
v -1.695420 -0.030000 -1.030740
v -1.129735 -0.030000 -1.794415
v -1.129735 0.030000 -1.794415
v -1.794415 -0.030000 -1.129735
v -1.794415 0.030000 -1.129735
v -0.853963 -0.030000 -1.518644
v -0.853963 0.030000 -1.518644
v -1.518643 0.030000 -0.853963
v -1.518643 -0.030000 -0.853963
v -0.952958 -0.030000 -1.617639
v -0.952958 0.030000 -1.617639
v -1.617638 -0.030000 -0.952958
v -1.617638 0.030000 -0.952958
v -2.135853 -0.025279 -1.728748
v -2.135853 0.054721 -1.728748
v -2.157066 0.054721 -1.707535
v -2.157066 -0.025279 -1.707535
v -2.157066 -0.025279 -1.749961
v -2.157066 0.054721 -1.749961
v -2.178279 -0.025279 -1.728748
v -2.178279 0.054721 -1.728748
v -1.707535 0.054721 -2.157067
v -1.728748 0.054721 -2.135854
v -1.728748 -0.025279 -2.135854
v -1.707535 -0.025279 -2.157067
v -1.749961 0.054721 -2.157067
v -1.749961 -0.025279 -2.157067
v -1.728748 0.054721 -2.178280
v -1.728748 -0.025279 -2.178280
v -2.312630 -0.025279 -1.905525
v -2.312630 0.054721 -1.905525
v -2.333843 0.054721 -1.884312
v -2.333843 -0.025279 -1.884312
v -2.333843 -0.025279 -1.926738
v -2.333843 0.054721 -1.926738
v -2.355056 -0.025279 -1.905525
v -2.355056 0.054721 -1.905525
v -1.884312 0.054721 -2.333844
v -1.905525 0.054721 -2.312631
v -1.905525 -0.025279 -2.312631
v -1.884312 -0.025279 -2.333844
v -1.926738 0.054721 -2.333844
v -1.926738 -0.025279 -2.333844
v -1.905524 0.054721 -2.355057
v -1.905524 -0.025279 -2.355057
v -2.489406 -0.025279 -2.082302
v -2.489406 0.054721 -2.082302
v -2.510620 0.054721 -2.061089
v -2.510620 -0.025279 -2.061089
v -2.510620 -0.025279 -2.103515
v -2.510620 0.054721 -2.103515
v -2.531833 -0.025279 -2.082302
v -2.531833 0.054721 -2.082302
v -2.061088 0.054721 -2.510621
v -2.082301 0.054721 -2.489407
v -2.082301 -0.025279 -2.489407
v -2.061088 -0.025279 -2.510621
v -2.103514 0.054721 -2.510621
v -2.103514 -0.025279 -2.510621
v -2.082301 0.054721 -2.531834
v -2.082301 -0.025279 -2.531834
v -2.666183 -0.025279 -2.259079
v -2.666183 0.054721 -2.259079
v -2.687396 0.054721 -2.237865
v -2.687396 -0.025279 -2.237865
v -2.687397 -0.025279 -2.280292
v -2.687397 0.054721 -2.280292
v -2.708610 -0.025279 -2.259079
v -2.708610 0.054721 -2.259079
v -2.237864 0.054721 -2.687397
v -2.259078 0.054721 -2.666184
v -2.259078 -0.025279 -2.666184
v -2.237864 -0.025279 -2.687397
v -2.280291 0.054721 -2.687397
v -2.280291 -0.025279 -2.687397
v -2.259078 0.054721 -2.708611
v -2.259078 -0.025279 -2.708611
v -2.091399 -0.030000 -2.756081
v -2.091399 0.030000 -2.756081
v -2.756080 0.030000 -2.091400
v -2.756080 -0.030000 -2.091400
v -2.190394 -0.030000 -2.855076
v -2.190394 0.030000 -2.855076
v -2.855075 -0.030000 -2.190395
v -2.855075 0.030000 -2.190395
v -1.914623 -0.030000 -2.579304
v -1.914623 0.030000 -2.579304
v -2.579303 0.030000 -1.914624
v -2.579303 -0.030000 -1.914624
v -2.013618 -0.030000 -2.678299
v -2.013618 0.030000 -2.678299
v -2.678298 -0.030000 -2.013618
v -2.678298 0.030000 -2.013618
v -1.737846 -0.030000 -2.402527
v -1.737846 0.030000 -2.402527
v -2.402526 0.030000 -1.737847
v -2.402526 -0.030000 -1.737847
v -1.836841 -0.030000 -2.501522
v -1.836841 0.030000 -2.501522
v -2.501521 -0.030000 -1.836842
v -2.501521 0.030000 -1.836842
v -1.561069 -0.030000 -2.225750
v -1.561069 0.030000 -2.225750
v -2.225750 0.030000 -1.561070
v -2.225750 -0.030000 -1.561070
v -1.660065 -0.030000 -2.324746
v -1.660065 0.030000 -2.324746
v -2.324745 -0.030000 -1.660065
v -2.324745 0.030000 -1.660065
v -0.382338 0.041290 -0.809630
v -0.381836 0.025804 -0.809108
v -0.344068 0.085803 -0.844662
v -0.376355 0.085803 -0.815105
v -0.338163 0.025804 -0.850218
v -0.368923 0.071584 -0.821271
v -0.375933 0.071584 -0.814668
v -0.368923 0.041290 -0.821271
v -0.351083 0.071584 -0.838063
v -0.351083 0.041290 -0.838063
v -0.343715 0.071584 -0.845879
v -0.338163 0.041290 -0.850218
v -0.712226 -0.025739 -0.306552
v -0.712226 0.054262 -0.306552
v -0.733406 0.054262 -0.285306
v -0.733406 -0.025739 -0.285306
v -0.734159 -0.025739 -0.329395
v -0.734159 0.054262 -0.329395
v -0.755462 -0.025739 -0.308272
v -0.755462 0.054262 -0.308272
v -0.284570 0.054262 -0.735532
v -0.305750 0.054262 -0.714285
v -0.305750 -0.025739 -0.714285
v -0.284570 -0.025739 -0.735532
v -0.325333 0.054262 -0.734773
v -0.325333 -0.025739 -0.734773
v -0.304031 0.054262 -0.755896
v -0.304031 -0.025739 -0.755896
v -0.514921 0.041290 -0.965137
v -0.514468 0.025804 -0.964571
v -0.473790 0.085803 -0.996763
v -0.508492 0.085803 -0.970081
v -0.467430 0.025804 -1.001794
v -0.500559 0.071584 -0.975583
v -0.508110 0.071584 -0.969605
v -0.500559 0.041290 -0.975583
v -0.481345 0.071584 -0.990788
v -0.481345 0.041290 -0.990788
v -0.473790 0.071584 -0.996763
v -0.467430 0.041290 -1.001794
v -0.634591 0.041290 -1.132159
v -0.634188 0.025804 -1.131551
v -0.590995 0.085803 -1.160288
v -0.627777 0.085803 -1.136557
v -0.584241 0.025804 -1.164779
v -0.619419 0.071584 -1.141382
v -0.627436 0.071584 -1.136044
v -0.619419 0.041290 -1.141382
v -0.599016 0.071584 -1.154954
v -0.599016 0.041290 -1.154954
v -0.590995 0.071584 -1.160288
v -0.584241 0.041290 -1.164779
v -0.550770 0.054262 -1.043366
v -0.575167 0.054262 -1.025908
v -0.575167 -0.025739 -1.025908
v -0.550770 -0.025739 -1.043366
v -0.591020 0.054262 -1.047667
v -0.591020 -0.025739 -1.047667
v -0.566434 0.054262 -1.064858
v -0.566434 -0.025739 -1.064858
v -0.400196 -0.030460 -1.094884
v -0.400196 0.029540 -1.094884
v -1.153602 0.029540 -0.532766
v -1.153602 -0.030460 -0.532766
v -0.467359 -0.030460 -1.190145
v -0.467359 0.029540 -1.190145
v -1.248080 -0.030460 -0.666627
v -1.248080 0.029540 -0.666627
v -0.741288 0.041290 -1.309501
v -0.740936 0.025804 -1.308855
v -0.695636 0.085803 -1.334152
v -0.734152 0.085803 -1.313355
v -0.688553 0.025804 -1.338106
v -0.725446 0.071584 -1.317509
v -0.733855 0.071584 -1.312810
v -0.725446 0.041290 -1.317509
v -0.704048 0.071584 -1.329457
v -0.704048 0.041290 -1.329457
v -0.695636 0.071584 -1.334152
v -0.688553 0.041290 -1.338106
v -0.664383 0.054262 -1.213467
v -0.690109 0.054262 -1.198035
v -0.690109 -0.025739 -1.198035
v -0.664383 -0.025739 -1.213467
v -0.704087 0.054262 -1.221271
v -0.704087 -0.025739 -1.221272
v -0.678204 0.054262 -1.236440
v -0.678204 -0.025739 -1.236440
v -0.510148 -0.030460 -1.252003
v -0.510148 0.029540 -1.252003
v -1.307012 0.029540 -0.753400
v -1.307013 -0.030460 -0.753401
v -0.570095 -0.030460 -1.353606
v -0.570095 0.029540 -1.353606
v -1.389731 -0.030460 -0.893397
v -1.389731 0.029540 -0.893397
v -0.835259 0.041290 -1.495837
v -0.834958 0.025804 -1.495159
v -0.787942 0.085803 -1.517119
v -0.827863 0.085803 -1.499165
v -0.780591 0.025804 -1.520551
v -0.818880 0.071584 -1.502672
v -0.827610 0.071584 -1.498592
v -0.818880 0.041290 -1.502672
v -0.796672 0.071584 -1.513043
v -0.796672 0.041290 -1.513043
v -0.787942 0.071584 -1.517119
v -0.780591 0.041290 -1.520551
v -0.765269 0.054262 -1.393371
v -0.792090 0.054262 -1.379931
v -0.792089 -0.025739 -1.379930
v -0.765268 -0.025739 -1.393370
v -0.804171 0.054262 -1.404473
v -0.804171 -0.025739 -1.404473
v -0.777225 0.054262 -1.417659
v -0.777225 -0.025739 -1.417659
v -0.608213 -0.030460 -1.419604
v -0.608213 0.029540 -1.419604
v -1.441093 0.029540 -0.983817
v -1.441093 -0.030460 -0.983817
v -0.661421 -0.030460 -1.526646
v -0.661421 0.029540 -1.526646
v -1.512786 -0.030460 -1.128178
v -1.512786 0.029540 -1.128178
v -0.917018 0.041290 -1.689823
v -0.916767 0.025804 -1.689115
v -0.868386 0.085803 -1.707901
v -0.909417 0.085803 -1.692649
v -0.860822 0.025804 -1.710836
v -0.900223 0.071584 -1.695542
v -0.909206 0.071584 -1.692052
v -0.900223 0.041290 -1.695542
v -0.877370 0.071584 -1.704414
v -0.877370 0.041290 -1.704414
v -0.868386 0.071584 -1.707901
v -0.860822 0.041290 -1.710836
v -0.853782 0.054262 -1.581763
v -0.881479 0.054262 -1.570236
v -0.881479 -0.025739 -1.570236
v -0.853782 -0.025739 -1.581763
v -0.891676 0.054262 -1.595900
v -0.891676 -0.025739 -1.595900
v -0.863881 0.054262 -1.607189
v -0.863881 -0.025739 -1.607189
v -0.694466 -0.030460 -1.596644
v -0.694466 0.029540 -1.596644
v -1.556297 0.029540 -1.221351
v -1.556297 -0.030460 -1.221351
v -0.740614 -0.030460 -1.708795
v -0.740614 0.029540 -1.708795
v -1.616995 -0.030460 -1.368864
v -1.616995 0.029540 -1.368864
v -0.986465 0.041290 -1.890536
v -0.986238 0.025804 -1.889816
v -0.936827 0.085803 -1.905630
v -0.978706 0.085803 -1.892895
v -0.929102 0.025804 -1.908102
v -0.969341 0.071584 -1.895227
v -0.978515 0.071584 -1.892290
v -0.969341 0.041290 -1.895227
v -0.946002 0.071584 -1.902697
v -0.946002 0.041290 -1.902697
v -0.936827 0.071584 -1.905630
v -0.929102 0.041290 -1.908102
v -1.502759 -0.025739 -1.581303
v -1.502759 0.054262 -1.581303
v -1.531138 0.054262 -1.571576
v -1.531138 -0.025739 -1.571576
v -1.513363 -0.025739 -1.611928
v -1.513363 0.054262 -1.611928
v -1.541819 -0.025739 -1.602430
v -1.541819 0.054262 -1.602430
v -0.929751 0.054262 -1.777709
v -0.958130 0.054262 -1.767981
v -0.958130 -0.025739 -1.767981
v -0.929751 -0.025739 -1.777709
v -0.967250 0.054262 -1.794220
v -0.967249 -0.025739 -1.794221
v -0.938793 0.054262 -1.803720
v -0.938793 -0.025739 -1.803720
v -0.769662 -0.030460 -1.781667
v -0.769662 0.029540 -1.781667
v -1.654230 0.029540 -1.463642
v -1.654230 -0.030460 -1.463642
v -0.809050 -0.030460 -1.898197
v -0.809050 0.029540 -1.898197
v -1.704794 -0.030460 -1.613171
v -1.704794 0.029540 -1.613171
v -1.044529 0.041290 -2.096630
v -1.044349 0.025804 -2.095889
v -0.994135 0.085803 -2.108973
v -1.036652 0.085803 -2.098559
v -0.986284 0.025804 -2.111017
v -1.027177 0.071584 -2.100366
v -1.036500 0.071584 -2.097935
v -1.027177 0.041290 -2.100366
v -1.003459 0.071584 -2.106545
v -1.003459 0.041290 -2.106545
v -0.994135 0.071584 -2.108973
v -0.986284 0.041290 -2.111017
v -1.577484 -0.025739 -1.817088
v -1.577484 0.054262 -1.817088
v -1.606382 0.054262 -1.809030
v -1.606382 -0.025739 -1.809030
v -1.586104 -0.025739 -1.848100
v -1.586104 0.054262 -1.848100
v -1.615059 -0.025739 -1.840252
v -1.615059 0.054262 -1.840252
v -0.994011 0.054262 -1.979792
v -1.022909 0.054262 -1.971734
v -1.022909 -0.025739 -1.971734
v -0.994011 -0.025739 -1.979792
v -1.030422 0.054262 -1.998722
v -1.030422 -0.025739 -1.998722
v -1.001467 0.054262 -2.006571
v -1.001467 -0.025739 -2.006571
v -0.834396 -0.030460 -1.973494
v -0.834396 0.029540 -1.973494
v -1.736415 0.029540 -1.708994
v -1.736415 -0.030460 -1.708994
v -0.867410 -0.030460 -2.093700
v -0.867410 0.029540 -2.093700
v -1.777813 -0.030460 -1.859681
v -1.777813 0.029540 -1.859681
v -1.092745 0.041290 -2.306812
v -1.092611 0.025804 -2.306055
v -1.041797 0.085803 -2.316618
v -1.084782 0.085803 -2.308345
v -1.033852 0.025804 -2.318268
v -1.075233 0.071584 -2.309670
v -1.084669 0.071584 -2.307707
v -1.075233 0.041290 -2.309670
v -1.051232 0.071584 -2.314658
v -1.051232 0.041290 -2.314658
v -1.041797 0.071584 -2.316618
v -1.033852 0.041290 -2.318268
v -1.676046 0.025803 -2.185838
v -1.676046 0.041289 -2.185838
v -1.688594 0.041289 -2.173290
v -1.705925 0.041289 -2.155959
v -1.718472 0.041289 -2.143412
v -1.718472 0.025803 -2.143412
v -1.705925 0.071584 -2.155959
v -1.681781 0.085803 -2.180103
v -1.712737 0.085803 -2.149147
v -1.712737 0.071584 -2.149147
v -1.688593 0.071584 -2.173290
v -1.681781 0.071584 -2.180103
v -1.047963 0.054262 -2.186635
v -1.077247 0.054262 -2.180120
v -1.077247 -0.025739 -2.180120
v -1.047963 -0.025739 -2.186635
v -1.083017 0.054262 -2.207784
v -1.083017 -0.025739 -2.207784
v -1.053692 0.054262 -2.214111
v -1.053692 -0.025739 -2.214111
v -0.888207 -0.030460 -2.171554
v -0.888207 0.029540 -2.171554
v -1.803198 0.029540 -1.956169
v -1.803198 -0.030460 -1.956169
v -0.915150 -0.030460 -2.294819
v -0.915150 0.029540 -2.294819
v -1.836266 -0.030460 -2.107356
v -1.836266 0.029540 -2.107356
v -1.130228 0.041290 -2.520758
v -1.130116 0.025804 -2.519994
v -1.078892 0.085803 -2.528269
v -1.122204 0.085803 -2.521932
v -1.070884 0.025804 -2.529562
v -1.112598 0.071584 -2.522827
v -1.122109 0.071584 -2.521288
v -1.112598 0.041290 -2.522827
v -1.088403 0.071584 -2.526734
v -1.088403 0.041290 -2.526734
v -1.078892 0.071584 -2.528269
v -1.070884 0.041290 -2.529562
v -1.782493 0.025804 -2.413925
v -1.739518 0.025804 -2.170769
v -1.739518 0.041290 -2.170769
v -1.782493 0.041290 -2.413925
v -1.740700 0.041290 -2.420124
v -1.740700 0.071584 -2.420124
v -1.698047 0.071584 -2.178845
v -1.698047 0.041290 -2.178845
v -1.731194 0.071584 -2.421696
v -1.731171 0.085803 -2.421537
v -1.688590 0.085688 -2.180686
v -1.688623 0.071584 -2.180845
v -1.688006 -0.025739 -2.294546
v -1.688006 0.054262 -2.294546
v -1.717568 0.054262 -2.289434
v -1.717567 -0.025739 -2.289435
v -1.693557 -0.025739 -2.325890
v -1.693557 0.054262 -2.325890
v -1.723148 -0.025739 -2.320956
v -1.723148 0.054262 -2.320956
v -1.091128 0.054262 -2.397748
v -1.120689 0.054262 -2.392636
v -1.120689 -0.025739 -2.392636
v -1.091128 -0.025739 -2.397748
v -1.125662 0.054262 -2.420577
v -1.125662 -0.025739 -2.420577
v -1.096070 0.054262 -2.425512
v -1.096070 -0.025739 -2.425512
v -0.932480 -0.030460 -2.374407
v -0.932480 0.029540 -2.374407
v -1.856920 0.029540 -2.204085
v -1.856920 -0.030460 -2.204085
v -0.953873 -0.030460 -2.500134
v -0.953873 0.029540 -2.500134
v -1.882653 -0.030460 -2.355331
v -1.882652 0.029540 -2.355331
v -1.722018 0.041290 -2.173755
v -1.764883 0.041290 -2.416122
v -1.722018 0.071584 -2.173755
v -1.731441 0.071584 -2.171754
v -1.774388 0.071584 -2.414548
v -1.764883 0.071584 -2.416122
v -1.731441 0.085688 -2.171754
v -1.774388 0.085803 -2.414548
v -1.680691 0.041290 -2.182528
v -1.723193 0.041290 -2.423020
v -1.680691 0.025804 -2.182528
v -1.723193 0.025804 -2.423020
v -1.159600 0.041290 -2.737158
v -1.159530 0.025804 -2.736384
v -1.107999 0.085803 -2.742559
v -1.151534 0.085803 -2.738003
v -1.099944 0.025804 -2.743525
v -1.141907 0.071584 -2.738498
v -1.151474 0.071584 -2.737350
v -1.141907 0.041290 -2.738498
v -1.117567 0.071584 -2.741414
v -1.117567 0.041290 -2.741414
v -1.107999 0.071584 -2.742560
v -1.099944 0.041290 -2.743525
v -1.815703 0.025804 -2.657200
v -1.815703 0.041290 -2.657200
v -1.773690 0.041290 -2.661674
v -1.773690 0.071584 -2.661674
v -1.764128 0.071584 -2.662854
v -1.764110 0.085803 -2.662694
v -1.726123 -0.025739 -2.534655
v -1.726123 0.054262 -2.534655
v -1.755878 0.054262 -2.530828
v -1.755878 -0.025739 -2.530828
v -1.729871 -0.025739 -2.566046
v -1.729871 0.054262 -2.566046
v -1.759646 -0.025739 -2.562376
v -1.759646 0.054262 -2.562376
v -1.125336 0.054262 -2.611910
v -1.155090 0.054262 -2.608083
v -1.155090 -0.025739 -2.608083
v -1.125336 -0.025739 -2.611910
v -1.158462 0.054262 -2.636477
v -1.158462 -0.025739 -2.636477
v -1.128687 0.054262 -2.640146
v -1.128687 -0.025739 -2.640146
v -0.967742 -0.030460 -2.581254
v -0.967742 0.029540 -2.581254
v -1.898822 0.029540 -2.452081
v -1.898822 -0.030460 -2.452081
v -0.983691 -0.030460 -2.709070
v -0.983691 0.029540 -2.709070
v -1.917692 -0.030460 -2.603056
v -1.917692 0.029540 -2.603056
v -1.798012 0.041290 -2.658673
v -1.807571 0.071584 -2.657492
v -1.798012 0.071584 -2.658673
v -1.807571 0.085803 -2.657492
v -1.756081 0.041290 -2.663846
v -1.756081 0.025804 -2.663846
v -1.179754 0.041290 -2.955863
v -1.179701 0.025804 -2.955085
v -1.127988 0.085803 -2.959366
v -1.171661 0.085803 -2.956410
v -1.119904 0.025804 -2.960035
v -1.162016 0.071584 -2.956550
v -1.171618 0.071584 -2.955754
v -1.162016 0.041290 -2.956550
v -1.137589 0.071584 -2.958572
v -1.137590 0.041290 -2.958573
v -1.127988 0.071584 -2.959366
v -1.119904 0.041290 -2.960035
v -1.838380 0.025804 -2.900126
v -1.838380 0.041290 -2.900126
v -1.796230 0.041290 -2.903046
v -1.796230 0.071584 -2.903046
v -1.786629 0.071584 -2.903870
v -1.786619 0.085803 -2.903712
v -1.753818 -0.025739 -2.774953
v -1.753818 0.054262 -2.774953
v -1.783700 0.054262 -2.772291
v -1.783700 -0.025739 -2.772291
v -1.756699 -0.025739 -2.806338
v -1.756699 0.054262 -2.806338
v -1.786592 -0.025739 -2.803823
v -1.786592 0.054262 -2.803823
v -1.150472 0.054262 -2.828692
v -1.180354 0.054262 -2.826031
v -1.180354 -0.025739 -2.826031
v -1.150472 -0.025739 -2.828692
v -1.182991 0.054262 -2.854604
v -1.182991 -0.025739 -2.854604
v -1.153097 0.054262 -2.857119
v -1.153097 -0.025739 -2.857119
v -0.994274 -0.030460 -2.791434
v -0.994274 0.029540 -2.791434
v -1.929779 0.029540 -2.699628
v -1.929779 -0.030460 -2.699628
v -1.005594 -0.030460 -2.920794
v -1.005594 0.029540 -2.920794
v -1.942937 -0.030460 -2.850158
v -1.942937 0.029540 -2.850158
v -1.820653 0.041290 -2.900947
v -1.830252 0.071584 -2.900121
v -1.820653 0.071584 -2.900947
v -1.830252 0.085803 -2.900121
v -1.778549 0.041290 -2.904565
v -1.778549 0.025804 -2.904565
v -1.192934 0.041290 -3.176034
v -1.192900 0.025804 -3.175252
v -1.141080 0.085803 -3.177793
v -1.184828 0.085803 -3.176309
v -1.132980 0.025804 -3.178190
v -1.175179 0.071584 -3.176123
v -1.184800 0.071584 -3.175650
v -1.175179 0.041290 -3.176123
v -1.150702 0.071584 -3.177323
v -1.150702 0.041290 -3.177323
v -1.141080 0.071584 -3.177793
v -1.132980 0.041290 -3.178190
v -1.852966 0.025804 -3.142524
v -1.852966 0.041290 -3.142524
v -1.810742 0.041290 -3.144020
v -1.810742 0.071584 -3.144020
v -1.801121 0.071584 -3.144520
v -1.801114 0.085803 -3.144361
v -1.773073 -0.025739 -3.015100
v -1.773073 0.054262 -3.015100
v -1.803030 0.054262 -3.013506
v -1.803030 -0.025739 -3.013506
v -1.774396 -0.025739 -3.046402
v -1.774396 0.054262 -3.046402
v -1.804360 -0.025739 -3.044936
v -1.804360 0.054262 -3.044936
v -1.168195 0.054262 -3.047293
v -1.198153 0.054262 -3.045698
v -1.198153 -0.025739 -3.045698
v -1.168195 -0.025739 -3.047293
v -1.199350 0.054262 -3.074543
v -1.199350 -0.025739 -3.074543
v -1.169386 0.054262 -3.076009
v -1.169386 -0.025739 -3.076009
v -1.013000 -0.030460 -3.004205
v -1.013000 0.029540 -3.004205
v -1.951223 0.029540 -2.946429
v -1.951223 -0.030460 -2.946429
v -1.019580 -0.030460 -3.134901
v -1.019580 0.029540 -3.134901
v -1.958786 -0.030460 -3.096314
v -1.958786 0.029540 -3.096314
v -1.835218 0.041290 -3.142747
v -1.844838 0.071584 -3.142247
v -1.835218 0.071584 -3.142747
v -1.844838 0.085803 -3.142247
v -1.793022 0.041290 -3.144941
v -1.793022 0.025804 -3.144941
v -1.198802 0.041290 -3.397432
v -1.198805 0.025804 -3.396645
v -1.146920 0.085803 -3.397606
v -1.190693 0.085803 -3.397459
v -1.138808 0.025804 -3.397757
v -1.181061 0.071584 -3.396976
v -1.190695 0.071584 -3.396795
v -1.181061 0.041290 -3.396976
v -1.156553 0.071584 -3.397429
v -1.156553 0.041290 -3.397429
v -1.146919 0.071584 -3.397606
v -1.138808 0.041290 -3.397757
v -1.859710 0.025807 -3.384166
v -1.859710 0.041293 -3.384166
v -1.817459 0.041291 -3.384364
v -1.817459 0.071585 -3.384364
v -1.807823 0.071585 -3.384567
v -1.807825 0.085805 -3.384410
v -1.783343 -0.025739 -3.254750
v -1.783343 0.054263 -3.254750
v -1.813336 0.054263 -3.254118
v -1.813336 -0.025738 -3.254118
v -1.783923 -0.025738 -3.285994
v -1.783923 0.054263 -3.285994
v -1.813919 -0.025738 -3.285482
v -1.813919 0.054263 -3.285482
v -1.177744 0.054262 -3.267515
v -1.207737 0.054262 -3.266883
v -1.207737 -0.025739 -3.266883
v -1.177744 -0.025739 -3.267515
v -1.208274 0.054262 -3.295830
v -1.208274 -0.025739 -3.295830
v -1.178278 0.054262 -3.296343
v -1.178278 -0.025739 -3.296343
v -1.024703 -0.030460 -3.218982
v -1.024703 0.029540 -3.218982
v -1.964323 0.029541 -3.192300
v -1.964323 -0.030459 -3.192300
v -1.027144 -0.030460 -3.350679
v -1.027144 0.029540 -3.350679
v -1.967099 -0.030456 -3.341495
v -1.967099 0.029544 -3.341495
v -1.841968 0.041291 -3.383847
v -1.851600 0.071585 -3.383643
v -1.841968 0.071585 -3.383847
v -1.851600 0.085805 -3.383643
v -1.799714 0.041290 -3.384738
v -1.799714 0.025804 -3.384738
v -1.786716 -0.025735 -3.493855
v -1.786716 0.054266 -3.493855
v -1.816715 0.054266 -3.494107
v -1.816715 -0.025735 -3.494107
v -1.786593 -0.025735 -3.525034
v -1.786593 0.054266 -3.525034
v -1.816591 -0.025735 -3.525400
v -1.816591 0.054266 -3.525400
v -1.181004 0.054262 -3.488732
v -1.211002 0.054262 -3.488985
v -1.211002 -0.025739 -3.488985
v -1.181004 -0.025739 -3.488732
v -1.210901 0.054262 -3.518009
v -1.210901 -0.025739 -3.518009
v -1.180904 0.054262 -3.517643
v -1.180904 -0.025739 -3.517643
v -1.029063 -0.030460 -3.435486
v -1.029063 0.029540 -3.435486
v -1.969061 0.029544 -3.436981
v -1.969061 -0.030456 -3.436981
v -1.028592 -0.030460 -3.569797
v -1.028592 0.029540 -3.569797
v -1.968494 -0.030456 -3.583365
v -1.968494 0.029544 -3.583365
v -1.788947 0.041289 -2.273644
v -1.782135 0.071584 -2.280457
v -1.788947 0.071584 -2.273644
v -1.782135 0.085803 -2.280457
v -1.818826 0.041289 -2.243766
v -1.818826 0.025803 -2.243766
v -1.523687 0.054721 -1.973219
v -1.544900 0.054721 -1.952006
v -1.544900 -0.025279 -1.952006
v -1.523687 -0.025279 -1.973219
v -1.566113 0.054721 -1.973219
v -1.566113 -0.025279 -1.973219
v -1.544900 0.054721 -1.994433
v -1.544900 -0.025279 -1.994433
v -0.451722 -0.025279 -0.907735
v -0.451722 0.054721 -0.907735
v -0.475145 0.054721 -0.888990
v -0.475145 -0.025279 -0.888990
v -0.470466 -0.025279 -0.931159
v -0.470466 0.054721 -0.931159
v -0.493889 -0.025279 -0.912414
v -0.493889 0.054721 -0.912414
v -1.273009 0.025344 -1.029276
v -1.112652 0.025344 -0.834649
v -1.112652 0.040830 -0.834649
v -1.273009 0.040830 -1.029276
v -1.235309 0.040830 -1.050071
v -1.235305 0.071124 -1.050076
v -1.077235 0.071124 -0.857687
v -1.077235 0.040830 -0.857687
v -1.226847 0.071124 -1.054904
v -1.226768 0.085343 -1.054757
v -1.069159 0.085343 -0.862940
v -1.069252 0.071124 -0.863081
v -1.097541 0.040830 -0.843963
v -1.256991 0.040830 -1.037612
v -1.097541 0.071124 -0.843962
v -1.105521 0.071124 -0.838567
v -1.265443 0.071124 -1.032783
v -1.256991 0.071124 -1.037612
v -1.105521 0.085343 -0.838567
v -1.265494 0.085343 -1.032732
v -1.062532 0.040830 -0.867619
v -1.219689 0.040830 -1.059010
v -1.062532 0.025344 -0.867619
v -1.219689 0.025344 -1.059010
v -1.427441 0.025344 -1.219852
v -1.427639 0.040830 -1.219655
v -1.388502 0.040830 -1.237765
v -1.388560 0.071124 -1.237707
v -1.379808 0.071124 -1.241884
v -1.379732 0.085343 -1.241740
v -1.411180 0.040830 -1.226722
v -1.419923 0.071124 -1.222550
v -1.411180 0.071124 -1.226722
v -1.419759 0.085343 -1.222714
v -1.372350 0.040830 -1.245491
v -1.372350 0.025344 -1.245491
v -1.532574 0.025344 -1.448629
v -1.532574 0.040830 -1.448629
v -1.493013 0.040830 -1.463464
v -1.493013 0.071124 -1.463464
v -1.484048 0.071124 -1.467002
v -1.483992 0.085343 -1.466846
v -1.515819 0.040830 -1.454461
v -1.524783 0.071124 -1.450923
v -1.515819 0.071124 -1.454461
v -1.524783 0.085343 -1.450923
v -1.476501 0.040830 -1.469979
v -1.476501 0.025344 -1.469979
v -1.615285 0.025344 -1.687253
v -1.615286 0.040830 -1.687254
v -1.574895 0.040830 -1.699656
v -1.574895 0.071124 -1.699656
v -1.565735 0.071124 -1.702639
v -1.565686 0.085343 -1.702483
v -1.598197 0.040830 -1.692062
v -1.607356 0.071124 -1.689075
v -1.598197 0.071124 -1.692062
v -1.607356 0.085343 -1.689075
v -1.558024 0.040830 -1.705151
v -1.558024 0.025344 -1.705151
v -1.683730 0.025344 -1.928299
v -1.683730 0.040830 -1.928299
v -1.642716 0.040830 -1.938448
v -1.642715 0.071124 -1.938449
v -1.633403 0.071124 -1.940921
v -1.633364 0.085343 -1.940763
v -1.666407 0.040830 -1.932157
v -1.675719 0.071124 -1.929683
v -1.666408 0.071124 -1.932156
v -1.675719 0.085343 -1.929683
v -1.625563 0.040830 -1.943002
v -1.625563 0.025344 -1.943002
v -1.391200 0.041289 -1.875896
v -1.258618 0.041289 -1.743314
v -1.246070 0.041289 -1.755862
v -1.378653 0.041289 -1.888444
v -0.728288 0.041289 -1.212984
v -0.715740 0.041289 -1.225531
v -1.384388 0.071584 -1.882709
v -1.251805 0.071584 -1.750126
v -1.258618 0.071584 -1.743314
v -1.391200 0.071584 -1.875896
v -0.721475 0.071584 -1.219796
v -0.728288 0.071584 -1.212984
v -1.384388 0.085803 -1.882709
v -1.251805 0.085803 -1.750126
v -0.721475 0.085803 -1.219796
v -1.421079 0.041289 -1.846018
v -1.288496 0.041289 -1.713435
v -1.275949 0.041289 -1.725983
v -1.408531 0.041289 -1.858565
v -0.758166 0.041289 -1.183105
v -0.745619 0.041289 -1.195653
v -1.408531 0.071584 -1.858565
v -1.275949 0.071584 -1.725983
v -1.282761 0.071584 -1.719170
v -1.415344 0.071584 -1.851753
v -0.745619 0.071584 -1.195653
v -0.752431 0.071584 -1.188840
v -0.752431 0.085803 -1.188840
v -1.282761 0.085803 -1.719170
v -1.378653 0.025803 -1.888444
v -1.246070 0.025803 -1.755862
v -1.288496 0.025803 -1.713435
v -1.421079 0.025803 -1.846018
v -0.715740 0.025803 -1.225531
v -0.758166 0.025803 -1.183105
v -1.415344 0.085803 -1.851753
v -1.525377 0.025803 -2.035169
v -1.525377 0.041289 -2.035169
v -1.567804 0.041289 -1.992742
v -1.567804 0.025803 -1.992742
v -1.531113 0.085803 -2.029433
v -1.562068 0.085803 -1.998478
v -1.555256 0.071584 -2.005290
v -1.555256 0.041289 -2.005290
v -1.562068 0.071584 -1.998478
v -1.537925 0.071584 -2.022621
v -1.537925 0.041289 -2.022621
v -1.531113 0.071584 -2.029433
vt 0.989434 0.122106
vt 0.980327 0.108666
vt 0.989434 0.108666
vt 0.957161 0.108666
vt 0.980327 0.080031
vt 0.957160 0.080032
vt 0.940388 0.065394
vt 0.997100 0.065394
vt 0.940388 0.080032
vt 0.905875 0.048121
vt 0.000000 0.034093
vt 0.905875 0.034093
vt 0.980661 0.046583
vt 0.956839 0.046583
vt 0.956839 0.017139
vt 0.980661 0.017139
vt 0.997100 0.080031
vt 0.000000 0.012881
vt 0.905875 0.000000
vt 0.905875 0.012881
vt 0.906075 0.312903
vt 0.000200 0.296828
vt 0.906075 0.296828
vt -0.000122 0.156096
vt 0.905753 0.210448
vt -0.000122 0.210448
vt 0.000000 0.012881
vt 0.905875 0.025761
vt 0.000000 0.025762
vt 0.906075 0.281378
vt 0.000200 0.297453
vt 0.000200 0.281378
vt 0.000512 0.321630
vt 0.151491 0.312903
vt 0.151491 0.321630
vt 0.000000 0.062150
vt 0.905875 0.089593
vt 0.000000 0.089593
vt 0.000000 0.062150
vt 0.905875 0.093759
vt 0.000000 0.089593
vt 0.939593 0.017139
vt 0.939593 0.002088
vt 0.997907 0.002088
vt 0.947476 0.060402
vt 0.947476 0.046583
vt 0.990024 0.046583
vt 0.990024 0.060402
vt 0.997907 0.017139
vt 0.000512 0.321630
vt 0.906387 0.312903
vt 0.906387 0.321630
vt 0.948055 0.122106
vt 0.948055 0.108666
vt 0.905875 0.048121
vt 0.000000 0.062150
vt 0.000000 0.048121
vt 0.000200 0.259595
vt 0.000200 0.219937
vt 0.906075 0.219937
vt 0.000200 0.219937
vt 0.906075 0.259595
vt 0.000200 0.259595
vt 0.000200 0.219937
vt 0.906075 0.259595
vt 0.000200 0.259595
vt 0.906075 0.259595
vt 0.000200 0.219937
vt 0.906075 0.219937
vt 0.000200 0.219937
vt 0.906075 0.259595
vt 0.000200 0.259595
vt 0.905875 0.048121
vt 0.000000 0.062150
vt 0.000000 0.048121
vt 0.905875 0.048121
vt 0.000000 0.062150
vt 0.000000 0.048121
vt 0.905875 0.048121
vt 0.000000 0.062150
vt 0.000000 0.048121
vt 0.000000 0.048121
vt 0.905875 0.062150
vt 0.000000 0.062150
vt 0.905875 0.048121
vt 0.000000 0.062150
vt 0.000000 0.048121
vt 0.906387 0.321630
vt 0.000512 0.312903
vt 0.906387 0.312903
vt 0.906387 0.321630
vt 0.000512 0.312903
vt 0.906387 0.312903
vt 0.906387 0.321630
vt 0.000512 0.312903
vt 0.906387 0.312903
vt 0.906387 0.321630
vt 0.000512 0.312903
vt 0.906387 0.312903
vt 0.000512 0.321630
vt 0.906387 0.312903
vt 0.906387 0.321630
vt 0.000000 0.062150
vt 0.905875 0.093759
vt 0.000000 0.089593
vt 0.000000 0.062150
vt 0.905875 0.093759
vt 0.000000 0.089593
vt 0.000000 0.089593
vt 0.905875 0.066316
vt 0.905875 0.093759
vt 0.000000 0.062150
vt 0.905875 0.093759
vt 0.000000 0.089593
vt 0.000000 0.062150
vt 0.905875 0.093759
vt 0.000000 0.089593
vt 0.000000 0.062150
vt 0.905875 0.089593
vt 0.000000 0.089593
vt 0.000000 0.062150
vt 0.905875 0.089593
vt 0.000000 0.089593
vt 0.000000 0.062150
vt 0.905875 0.089593
vt 0.000000 0.089593
vt 0.000000 0.062150
vt 0.905875 0.089593
vt 0.000000 0.089593
vt 0.000000 0.062150
vt 0.905875 0.089593
vt 0.000000 0.089593
vt 0.906387 0.321630
vt 0.755408 0.312903
vt 0.906387 0.312903
vt 0.604429 0.321630
vt 0.755408 0.321630
vt 0.453449 0.321630
vt 0.604429 0.312903
vt 0.302470 0.321630
vt 0.453449 0.312903
vt 0.302470 0.312903
vt 0.906075 0.281378
vt 0.000200 0.297453
vt 0.000200 0.281378
vt 0.906075 0.281378
vt 0.000200 0.297453
vt 0.000200 0.281378
vt 0.906075 0.281378
vt 0.000200 0.297453
vt 0.000200 0.281378
vt 0.906075 0.281378
vt 0.000200 0.297453
vt 0.000200 0.281378
vt 0.906075 0.281378
vt 0.000200 0.297453
vt 0.000200 0.281378
vt 0.000000 0.012881
vt 0.905875 0.025761
vt 0.000000 0.025762
vt 0.000000 0.012881
vt 0.905875 0.025761
vt 0.000000 0.025762
vt 0.000000 0.012881
vt 0.905875 0.025761
vt 0.000000 0.025762
vt 0.000000 0.012881
vt 0.905875 0.025761
vt 0.000000 0.025762
vt 0.000000 0.012881
vt 0.905875 0.025761
vt 0.000000 0.025762
vt -0.000122 0.210448
vt 0.905753 0.156096
vt 0.905753 0.210448
vt -0.000122 0.210448
vt 0.905753 0.156096
vt 0.905753 0.210448
vt -0.000122 0.210448
vt 0.905753 0.156096
vt 0.905753 0.210448
vt -0.000122 0.210448
vt 0.905753 0.156096
vt 0.905753 0.210448
vt -0.000122 0.210448
vt 0.905753 0.156096
vt 0.905753 0.210448
vt 0.906075 0.312903
vt 0.000200 0.296828
vt 0.906075 0.296828
vt 0.906075 0.312903
vt 0.000200 0.296828
vt 0.906075 0.296828
vt 0.906075 0.312903
vt 0.000200 0.296828
vt 0.906075 0.296828
vt 0.906075 0.312903
vt 0.000200 0.296828
vt 0.906075 0.296828
vt 0.906075 0.312903
vt 0.000200 0.296828
vt 0.906075 0.296828
vt 0.000000 0.000000
vt 0.905875 0.012881
vt 0.000000 0.012881
vt 0.000000 0.000000
vt 0.905875 0.012881
vt 0.000000 0.012881
vt 0.000000 0.000000
vt 0.905875 0.012881
vt 0.000000 0.012881
vt 0.000000 0.012881
vt 0.905875 0.000000
vt 0.905875 0.012881
vt 0.000000 0.000000
vt 0.905875 0.012881
vt 0.000000 0.012881
vt 0.905875 0.048121
vt 0.000000 0.034093
vt 0.905875 0.034093
vt 0.905875 0.048121
vt 0.000000 0.034093
vt 0.905875 0.034093
vt 0.905875 0.034093
vt 0.000000 0.048121
vt 0.000000 0.034093
vt 0.905875 0.048121
vt 0.000000 0.034093
vt 0.905875 0.034093
vt 0.905875 0.048121
vt 0.000000 0.034093
vt 0.905875 0.034093
vt 0.000000 0.000000
vt 0.000512 0.312903
vt 0.905875 0.062150
vt 0.000512 0.312903
vt 0.905875 0.062150
vt 0.905875 0.062150
vt 0.905875 0.048121
vt 0.905875 0.062150
vt 0.000512 0.321630
vt 0.000512 0.321630
vt 0.000512 0.312903
vt 0.905875 0.066316
vt 0.905875 0.066316
vt 0.000000 0.062150
vt 0.905875 0.066316
vt 0.905875 0.062150
vt 0.905875 0.062150
vt 0.905875 0.062150
vt 0.906075 0.297453
vt 0.906075 0.297453
vt 0.906075 0.297453
vt 0.906075 0.297453
vt 0.905875 0.012880
vt 0.905875 0.012880
vt 0.905875 0.012880
vt 0.905875 0.012880
vt -0.000122 0.156096
vt -0.000122 0.156096
vt -0.000122 0.156096
vt -0.000122 0.156096
vt 0.000200 0.312903
vt 0.000200 0.312903
vt 0.000200 0.312903
vt 0.000200 0.312903
vt 0.905875 0.000000
vt 0.000000 0.000000
vt 0.905875 0.000000
vt 0.000000 0.048121
vt 0.000000 0.048121
vt 0.905875 0.048121
vt 0.000000 0.048121
vt 0.906075 0.259595
vt 0.000200 0.219937
vt 0.906075 0.259595
vt 0.000200 0.259595
vt 0.906075 0.219937
vt 0.000200 0.259595
vt 0.906075 0.219937
vt 0.906075 0.219937
vt 0.906075 0.219937
vt 0.905875 0.012880
vt 0.905875 0.012880
vt 0.905875 0.066316
vt 0.905875 0.066316
vt 0.000200 0.312903
vt 0.000200 0.312903
vt 0.000000 0.048121
vt 0.000000 0.048121
vt 0.905753 0.156096
vt -0.000122 0.156096
vt 0.905875 0.062150
vt 0.905875 0.062150
vt 0.906075 0.297453
vt 0.906075 0.297453
vt 0.905875 0.062150
vt 0.905875 0.062150
vt 0.905875 0.000000
vt 0.905875 0.000000
vt 0.000512 0.321630
vt 0.000512 0.321630
vt 0.988815 0.121247
vt 0.979984 0.108213
vt 0.948685 0.121247
vt 0.988815 0.108212
vt 0.979984 0.080442
vt 0.957516 0.080442
vt 0.957516 0.108213
vt 0.941250 0.066246
vt 0.941250 0.080442
vt 0.000200 0.219937
vt 0.906075 0.259595
vt 0.906075 0.219937
vt 0.000000 0.121202
vt 0.905875 0.093759
vt 0.000000 0.093759
vt 0.000000 0.025761
vt 0.905875 0.012881
vt 0.000000 0.012881
vt 0.000512 0.321630
vt 0.906387 0.330358
vt 0.906387 0.321630
vt 0.906075 0.296828
vt 0.000200 0.312903
vt 0.906075 0.312903
vt 0.000000 0.089593
vt 0.905875 0.062150
vt 0.000000 0.062150
vt 0.000000 0.012881
vt 0.905875 0.000000
vt 0.000000 0.000000
vt 0.000512 0.321630
vt 0.906387 0.312903
vt 0.000512 0.312903
vt 0.999050 0.183297
vt 0.939310 0.342604
vt 0.939310 0.183297
vt 0.999050 0.183297
vt 0.939310 0.342604
vt 0.939310 0.183297
vt 0.999050 0.342604
vt 0.939310 0.183297
vt 0.999050 0.183297
vt 0.999050 0.342604
vt 0.939310 0.183297
vt 0.999050 0.183297
vt 0.985655 0.132863
vt 0.939081 0.179437
vt 0.939081 0.132863
vt 0.939310 0.342604
vt 0.999050 0.183297
vt 0.939310 0.183297
vt 0.939310 0.342604
vt 0.999050 0.183297
vt 0.939310 0.183297
vt 0.939310 0.342604
vt 0.999050 0.183297
vt 0.939310 0.183297
vt 0.999050 0.342604
vt 0.939310 0.183297
vt 0.939310 0.342604
vt 0.979692 0.844034
vt -0.000781 0.781451
vt 0.979692 0.781451
vt 0.146184 0.656284
vt 0.000156 0.718868
vt 0.000156 0.656284
vt 0.998987 0.850355
vt 0.001647 0.998895
vt 0.001647 0.850355
vt 0.905875 0.048121
vt 0.000000 0.062150
vt 0.905875 0.062150
vt 0.000000 0.034093
vt 0.905875 0.048121
vt 0.905875 0.034093
vt -0.000122 0.210448
vt 0.905753 0.156096
vt -0.000122 0.156096
vt 0.906075 0.297453
vt 0.000200 0.281378
vt 0.000200 0.297453
vt 0.985655 0.179437
vt 0.939081 0.132863
vt 0.939081 0.179437
vt 0.980629 0.781451
vt 0.000156 0.718868
vt 0.980629 0.718868
vt 0.302823 0.718868
vt 0.156795 0.656284
vt 0.302823 0.656284
vt 0.999534 0.654611
vt -0.000466 0.505675
vt 0.999534 0.505675
vt 0.948685 0.108212
vt 0.000000 0.048121
vt 0.905875 0.062150
vt 0.905875 0.048121
vt 0.905875 0.034093
vt 0.000000 0.048121
vt 0.905875 0.048121
vt -0.000122 0.156096
vt 0.905753 0.210448
vt 0.905753 0.156096
vt 0.000000 0.121202
vt 0.905875 0.093759
vt 0.000000 0.093759
vt 0.000512 0.321630
vt 0.906387 0.330358
vt 0.906387 0.321630
vt 0.906075 0.296828
vt 0.000200 0.312903
vt 0.906075 0.312903
vt 0.000000 0.062150
vt 0.905875 0.089593
vt 0.905875 0.062150
vt 0.000000 0.012881
vt 0.905875 0.000000
vt 0.000000 0.000000
vt 0.000512 0.321630
vt 0.906387 0.312903
vt 0.000512 0.312903
vt 0.906075 0.281378
vt 0.000200 0.297453
vt 0.906075 0.297453
vt 0.999050 0.183297
vt 0.939310 0.342604
vt 0.939310 0.183297
vt 0.999050 0.183297
vt 0.939310 0.342604
vt 0.939310 0.183297
vt 0.999050 0.342604
vt 0.939310 0.183297
vt 0.999050 0.183297
vt 0.999050 0.342604
vt 0.939310 0.183297
vt 0.999050 0.183297
vt 0.985655 0.132863
vt 0.939081 0.179437
vt 0.939081 0.132863
vt 0.999050 0.342604
vt 0.939310 0.183297
vt 0.939310 0.342604
vt 0.939310 0.342604
vt 0.999050 0.183297
vt 0.939310 0.183297
vt 0.999050 0.342604
vt 0.939310 0.183297
vt 0.939310 0.342604
vt 0.939310 0.342604
vt 0.999050 0.183297
vt 0.939310 0.183297
vt 0.979692 0.844034
vt -0.000781 0.781451
vt 0.979692 0.781451
vt 0.146184 0.718868
vt 0.000156 0.656284
vt 0.146184 0.656284
vt 0.998987 0.998895
vt 0.001647 0.850355
vt 0.998987 0.850355
vt 0.000200 0.219937
vt 0.906075 0.259595
vt 0.906075 0.219937
vt 0.000000 0.025761
vt 0.905875 0.012881
vt 0.000000 0.012881
vt 0.985655 0.179437
vt 0.939081 0.132863
vt 0.939081 0.179437
vt 0.980629 0.718868
vt 0.000156 0.781451
vt 0.000156 0.718868
vt 0.302823 0.656284
vt 0.156795 0.718868
vt 0.156795 0.656284
vt 0.999534 0.654611
vt -0.000466 0.505675
vt 0.999534 0.505675
vt 0.905875 0.048121
vt 0.000000 0.062150
vt 0.905875 0.062150
vt 0.000000 0.034093
vt 0.905875 0.048121
vt 0.905875 0.034093
vt 0.906075 0.219937
vt 0.000200 0.259595
vt 0.906075 0.259595
vt -0.000122 0.210448
vt 0.905753 0.156096
vt -0.000122 0.156096
vt 0.000000 0.093759
vt 0.905875 0.121202
vt 0.905875 0.093759
vt 0.000000 0.012881
vt 0.905875 0.025761
vt 0.905875 0.012881
vt 0.000512 0.321630
vt 0.906387 0.330358
vt 0.906387 0.321630
vt 0.906075 0.312903
vt 0.000200 0.296828
vt 0.000200 0.312903
vt 0.000000 0.089593
vt 0.905875 0.062150
vt 0.000000 0.062150
vt 0.000000 0.012881
vt 0.905875 0.000000
vt 0.000000 0.000000
vt 0.000512 0.312903
vt 0.906387 0.321630
vt 0.906387 0.312903
vt 0.906075 0.281378
vt 0.000200 0.297453
vt 0.906075 0.297453
vt 0.999050 0.183297
vt 0.939310 0.342604
vt 0.939310 0.183297
vt 0.999050 0.342604
vt 0.939310 0.183297
vt 0.999050 0.183297
vt 0.999050 0.342604
vt 0.939310 0.183297
vt 0.999050 0.183297
vt 0.999050 0.342604
vt 0.939310 0.183297
vt 0.999050 0.183297
vt 0.985655 0.132863
vt 0.939081 0.179437
vt 0.939081 0.132863
vt 0.999050 0.342604
vt 0.939310 0.183297
vt 0.939310 0.342604
vt 0.999050 0.342604
vt 0.939310 0.183297
vt 0.939310 0.342604
vt 0.999050 0.342604
vt 0.939310 0.183297
vt 0.939310 0.342604
vt 0.999050 0.342604
vt 0.939310 0.183297
vt 0.939310 0.342604
vt 0.979692 0.844034
vt -0.000781 0.781451
vt 0.979692 0.781451
vt 0.146184 0.656284
vt 0.000156 0.718868
vt 0.000156 0.656284
vt 0.998987 0.998895
vt 0.001647 0.850355
vt 0.998987 0.850355
vt 0.939081 0.179437
vt 0.985655 0.132863
vt 0.939081 0.132863
vt 0.980629 0.781451
vt 0.000156 0.718868
vt 0.980629 0.718868
vt 0.302823 0.718868
vt 0.156795 0.656284
vt 0.302823 0.656284
vt 0.999534 0.654611
vt -0.000466 0.505675
vt 0.999534 0.505675
vt 0.980536 0.046423
vt 0.980536 0.017287
vt 0.956964 0.046423
vt 0.947698 0.046423
vt 0.947698 0.060098
vt 0.939898 0.017287
vt 0.956964 0.017287
vt 0.939898 0.002393
vt 0.997602 0.002393
vt 0.997602 0.017287
vt 0.999050 0.342604
vt 0.939310 0.183297
vt 0.999050 0.183297
vt 0.999050 0.342604
vt 0.939310 0.183297
vt 0.999050 0.183297
vt 0.999050 0.183297
vt 0.939310 0.342604
vt 0.939310 0.183297
vt 0.999050 0.342604
vt 0.939310 0.183297
vt 0.999050 0.183297
vt 0.985655 0.132863
vt 0.939081 0.179437
vt 0.939081 0.132863
vt 0.999050 0.342604
vt 0.939310 0.183297
vt 0.939310 0.342604
vt 0.999050 0.342604
vt 0.939310 0.183297
vt 0.939310 0.342604
vt 0.999050 0.342604
vt 0.939310 0.183297
vt 0.939310 0.342604
vt 0.999050 0.342604
vt 0.939310 0.183297
vt 0.939310 0.342604
vt 0.939081 0.179437
vt 0.985655 0.132863
vt 0.939081 0.132863
vt 0.979692 0.844034
vt -0.000781 0.781451
vt 0.979692 0.781451
vt 0.146184 0.718868
vt 0.000156 0.656284
vt 0.146184 0.656284
vt 0.980629 0.718868
vt 0.000156 0.781451
vt 0.000156 0.718868
vt 0.302823 0.656284
vt 0.156795 0.718868
vt 0.156795 0.656284
vt 0.999534 0.505675
vt -0.000466 0.654611
vt -0.000466 0.505675
vt 0.998987 0.998895
vt 0.001647 0.850355
vt 0.998987 0.850355
vt 0.999050 0.342604
vt 0.939310 0.183297
vt 0.999050 0.183297
vt 0.999050 0.342604
vt 0.939310 0.183297
vt 0.999050 0.183297
vt 0.999050 0.342604
vt 0.939310 0.183297
vt 0.999050 0.183297
vt 0.999050 0.342604
vt 0.939310 0.183297
vt 0.999050 0.183297
vt 0.985655 0.179437
vt 0.939081 0.132863
vt 0.985655 0.132863
vt 0.999050 0.342604
vt 0.939310 0.183297
vt 0.939310 0.342604
vt 0.999050 0.342604
vt 0.939310 0.183297
vt 0.939310 0.342604
vt 0.999050 0.342604
vt 0.939310 0.183297
vt 0.939310 0.342604
vt 0.939310 0.342604
vt 0.999050 0.183297
vt 0.939310 0.183297
vt 0.985655 0.179437
vt 0.939081 0.132863
vt 0.939081 0.179437
vt 0.979692 0.844034
vt -0.000781 0.781451
vt 0.979692 0.781451
vt 0.146184 0.718868
vt 0.000156 0.656284
vt 0.146184 0.656284
vt 0.980629 0.781451
vt 0.000156 0.718868
vt 0.980629 0.718868
vt 0.302823 0.718868
vt 0.156795 0.656284
vt 0.302823 0.656284
vt 0.999534 0.654611
vt -0.000466 0.505675
vt 0.999534 0.505675
vt 0.998987 0.850355
vt 0.001647 0.998895
vt 0.001647 0.850355
vt 0.000000 0.048121
vt 0.905875 0.062150
vt 0.905875 0.048121
vt 0.000000 0.034093
vt 0.905875 0.048121
vt 0.905875 0.034093
vt 0.000200 0.219937
vt 0.906075 0.259595
vt 0.906075 0.219937
vt -0.000122 0.156096
vt 0.905753 0.210448
vt 0.905753 0.156096
vt 0.000000 0.093759
vt 0.905875 0.121202
vt 0.905875 0.093759
vt 0.000000 0.012881
vt 0.905875 0.025761
vt 0.905875 0.012881
vt 0.000512 0.330358
vt 0.906387 0.321630
vt 0.000512 0.321630
vt 0.906075 0.296828
vt 0.000200 0.312903
vt 0.906075 0.312903
vt 0.000000 0.062150
vt 0.905875 0.089593
vt 0.905875 0.062150
vt 0.000000 0.012881
vt 0.905875 0.000000
vt 0.000000 0.000000
vt 0.000512 0.321630
vt 0.906387 0.312903
vt 0.000512 0.312903
vt 0.906075 0.281378
vt 0.000200 0.297453
vt 0.906075 0.297453
vt 0.999050 0.342604
vt 0.939310 0.183297
vt 0.999050 0.183297
vt 0.999050 0.342604
vt 0.939310 0.183297
vt 0.999050 0.183297
vt 0.999050 0.183297
vt 0.939310 0.342604
vt 0.939310 0.183297
vt 0.999050 0.342604
vt 0.939310 0.183297
vt 0.999050 0.183297
vt 0.985655 0.132863
vt 0.939081 0.179437
vt 0.939081 0.132863
vt 0.999050 0.342604
vt 0.939310 0.183297
vt 0.939310 0.342604
vt 0.999050 0.342604
vt 0.939310 0.183297
vt 0.939310 0.342604
vt 0.999050 0.342604
vt 0.939310 0.183297
vt 0.939310 0.342604
vt 0.999050 0.342604
vt 0.939310 0.183297
vt 0.939310 0.342604
vt 0.979692 0.844034
vt -0.000781 0.781451
vt 0.979692 0.781451
vt 0.146184 0.718868
vt 0.000156 0.656284
vt 0.146184 0.656284
vt 0.998987 0.998895
vt 0.001647 0.850355
vt 0.998987 0.850355
vt 0.939081 0.179437
vt 0.985655 0.132863
vt 0.939081 0.132863
vt 0.980629 0.781451
vt 0.000156 0.718868
vt 0.980629 0.718868
vt 0.302823 0.718868
vt 0.156795 0.656284
vt 0.302823 0.656284
vt 0.999534 0.505675
vt -0.000466 0.654611
vt -0.000466 0.505675
vt 0.000000 0.048121
vt 0.905875 0.062150
vt 0.000000 0.062150
vt 0.959024 0.014240
vt 0.943180 0.000413
vt 0.980908 0.014240
vt 0.996752 0.000413
vt 0.980908 0.041289
vt 0.989510 0.053985
vt 0.959024 0.041289
vt 0.950422 0.053985
vt 0.000000 0.034093
vt 0.905875 0.048121
vt 0.000000 0.048121
vt 0.000200 0.219937
vt 0.906075 0.259595
vt 0.000200 0.259595
vt -0.000122 0.210448
vt 0.905753 0.156096
vt 0.905753 0.210448
vt 0.000000 0.121202
vt 0.905875 0.093759
vt 0.905875 0.121202
vt 0.000000 0.025761
vt 0.905875 0.012881
vt 0.905875 0.025761
vt 0.000512 0.330358
vt 0.906387 0.321630
vt 0.906387 0.330358
vt 0.906075 0.296828
vt 0.000200 0.312903
vt 0.000200 0.296828
vt 0.000000 0.089593
vt 0.905875 0.062150
vt 0.905875 0.089593
vt 0.000000 0.012881
vt 0.905875 0.000000
vt 0.905875 0.012881
vt 0.000512 0.321630
vt 0.906387 0.312903
vt 0.906387 0.321630
vt 0.906075 0.281378
vt 0.000200 0.297453
vt 0.000200 0.281378
vt 0.000000 0.048121
vt 0.905875 0.062150
vt 0.905875 0.048121
vt 0.996752 0.000413
vt 0.980908 0.014240
vt 0.996752 0.014240
vt 0.959024 0.014240
vt 0.943180 0.000413
vt 0.943180 0.014240
vt 0.950422 0.053985
vt 0.959024 0.041289
vt 0.950422 0.041289
vt 0.989510 0.053985
vt 0.980908 0.041289
vt 0.905875 0.034093
vt 0.000000 0.048121
vt 0.905875 0.048121
vt 0.000200 0.219937
vt 0.906075 0.259595
vt 0.906075 0.219937
vt -0.000122 0.210448
vt 0.905753 0.156096
vt -0.000122 0.156096
vt 0.000000 0.121202
vt 0.905875 0.093759
vt 0.000000 0.093759
vt 0.000000 0.025761
vt 0.905875 0.012881
vt 0.000000 0.012881
vt 0.000512 0.330358
vt 0.906387 0.321630
vt 0.000512 0.321630
vt 0.906075 0.296828
vt 0.000200 0.312903
vt 0.906075 0.312903
vt 0.000000 0.089593
vt 0.905875 0.062150
vt 0.000000 0.062150
vt 0.000000 0.012881
vt 0.905875 0.000000
vt 0.000000 0.000000
vt 0.000512 0.321630
vt 0.906387 0.312903
vt 0.000512 0.312903
vt 0.906075 0.281378
vt 0.000200 0.297453
vt 0.906075 0.297453
vt 0.999050 0.342604
vt 0.939310 0.183297
vt 0.999050 0.183297
vt 0.999050 0.342604
vt 0.939310 0.183297
vt 0.999050 0.183297
vt 0.999050 0.342604
vt 0.939310 0.183297
vt 0.999050 0.183297
vt 0.999050 0.342604
vt 0.939310 0.183297
vt 0.999050 0.183297
vt 0.985655 0.179437
vt 0.939081 0.132863
vt 0.985655 0.132863
vt 0.999050 0.342604
vt 0.939310 0.183297
vt 0.939310 0.342604
vt 0.999050 0.342604
vt 0.939310 0.183297
vt 0.939310 0.342604
vt 0.999050 0.342604
vt 0.939310 0.183297
vt 0.939310 0.342604
vt 0.999050 0.342604
vt 0.939310 0.183297
vt 0.939310 0.342604
vt 0.985655 0.179437
vt 0.939081 0.132863
vt 0.939081 0.179437
vt 0.999050 0.342604
vt 0.939310 0.183297
vt 0.999050 0.183297
vt 0.999050 0.183297
vt 0.939310 0.342604
vt 0.939310 0.183297
vt 0.999050 0.342604
vt 0.939310 0.183297
vt 0.999050 0.183297
vt 0.999050 0.342604
vt 0.939310 0.183297
vt 0.999050 0.183297
vt 0.985655 0.179437
vt 0.939081 0.132863
vt 0.985655 0.132863
vt 0.999050 0.342604
vt 0.939310 0.183297
vt 0.939310 0.342604
vt 0.939310 0.342604
vt 0.999050 0.183297
vt 0.939310 0.183297
vt 0.999050 0.342604
vt 0.939310 0.183297
vt 0.939310 0.342604
vt 0.999050 0.342604
vt 0.939310 0.183297
vt 0.939310 0.342604
vt 0.985655 0.179437
vt 0.939081 0.132863
vt 0.939081 0.179437
vt 0.979692 0.844034
vt -0.000781 0.781451
vt 0.979692 0.781451
vt 0.146184 0.656284
vt 0.000156 0.718868
vt 0.000156 0.656284
vt 0.980629 0.781451
vt 0.000156 0.718868
vt 0.980629 0.718868
vt 0.302823 0.718868
vt 0.156795 0.656284
vt 0.302823 0.656284
vt 0.999534 0.654611
vt -0.000466 0.505675
vt 0.999534 0.505675
vt 0.979692 0.844034
vt -0.000781 0.781451
vt 0.979692 0.781451
vt 0.145247 0.656284
vt -0.000781 0.718868
vt -0.000781 0.656284
vt 0.979692 0.781451
vt -0.000781 0.718868
vt 0.979692 0.718868
vt 0.302823 0.718868
vt 0.156795 0.656284
vt 0.302823 0.656284
vt 1.000000 1.000000
vt 0.000000 0.851064
vt 1.000000 0.851064
vt 0.998987 0.998895
vt 0.001647 0.850355
vt 0.998987 0.850355
vt 0.998987 0.998049
vt 0.001647 0.849509
vt 0.998987 0.849509
vt 0.996250 0.066246
vt 0.996250 0.080442
vt 0.989802 0.060098
vt 0.989802 0.046423
vt 0.000200 0.259595
vt 0.905875 0.121202
vt 0.905875 0.025761
vt 0.000512 0.330358
vt 0.000200 0.296828
vt 0.905875 0.089593
vt 0.905875 0.012881
vt 0.906387 0.321630
vt 0.999050 0.342604
vt 0.999050 0.342604
vt 0.939310 0.342604
vt 0.939310 0.342604
vt 0.985655 0.179437
vt 0.999050 0.342604
vt 0.999050 0.342604
vt 0.999050 0.342604
vt 0.999050 0.183297
vt -0.000781 0.844034
vt 0.146184 0.718868
vt 0.998987 0.998895
vt 0.000000 0.048121
vt 0.000000 0.048121
vt 0.905753 0.210448
vt 0.906075 0.281378
vt 0.985655 0.132863
vt 0.000156 0.781451
vt 0.156795 0.718868
vt -0.000466 0.654611
vt 0.000000 0.062150
vt 0.000000 0.034093
vt -0.000122 0.210448
vt 0.905875 0.121202
vt 0.000512 0.330358
vt 0.000200 0.296828
vt 0.000000 0.089593
vt 0.905875 0.012881
vt 0.906387 0.321630
vt 0.000200 0.281378
vt 0.999050 0.342604
vt 0.999050 0.342604
vt 0.939310 0.342604
vt 0.939310 0.342604
vt 0.985655 0.179437
vt 0.999050 0.183297
vt 0.999050 0.342604
vt 0.999050 0.183297
vt 0.999050 0.342604
vt -0.000781 0.844034
vt 0.000156 0.718868
vt 0.001647 0.998895
vt 0.000200 0.259595
vt 0.905875 0.025761
vt 0.985655 0.132863
vt 0.980629 0.781451
vt 0.302823 0.718868
vt -0.000466 0.654611
vt 0.000000 0.048121
vt 0.000000 0.048121
vt 0.000200 0.219937
vt 0.905753 0.210448
vt 0.000000 0.121202
vt 0.000000 0.025761
vt 0.000512 0.330358
vt 0.906075 0.296828
vt 0.905875 0.089593
vt 0.905875 0.012881
vt 0.000512 0.321630
vt 0.000200 0.281378
vt 0.999050 0.342604
vt 0.939310 0.342604
vt 0.939310 0.342604
vt 0.939310 0.342604
vt 0.985655 0.179437
vt 0.999050 0.183297
vt 0.999050 0.183297
vt 0.999050 0.183297
vt 0.999050 0.183297
vt -0.000781 0.844034
vt 0.146184 0.718868
vt 0.001647 0.998895
vt 0.985655 0.179437
vt 0.000156 0.781451
vt 0.156795 0.718868
vt -0.000466 0.654611
vt 0.939310 0.342604
vt 0.939310 0.342604
vt 0.999050 0.342604
vt 0.939310 0.342604
vt 0.985655 0.179437
vt 0.999050 0.183297
vt 0.999050 0.183297
vt 0.999050 0.183297
vt 0.999050 0.183297
vt 0.985655 0.179437
vt -0.000781 0.844034
vt 0.000156 0.718868
vt 0.980629 0.781451
vt 0.302823 0.718868
vt 0.999534 0.654611
vt 0.001647 0.998895
vt 0.939310 0.342604
vt 0.939310 0.342604
vt 0.939310 0.342604
vt 0.939310 0.342604
vt 0.939081 0.179437
vt 0.999050 0.183297
vt 0.999050 0.183297
vt 0.999050 0.183297
vt 0.999050 0.342604
vt 0.985655 0.132863
vt -0.000781 0.844034
vt 0.000156 0.718868
vt 0.000156 0.781451
vt 0.156795 0.718868
vt -0.000466 0.654611
vt 0.998987 0.998895
vt 0.000000 0.062150
vt 0.000000 0.048121
vt 0.000200 0.259595
vt -0.000122 0.210448
vt 0.000000 0.121202
vt 0.000000 0.025761
vt 0.906387 0.330358
vt 0.000200 0.296828
vt 0.000000 0.089593
vt 0.905875 0.012881
vt 0.906387 0.321630
vt 0.000200 0.281378
vt 0.939310 0.342604
vt 0.939310 0.342604
vt 0.999050 0.342604
vt 0.939310 0.342604
vt 0.985655 0.179437
vt 0.999050 0.183297
vt 0.999050 0.183297
vt 0.999050 0.183297
vt 0.999050 0.183297
vt -0.000781 0.844034
vt 0.000156 0.718868
vt 0.001647 0.998895
vt 0.985655 0.179437
vt 0.000156 0.781451
vt 0.156795 0.718868
vt 0.999534 0.654611
vt 0.905875 0.048121
vt 0.943180 0.014240
vt 0.996752 0.014240
vt 0.989510 0.041289
vt 0.950422 0.041289
vt 0.905875 0.034093
vt 0.906075 0.219937
vt -0.000122 0.156096
vt 0.000000 0.093759
vt 0.000000 0.012881
vt 0.000512 0.321630
vt 0.906075 0.312903
vt 0.000000 0.062150
vt 0.000000 0.000000
vt 0.000512 0.312903
vt 0.906075 0.297453
vt 0.000000 0.062150
vt 0.989510 0.041289
vt 0.000000 0.034093
vt 0.000200 0.259595
vt 0.905753 0.210448
vt 0.905875 0.121202
vt 0.905875 0.025761
vt 0.906387 0.330358
vt 0.000200 0.296828
vt 0.905875 0.089593
vt 0.905875 0.012881
vt 0.906387 0.321630
vt 0.000200 0.281378
vt 0.939310 0.342604
vt 0.939310 0.342604
vt 0.939310 0.342604
vt 0.939310 0.342604
vt 0.939081 0.179437
vt 0.999050 0.183297
vt 0.999050 0.183297
vt 0.999050 0.183297
vt 0.999050 0.183297
vt 0.985655 0.132863
vt 0.939310 0.342604
vt 0.999050 0.342604
vt 0.939310 0.342604
vt 0.939310 0.342604
vt 0.939081 0.179437
vt 0.999050 0.183297
vt 0.999050 0.342604
vt 0.999050 0.183297
vt 0.999050 0.183297
vt 0.985655 0.132863
vt -0.000781 0.844034
vt 0.146184 0.718868
vt 0.000156 0.781451
vt 0.156795 0.718868
vt -0.000466 0.654611
vt -0.000781 0.844034
vt 0.145247 0.718868
vt -0.000781 0.781451
vt 0.156795 0.718868
vt 0.000000 1.000000
vt 0.001647 0.998895
vt 0.001647 0.998049
vt 0.679406 0.062150
vt 0.679406 0.048121
vt 0.226469 0.093759
vt 0.226469 0.121202
vt 0.226469 0.012881
vt 0.226469 0.025761
vt 0.939310 0.183297
vt 0.999050 0.183297
vt 0.999050 0.342604
vt 0.999050 0.183297
vt 0.999050 0.342604
vt 0.939310 0.342604
vt 0.939310 0.183297
vt 0.999050 0.183297
vt 0.999050 0.342604
vt 0.939310 0.183297
vt 0.999050 0.183297
vt 0.999050 0.342604
vt 0.939081 0.132863
vt 0.985655 0.132863
vt 0.985655 0.179437
vt 0.939310 0.183297
vt 0.999050 0.183297
vt 0.999050 0.342604
vt 0.999050 0.183297
vt 0.999050 0.342604
vt 0.939310 0.342604
vt 0.939310 0.183297
vt 0.999050 0.183297
vt 0.999050 0.342604
vt 0.939310 0.183297
vt 0.999050 0.183297
vt 0.999050 0.342604
vt 0.939081 0.132863
vt 0.985655 0.132863
vt 0.985655 0.179437
vt 0.939310 0.183297
vt 0.999050 0.183297
vt 0.999050 0.342604
vt 0.939310 0.183297
vt 0.999050 0.183297
vt 0.999050 0.342604
vt 0.939310 0.183297
vt 0.999050 0.183297
vt 0.999050 0.342604
vt 0.939310 0.183297
vt 0.999050 0.183297
vt 0.999050 0.342604
vt 0.939081 0.132863
vt 0.985655 0.132863
vt 0.985655 0.179437
vt -0.000781 0.781451
vt 0.979692 0.781451
vt 0.979692 0.844034
vt 0.146184 0.656284
vt 0.146184 0.718868
vt 0.000156 0.718868
vt 0.000156 0.718868
vt 0.980629 0.718868
vt 0.980629 0.781451
vt 0.156795 0.656284
vt 0.302823 0.656284
vt 0.302823 0.718868
vt -0.000466 0.505675
vt 0.999534 0.505675
vt 0.999534 0.654611
vt -0.000781 0.781451
vt 0.979692 0.781451
vt 0.979692 0.844034
vt 0.145247 0.656284
vt 0.145247 0.718868
vt -0.000781 0.718868
vt -0.000781 0.718868
vt 0.979692 0.718868
vt 0.979692 0.781451
vt 0.156795 0.656284
vt 0.302823 0.656284
vt 0.302823 0.718868
vt 1.000000 0.851064
vt 1.000000 1.000000
vt 0.000000 1.000000
vt -0.000781 0.781451
vt 0.979692 0.781451
vt 0.979692 0.844034
vt -0.000781 0.656284
vt 0.145247 0.656284
vt 0.145247 0.718868
vt -0.000781 0.718868
vt 0.979692 0.718868
vt 0.979692 0.781451
vt 0.302823 0.656284
vt 0.302823 0.718868
vt 0.156795 0.718868
vt -0.000103 0.349106
vt 0.999897 0.349106
vt 0.999897 0.498042
vt -0.000781 0.781451
vt 0.979692 0.781451
vt 0.979692 0.844034
vt 0.145247 0.656284
vt 0.145247 0.718868
vt -0.000781 0.718868
vt -0.000781 0.718868
vt 0.979692 0.718868
vt 0.979692 0.781451
vt 0.302823 0.656284
vt 0.302823 0.718868
vt 0.156795 0.718868
vt 0.000000 0.851064
vt 1.000000 0.851064
vt 1.000000 1.000000
vt 0.001647 0.850355
vt 0.998987 0.850355
vt 0.998987 0.998895
vt 0.998987 0.849509
vt 0.998987 0.998049
vt 0.001647 0.998049
vt 0.000000 0.352016
vt 0.997339 0.352016
vt 0.997339 0.500556
vt 0.001647 0.504118
vt 0.998987 0.504118
vt 0.998987 0.652658
vt 0.939310 0.183297
vt 0.999050 0.183297
vt 0.999050 0.342604
vt 0.999050 0.183297
vt 0.999050 0.342604
vt 0.939310 0.342604
vt 0.939310 0.183297
vt 0.999050 0.183297
vt 0.999050 0.342604
vt 0.939310 0.183297
vt 0.999050 0.183297
vt 0.999050 0.342604
vt 0.985655 0.132863
vt 0.985655 0.179437
vt 0.939081 0.179437
vt 0.939310 0.183297
vt 0.999050 0.183297
vt 0.999050 0.342604
vt 0.939310 0.183297
vt 0.999050 0.183297
vt 0.999050 0.342604
vt 0.939310 0.183297
vt 0.999050 0.183297
vt 0.999050 0.342604
vt 0.939310 0.183297
vt 0.999050 0.183297
vt 0.999050 0.342604
vt 0.939081 0.132863
vt 0.985655 0.132863
vt 0.985655 0.179437
vt 0.939310 0.183297
vt 0.999050 0.183297
vt 0.999050 0.342604
vt 0.939310 0.183297
vt 0.999050 0.183297
vt 0.999050 0.342604
vt 0.939310 0.183297
vt 0.999050 0.183297
vt 0.999050 0.342604
vt 0.939310 0.183297
vt 0.999050 0.183297
vt 0.999050 0.342604
vt 0.939081 0.132863
vt 0.985655 0.132863
vt 0.985655 0.179437
vt 0.939310 0.183297
vt 0.939310 0.342604
vt 0.999050 0.342604
vt 0.939310 0.183297
vt 0.939310 0.342604
vt 0.999050 0.342604
vt 0.939310 0.183297
vt 0.939310 0.342604
vt 0.999050 0.342604
vt 0.939310 0.183297
vt 0.939310 0.342604
vt 0.999050 0.342604
vt 0.939081 0.132863
vt 0.939081 0.179437
vt 0.985655 0.179437
vt 0.939310 0.183297
vt 0.999050 0.183297
vt 0.999050 0.342604
vt 0.939310 0.183297
vt 0.999050 0.183297
vt 0.999050 0.342604
vt 0.939310 0.183297
vt 0.999050 0.183297
vt 0.999050 0.342604
vt 0.939310 0.183297
vt 0.999050 0.183297
vt 0.999050 0.342604
vt 0.939081 0.132863
vt 0.985655 0.132863
vt 0.985655 0.179437
vt -0.000781 0.781451
vt 0.979692 0.781451
vt 0.979692 0.844034
vt 0.000156 0.656284
vt 0.146184 0.656284
vt 0.146184 0.718868
vt 0.000156 0.718868
vt 0.980629 0.718868
vt 0.980629 0.781451
vt 0.156795 0.656284
vt 0.302823 0.656284
vt 0.302823 0.718868
vt -0.000466 0.505675
vt 0.999534 0.505675
vt 0.999534 0.654611
vt -0.000781 0.781451
vt 0.979692 0.781451
vt 0.979692 0.844034
vt 0.145247 0.656284
vt 0.145247 0.718868
vt -0.000781 0.718868
vt -0.000781 0.718868
vt 0.979692 0.718868
vt 0.979692 0.781451
vt 0.156795 0.656284
vt 0.302823 0.656284
vt 0.302823 0.718868
vt 1.000000 0.851064
vt 1.000000 1.000000
vt 0.000000 1.000000
vt -0.000781 0.781451
vt 0.979692 0.781451
vt 0.979692 0.844034
vt 0.145247 0.656284
vt 0.145247 0.718868
vt -0.000781 0.718868
vt -0.000781 0.718868
vt 0.979692 0.718868
vt 0.979692 0.781451
vt 0.156795 0.656284
vt 0.302823 0.656284
vt 0.302823 0.718868
vt 0.999897 0.349106
vt 0.999897 0.498042
vt -0.000103 0.498042
vt -0.000781 0.781451
vt 0.979692 0.781451
vt 0.979692 0.844034
vt 0.145247 0.656284
vt 0.145247 0.718868
vt -0.000781 0.718868
vt -0.000781 0.718868
vt 0.979692 0.718868
vt 0.979692 0.781451
vt 0.156795 0.656284
vt 0.302823 0.656284
vt 0.302823 0.718868
vt 0.000000 0.851064
vt 1.000000 0.851064
vt 1.000000 1.000000
vt 0.001647 0.850355
vt 0.998987 0.850355
vt 0.998987 0.998895
vt 0.998987 0.849509
vt 0.998987 0.998049
vt 0.001647 0.998049
vt 0.000000 0.352016
vt 0.997339 0.352016
vt 0.997339 0.500556
vt 0.001647 0.504118
vt 0.998987 0.504118
vt 0.998987 0.652658
vt 0.939310 0.183297
vt 0.999050 0.183297
vt 0.999050 0.342604
vt 0.999050 0.183297
vt 0.999050 0.342604
vt 0.939310 0.342604
vt 0.939310 0.183297
vt 0.999050 0.183297
vt 0.999050 0.342604
vt 0.939310 0.183297
vt 0.999050 0.183297
vt 0.999050 0.342604
vt 0.985655 0.132863
vt 0.985655 0.179437
vt 0.939081 0.179437
vt 0.939310 0.183297
vt 0.939310 0.342604
vt 0.999050 0.342604
vt 0.939310 0.342604
vt 0.999050 0.342604
vt 0.999050 0.183297
vt 0.939310 0.183297
vt 0.939310 0.342604
vt 0.999050 0.342604
vt 0.939310 0.183297
vt 0.939310 0.342604
vt 0.999050 0.342604
vt 0.939081 0.179437
vt 0.985655 0.179437
vt 0.985655 0.132863
vt 0.939310 0.183297
vt 0.999050 0.183297
vt 0.999050 0.342604
vt 0.999050 0.183297
vt 0.999050 0.342604
vt 0.939310 0.342604
vt 0.939310 0.183297
vt 0.999050 0.183297
vt 0.999050 0.342604
vt 0.939310 0.183297
vt 0.999050 0.183297
vt 0.999050 0.342604
vt 0.939081 0.132863
vt 0.985655 0.132863
vt 0.985655 0.179437
vt 0.939310 0.183297
vt 0.939310 0.342604
vt 0.999050 0.342604
vt 0.939310 0.342604
vt 0.999050 0.342604
vt 0.999050 0.183297
vt 0.939310 0.183297
vt 0.939310 0.342604
vt 0.999050 0.342604
vt 0.939310 0.183297
vt 0.939310 0.342604
vt 0.999050 0.342604
vt 0.939081 0.132863
vt 0.939081 0.179437
vt 0.985655 0.179437
vt 0.939310 0.183297
vt 0.999050 0.183297
vt 0.999050 0.342604
vt 0.999050 0.183297
vt 0.999050 0.342604
vt 0.939310 0.342604
vt 0.939310 0.183297
vt 0.999050 0.183297
vt 0.999050 0.342604
vt 0.939310 0.183297
vt 0.999050 0.183297
vt 0.999050 0.342604
vt 0.939081 0.132863
vt 0.985655 0.132863
vt 0.985655 0.179437
vt 0.939310 0.183297
vt 0.939310 0.342604
vt 0.999050 0.342604
vt 0.939310 0.342604
vt 0.999050 0.342604
vt 0.999050 0.183297
vt 0.939310 0.183297
vt 0.939310 0.342604
vt 0.999050 0.342604
vt 0.939310 0.342604
vt 0.999050 0.342604
vt 0.999050 0.183297
vt 0.939081 0.132863
vt 0.939081 0.179437
vt 0.985655 0.179437
vt 0.939310 0.183297
vt 0.999050 0.183297
vt 0.999050 0.342604
vt 0.999050 0.183297
vt 0.999050 0.342604
vt 0.939310 0.342604
vt 0.939310 0.183297
vt 0.999050 0.183297
vt 0.999050 0.342604
vt 0.939310 0.183297
vt 0.999050 0.183297
vt 0.999050 0.342604
vt 0.939081 0.132863
vt 0.985655 0.132863
vt 0.985655 0.179437
vt 0.939310 0.183297
vt 0.939310 0.342604
vt 0.999050 0.342604
vt 0.939310 0.183297
vt 0.939310 0.342604
vt 0.999050 0.342604
vt 0.939310 0.183297
vt 0.939310 0.342604
vt 0.999050 0.342604
vt 0.939310 0.183297
vt 0.939310 0.342604
vt 0.999050 0.342604
vt 0.939081 0.132863
vt 0.939081 0.179437
vt 0.985655 0.179437
vt -0.000781 0.781451
vt 0.979692 0.781451
vt 0.979692 0.844034
vt 0.146184 0.656284
vt 0.146184 0.718868
vt 0.000156 0.718868
vt 0.000156 0.718868
vt 0.980629 0.718868
vt 0.980629 0.781451
vt 0.156795 0.656284
vt 0.302823 0.656284
vt 0.302823 0.718868
vt -0.000466 0.505675
vt 0.999534 0.505675
vt 0.999534 0.654611
vt -0.000781 0.781451
vt 0.979692 0.781451
vt 0.979692 0.844034
vt 0.145247 0.656284
vt 0.145247 0.718868
vt -0.000781 0.718868
vt -0.000781 0.718868
vt 0.979692 0.718868
vt 0.979692 0.781451
vt 0.156795 0.656284
vt 0.302823 0.656284
vt 0.302823 0.718868
vt 0.000000 0.851064
vt 1.000000 0.851064
vt 1.000000 1.000000
vt -0.000781 0.781451
vt 0.979692 0.781451
vt 0.979692 0.844034
vt 0.145247 0.656284
vt 0.145247 0.718868
vt -0.000781 0.718868
vt -0.000781 0.718868
vt 0.979692 0.718868
vt 0.979692 0.781451
vt 0.156795 0.656284
vt 0.302823 0.656284
vt 0.302823 0.718868
vt 0.999897 0.349106
vt 0.999897 0.498042
vt -0.000103 0.498042
vt -0.000781 0.781451
vt 0.979692 0.781451
vt 0.979692 0.844034
vt 0.145247 0.656284
vt 0.145247 0.718868
vt -0.000781 0.718868
vt -0.000781 0.718868
vt 0.979692 0.718868
vt 0.979692 0.781451
vt 0.156795 0.656284
vt 0.302823 0.656284
vt 0.302823 0.718868
vt 1.000000 0.851064
vt 1.000000 1.000000
vt 0.000000 1.000000
vt 0.001647 0.850355
vt 0.998987 0.850355
vt 0.998987 0.998895
vt 0.998987 0.849509
vt 0.998987 0.998049
vt 0.001647 0.998049
vt 0.997339 0.352016
vt 0.997339 0.500556
vt 0.000000 0.500556
vt 0.001647 0.504118
vt 0.998987 0.504118
vt 0.998987 0.652658
vt 0.679406 0.048121
vt 0.679406 0.034093
vt 0.679606 0.259595
vt 0.679606 0.219937
vt 0.226347 0.210448
vt 0.226981 0.330358
vt 0.679606 0.312903
vt 0.679606 0.296828
vt 0.226469 0.089593
vt 0.226469 0.000000
vt 0.226469 0.012881
vt 0.226981 0.321630
vt 0.679606 0.297453
vt 0.679606 0.281378
vt 0.939310 0.183297
vt 0.999050 0.183297
vt 0.999050 0.342604
vt 0.939310 0.183297
vt 0.999050 0.183297
vt 0.999050 0.342604
vt 0.939310 0.183297
vt 0.999050 0.183297
vt 0.999050 0.342604
vt 0.939310 0.183297
vt 0.999050 0.183297
vt 0.999050 0.342604
vt 0.985655 0.132863
vt 0.985655 0.179437
vt 0.939081 0.179437
vt 0.939310 0.183297
vt 0.939310 0.342604
vt 0.999050 0.342604
vt 0.939310 0.342604
vt 0.999050 0.342604
vt 0.999050 0.183297
vt 0.939310 0.183297
vt 0.939310 0.342604
vt 0.999050 0.342604
vt 0.939310 0.183297
vt 0.939310 0.342604
vt 0.999050 0.342604
vt 0.939081 0.132863
vt 0.939081 0.179437
vt 0.985655 0.179437
vt 0.679406 0.025761
vt 0.679406 0.012881
vt 0.679406 0.121202
vt 0.226469 0.062150
vt 0.905875 0.048121
vt 0.679406 0.048121
vt 0.679406 0.034093
vt 0.679606 0.259595
vt 0.679606 0.219937
vt 0.906075 0.219937
vt 0.226347 0.156096
vt 0.226347 0.210448
vt -0.000122 0.210448
vt 0.226981 0.321630
vt 0.226981 0.330358
vt 0.000512 0.330358
vt 0.679606 0.312903
vt 0.679606 0.296828
vt 0.906075 0.296828
vt 0.226469 0.062150
vt 0.226469 0.089593
vt 0.000000 0.089593
vt 0.226469 0.000000
vt 0.226469 0.012881
vt 0.000000 0.012881
vt 0.226981 0.312903
vt 0.226981 0.321630
vt 0.000512 0.321630
vt 0.679606 0.281378
vt 0.906075 0.281378
vt 0.906075 0.297453
vt 0.905875 0.025761
vt 0.679406 0.025761
vt 0.679406 0.012881
vt 0.905875 0.093759
vt 0.905875 0.121202
vt 0.679406 0.121202
vt 0.226469 0.062150
vt 0.000000 0.062150
vt 0.000000 0.048121
vt 0.905875 0.048121
vt 0.679406 0.048121
vt 0.679406 0.034093
vt 0.679606 0.259595
vt 0.679606 0.219937
vt 0.906075 0.219937
vt 0.226347 0.156096
vt 0.226347 0.210448
vt -0.000122 0.210448
vt 0.226981 0.321630
vt 0.226981 0.330358
vt 0.000512 0.330358
vt 0.679606 0.312903
vt 0.679606 0.296828
vt 0.906075 0.296828
vt 0.226469 0.062150
vt 0.226469 0.089593
vt 0.000000 0.089593
vt 0.226469 0.000000
vt 0.226469 0.012881
vt 0.000000 0.012881
vt 0.226981 0.312903
vt 0.226981 0.321630
vt 0.000512 0.321630
vt 0.679606 0.281378
vt 0.906075 0.281378
vt 0.906075 0.297453
vt 0.939310 0.183297
vt 0.939310 0.342604
vt 0.999050 0.342604
vt 0.939310 0.183297
vt 0.939310 0.342604
vt 0.999050 0.342604
vt 0.939310 0.183297
vt 0.939310 0.342604
vt 0.999050 0.342604
vt 0.939310 0.183297
vt 0.939310 0.342604
vt 0.999050 0.342604
vt 0.939081 0.179437
vt 0.985655 0.179437
vt 0.985655 0.132863
vt -0.000781 0.781451
vt 0.979692 0.781451
vt 0.979692 0.844034
vt 0.145247 0.656284
vt 0.145247 0.718868
vt -0.000781 0.718868
vt -0.000781 0.718868
vt 0.979692 0.718868
vt 0.979692 0.781451
vt 0.156795 0.656284
vt 0.302823 0.656284
vt 0.302823 0.718868
vt 1.000000 0.851064
vt 1.000000 1.000000
vt 0.000000 1.000000
vt 0.001647 0.504118
vt 0.998987 0.504118
vt 0.998987 0.652658
vt 0.905875 0.025761
vt 0.679406 0.025761
vt 0.679406 0.012881
vt 0.905875 0.093759
vt 0.905875 0.121202
vt 0.679406 0.121202
vt 0.226469 0.062150
vt 0.000000 0.062150
vt 0.000000 0.048121
vt 0.905875 0.048121
vt 0.679406 0.048121
vt 0.679406 0.034093
vt 0.679606 0.259595
vt 0.679606 0.219937
vt 0.906075 0.219937
vt 0.226347 0.156096
vt 0.226347 0.210448
vt -0.000122 0.210448
vt 0.226981 0.321630
vt 0.226981 0.330358
vt 0.000512 0.330358
vt 0.679606 0.312903
vt 0.679606 0.296828
vt 0.906075 0.296828
vt 0.226469 0.062150
vt 0.226469 0.089593
vt 0.000000 0.089593
vt 0.226469 0.012881
vt 0.000000 0.012881
vt 0.000000 0.000000
vt 0.226981 0.312903
vt 0.226981 0.321630
vt 0.000512 0.321630
vt 0.679606 0.281378
vt 0.906075 0.281378
vt 0.906075 0.297453
vt 0.939310 0.183297
vt 0.939310 0.342604
vt 0.999050 0.342604
vt 0.939310 0.183297
vt 0.939310 0.342604
vt 0.999050 0.342604
vt 0.939310 0.183297
vt 0.939310 0.342604
vt 0.999050 0.342604
vt 0.939310 0.183297
vt 0.939310 0.342604
vt 0.999050 0.342604
vt 0.939081 0.179437
vt 0.985655 0.179437
vt 0.985655 0.132863
vt -0.000781 0.781451
vt 0.979692 0.781451
vt 0.979692 0.844034
vt 0.145247 0.656284
vt 0.145247 0.718868
vt -0.000781 0.718868
vt -0.000781 0.718868
vt 0.979692 0.718868
vt 0.979692 0.781451
vt 0.302823 0.656284
vt 0.302823 0.718868
vt 0.156795 0.718868
vt 1.000000 0.851064
vt 1.000000 1.000000
vt 0.000000 1.000000
vt 0.001647 0.504118
vt 0.998987 0.504118
vt 0.998987 0.652658
vt 0.905875 0.025761
vt 0.679406 0.025761
vt 0.679406 0.012881
vt 0.905875 0.093759
vt 0.905875 0.121202
vt 0.679406 0.121202
vt 0.226469 0.062150
vt 0.000000 0.062150
vt 0.000000 0.048121
vt 0.905875 0.048121
vt 0.679406 0.048121
vt 0.679406 0.034093
vt 0.679606 0.259595
vt 0.679606 0.219937
vt 0.906075 0.219937
vt 0.226347 0.156096
vt 0.226347 0.210448
vt -0.000122 0.210448
vt 0.226981 0.321630
vt 0.226981 0.330358
vt 0.000512 0.330358
vt 0.679606 0.312903
vt 0.679606 0.296828
vt 0.906075 0.296828
vt 0.226469 0.062150
vt 0.226469 0.089593
vt 0.000000 0.089593
vt 0.226469 0.000000
vt 0.226469 0.012881
vt 0.000000 0.012881
vt 0.226981 0.312903
vt 0.226981 0.321630
vt 0.000512 0.321630
vt 0.679606 0.281378
vt 0.906075 0.281378
vt 0.906075 0.297453
vt 0.939310 0.342604
vt 0.999050 0.342604
vt 0.999050 0.183297
vt 0.939310 0.342604
vt 0.999050 0.342604
vt 0.999050 0.183297
vt 0.939310 0.183297
vt 0.939310 0.342604
vt 0.999050 0.342604
vt 0.939310 0.183297
vt 0.939310 0.342604
vt 0.999050 0.342604
vt 0.939081 0.132863
vt 0.939081 0.179437
vt 0.985655 0.179437
vt -0.000781 0.781451
vt 0.979692 0.781451
vt 0.979692 0.844034
vt -0.000781 0.656284
vt 0.145247 0.656284
vt 0.145247 0.718868
vt -0.000781 0.718868
vt 0.979692 0.718868
vt 0.979692 0.781451
vt 0.156795 0.656284
vt 0.302823 0.656284
vt 0.302823 0.718868
vt 0.000000 0.851064
vt 1.000000 0.851064
vt 1.000000 1.000000
vt 0.998987 0.504118
vt 0.998987 0.652658
vt 0.001647 0.652658
vt 0.905875 0.025761
vt 0.679406 0.025761
vt 0.679406 0.012881
vt 0.905875 0.121202
vt 0.679406 0.121202
vt 0.679406 0.093759
vt 0.226469 0.062150
vt 0.000000 0.062150
vt 0.000000 0.048121
vt 0.905875 0.048121
vt 0.679406 0.048121
vt 0.679406 0.034093
vt 0.679606 0.259595
vt 0.679606 0.219937
vt 0.906075 0.219937
vt 0.226347 0.156096
vt 0.226347 0.210448
vt -0.000122 0.210448
vt 0.226981 0.321630
vt 0.226981 0.330358
vt 0.000512 0.330358
vt 0.679606 0.312903
vt 0.679606 0.296828
vt 0.906075 0.296828
vt 0.226469 0.062150
vt 0.226469 0.089593
vt 0.000000 0.089593
vt 0.226469 0.000000
vt 0.226469 0.012881
vt 0.000000 0.012881
vt 0.226981 0.312903
vt 0.226981 0.321630
vt 0.000512 0.321630
vt 0.679606 0.281378
vt 0.906075 0.281378
vt 0.906075 0.297453
vt 0.939310 0.183297
vt 0.939310 0.342604
vt 0.999050 0.342604
vt 0.939310 0.183297
vt 0.939310 0.342604
vt 0.999050 0.342604
vt 0.939310 0.183297
vt 0.939310 0.342604
vt 0.999050 0.342604
vt 0.939310 0.183297
vt 0.939310 0.342604
vt 0.999050 0.342604
vt 0.939081 0.132863
vt 0.939081 0.179437
vt 0.985655 0.179437
vt -0.000781 0.781451
vt 0.979692 0.781451
vt 0.979692 0.844034
vt -0.000781 0.656284
vt 0.145247 0.656284
vt 0.145247 0.718868
vt -0.000781 0.718868
vt 0.979692 0.718868
vt 0.979692 0.781451
vt 0.156795 0.656284
vt 0.302823 0.656284
vt 0.302823 0.718868
vt 0.000000 0.851064
vt 1.000000 0.851064
vt 1.000000 1.000000
vt 0.998987 0.504118
vt 0.998987 0.652658
vt 0.001647 0.652658
vt 0.905875 0.025761
vt 0.679406 0.025761
vt 0.679406 0.012881
vt 0.905875 0.121202
vt 0.679406 0.121202
vt 0.679406 0.093759
vt 0.226469 0.062150
vt 0.000000 0.062150
vt 0.000000 0.048121
vt 0.905875 0.048121
vt 0.679406 0.048121
vt 0.679406 0.034093
vt 0.679606 0.259595
vt 0.679606 0.219937
vt 0.906075 0.219937
vt 0.226347 0.156096
vt 0.226347 0.210448
vt -0.000122 0.210448
vt 0.226981 0.321630
vt 0.226981 0.330358
vt 0.000512 0.330358
vt 0.679606 0.312903
vt 0.679606 0.296828
vt 0.906075 0.296828
vt 0.226469 0.062150
vt 0.226469 0.089593
vt 0.000000 0.089593
vt 0.226469 0.000000
vt 0.226469 0.012881
vt 0.000000 0.012881
vt 0.226981 0.312903
vt 0.226981 0.321630
vt 0.000512 0.321630
vt 0.679606 0.281378
vt 0.906075 0.281378
vt 0.906075 0.297453
vt 0.999050 0.183297
vt 0.999050 0.342604
vt 0.939310 0.342604
vt 0.939310 0.183297
vt 0.999050 0.183297
vt 0.999050 0.342604
vt 0.939310 0.183297
vt 0.999050 0.183297
vt 0.999050 0.342604
vt 0.939310 0.183297
vt 0.999050 0.183297
vt 0.999050 0.342604
vt 0.939081 0.132863
vt 0.985655 0.132863
vt 0.985655 0.179437
vt 0.939310 0.183297
vt 0.939310 0.342604
vt 0.999050 0.342604
vt 0.939310 0.183297
vt 0.939310 0.342604
vt 0.999050 0.342604
vt 0.939310 0.183297
vt 0.939310 0.342604
vt 0.999050 0.342604
vt 0.939310 0.183297
vt 0.939310 0.342604
vt 0.999050 0.342604
vt 0.939081 0.179437
vt 0.985655 0.179437
vt 0.985655 0.132863
vt -0.000781 0.781451
vt 0.979692 0.781451
vt 0.979692 0.844034
vt 0.145247 0.656284
vt 0.145247 0.718868
vt -0.000781 0.718868
vt -0.000781 0.718868
vt 0.979692 0.718868
vt 0.979692 0.781451
vt 0.156795 0.656284
vt 0.302823 0.656284
vt 0.302823 0.718868
vt 1.000000 0.851064
vt 1.000000 1.000000
vt 0.000000 1.000000
vt 0.001647 0.504118
vt 0.998987 0.504118
vt 0.998987 0.652658
vt 0.905875 0.025761
vt 0.679406 0.025761
vt 0.679406 0.012881
vt 0.905875 0.093759
vt 0.905875 0.121202
vt 0.679406 0.121202
vt 0.226469 0.062150
vt 0.000000 0.062150
vt 0.000000 0.048121
vt 0.905875 0.048121
vt 0.679406 0.048121
vt 0.679406 0.034093
vt 0.679606 0.259595
vt 0.679606 0.219937
vt 0.906075 0.219937
vt 0.226347 0.156096
vt 0.226347 0.210448
vt -0.000122 0.210448
vt 0.226981 0.321630
vt 0.226981 0.330358
vt 0.000512 0.330358
vt 0.679606 0.312903
vt 0.679606 0.296828
vt 0.906075 0.296828
vt 0.226469 0.062150
vt 0.226469 0.089593
vt 0.000000 0.089593
vt 0.226469 0.000000
vt 0.226469 0.012881
vt 0.000000 0.012881
vt 0.226981 0.312903
vt 0.226981 0.321630
vt 0.000512 0.321630
vt 0.679606 0.281378
vt 0.906075 0.281378
vt 0.906075 0.297453
vt 0.939310 0.183297
vt 0.999050 0.183297
vt 0.999050 0.342604
vt 0.999050 0.183297
vt 0.999050 0.342604
vt 0.939310 0.342604
vt 0.939310 0.183297
vt 0.999050 0.183297
vt 0.999050 0.342604
vt 0.939310 0.183297
vt 0.999050 0.183297
vt 0.999050 0.342604
vt 0.939081 0.132863
vt 0.985655 0.132863
vt 0.985655 0.179437
vt 0.939310 0.183297
vt 0.939310 0.342604
vt 0.999050 0.342604
vt 0.939310 0.183297
vt 0.939310 0.342604
vt 0.999050 0.342604
vt 0.939310 0.183297
vt 0.939310 0.342604
vt 0.999050 0.342604
vt 0.939310 0.183297
vt 0.939310 0.342604
vt 0.999050 0.342604
vt 0.939081 0.179437
vt 0.985655 0.179437
vt 0.985655 0.132863
vt -0.000781 0.781451
vt 0.979692 0.781451
vt 0.979692 0.844034
vt 0.145247 0.656284
vt 0.145247 0.718868
vt -0.000781 0.718868
vt -0.000781 0.718868
vt 0.979692 0.718868
vt 0.979692 0.781451
vt 0.156795 0.656284
vt 0.302823 0.656284
vt 0.302823 0.718868
vt 1.000000 0.851064
vt 1.000000 1.000000
vt 0.000000 1.000000
vt 0.001647 0.504118
vt 0.998987 0.504118
vt 0.998987 0.652658
vt 0.905875 0.025761
vt 0.679406 0.025761
vt 0.679406 0.012881
vt 0.905875 0.121202
vt 0.679406 0.121202
vt 0.679406 0.093759
vt 0.226469 0.062150
vt 0.000000 0.062150
vt 0.000000 0.048121
vt 0.905875 0.048121
vt 0.679406 0.048121
vt 0.679406 0.034093
vt 0.679606 0.259595
vt 0.679606 0.219937
vt 0.906075 0.219937
vt 0.226347 0.156096
vt 0.226347 0.210448
vt -0.000122 0.210448
vt 0.226981 0.321630
vt 0.226981 0.330358
vt 0.000512 0.330358
vt 0.679606 0.312903
vt 0.679606 0.296828
vt 0.906075 0.296828
vt 0.226469 0.062150
vt 0.226469 0.089593
vt 0.000000 0.089593
vt 0.226469 0.000000
vt 0.226469 0.012881
vt 0.000000 0.012881
vt 0.226981 0.312903
vt 0.226981 0.321630
vt 0.000512 0.321630
vt 0.679606 0.281378
vt 0.906075 0.281378
vt 0.906075 0.297453
vt 0.940937 0.003435
vt 0.940937 0.017793
vt 0.957388 0.017793
vt 0.980112 0.017793
vt 0.996563 0.017793
vt 0.996563 0.003435
vt 0.980112 0.045880
vt 0.948456 0.059062
vt 0.989043 0.059062
vt 0.957388 0.045880
vt 0.939310 0.183297
vt 0.939310 0.342604
vt 0.999050 0.342604
vt 0.939310 0.342604
vt 0.999050 0.342604
vt 0.999050 0.183297
vt 0.939310 0.342604
vt 0.999050 0.342604
vt 0.999050 0.183297
vt 0.939310 0.183297
vt 0.939310 0.342604
vt 0.999050 0.342604
vt 0.939081 0.132863
vt 0.939081 0.179437
vt 0.985655 0.179437
vt -0.000781 0.781451
vt 0.979692 0.781451
vt 0.979692 0.844034
vt -0.000781 0.656284
vt 0.145247 0.656284
vt 0.145247 0.718868
vt -0.000781 0.718868
vt 0.979692 0.718868
vt 0.979692 0.781451
vt 0.156795 0.656284
vt 0.302823 0.656284
vt 0.302823 0.718868
vt 1.000000 0.851064
vt 1.000000 1.000000
vt 0.000000 1.000000
vt 0.001647 0.504118
vt 0.998987 0.504118
vt 0.998987 0.652658
vt 0.905875 0.025761
vt 0.679406 0.025761
vt 0.679406 0.012881
vt 0.905875 0.093759
vt 0.905875 0.121202
vt 0.679406 0.121202
vt 0.226469 0.062150
vt 0.000000 0.062150
vt 0.000000 0.048121
vt 0.905875 0.048121
vt 0.679406 0.048121
vt 0.679406 0.034093
vt 0.679606 0.259595
vt 0.679606 0.219937
vt 0.906075 0.219937
vt 0.226347 0.156096
vt 0.226347 0.210448
vt -0.000122 0.210448
vt 0.226981 0.321630
vt 0.226981 0.330358
vt 0.000512 0.330358
vt 0.679606 0.312903
vt 0.679606 0.296828
vt 0.906075 0.296828
vt 0.226469 0.062150
vt 0.226469 0.089593
vt 0.000000 0.089593
vt 0.226469 0.000000
vt 0.226469 0.012881
vt 0.000000 0.012881
vt 0.226981 0.312903
vt 0.226981 0.321630
vt 0.000512 0.321630
vt 0.679606 0.281378
vt 0.906075 0.281378
vt 0.906075 0.297453
vt 0.226469 0.062150
vt 0.226469 0.048121
vt 0.000000 0.048121
vt 0.679406 0.093759
vt 0.679406 0.121202
vt 0.905875 0.121202
vt 0.905875 0.012881
vt 0.679406 0.012881
vt 0.679406 0.025761
vt 0.939310 0.183297
vt 0.999050 0.183297
vt 0.999050 0.342604
vt 0.999050 0.183297
vt 0.999050 0.342604
vt 0.939310 0.342604
vt 0.939310 0.183297
vt 0.999050 0.183297
vt 0.999050 0.342604
vt 0.999050 0.183297
vt 0.999050 0.342604
vt 0.939310 0.342604
vt 0.939081 0.132863
vt 0.985655 0.132863
vt 0.985655 0.179437
vt 0.939310 0.183297
vt 0.939310 0.342604
vt 0.999050 0.342604
vt 0.939310 0.342604
vt 0.999050 0.342604
vt 0.999050 0.183297
vt 0.939310 0.183297
vt 0.939310 0.342604
vt 0.999050 0.342604
vt 0.939310 0.183297
vt 0.939310 0.342604
vt 0.999050 0.342604
vt 0.939081 0.179437
vt 0.985655 0.179437
vt 0.985655 0.132863
vt -0.000781 0.781451
vt 0.979692 0.781451
vt 0.979692 0.844034
vt 0.145247 0.656284
vt 0.145247 0.718868
vt -0.000781 0.718868
vt -0.000781 0.718868
vt 0.979692 0.718868
vt 0.979692 0.781451
vt 0.302823 0.656284
vt 0.302823 0.718868
vt 0.156795 0.718868
vt 0.000000 0.851064
vt 1.000000 0.851064
vt 1.000000 1.000000
vt 0.998987 0.504118
vt 0.998987 0.652658
vt 0.001647 0.652658
vt 0.906075 0.297453
vt 0.906075 0.281378
vt 0.679606 0.281378
vt 0.000512 0.312903
vt 0.000512 0.321630
vt 0.226981 0.321630
vt 0.226469 0.000000
vt 0.000000 0.000000
vt 0.000000 0.012881
vt 0.226469 0.062150
vt 0.000000 0.062150
vt 0.000000 0.089593
vt 0.679606 0.312903
vt 0.906075 0.312903
vt 0.906075 0.296828
vt 0.000512 0.321630
vt 0.000512 0.330358
vt 0.226981 0.330358
vt 0.226347 0.156096
vt -0.000122 0.156096
vt -0.000122 0.210448
vt 0.906075 0.219937
vt 0.679606 0.219937
vt 0.679606 0.259595
vt 0.905875 0.048121
vt 0.905875 0.034093
vt 0.679406 0.034093
vt 0.905875 0.025761
vt 0.679406 0.025761
vt 0.679406 0.012881
vt 0.905875 0.121202
vt 0.679406 0.121202
vt 0.679406 0.093759
vt 0.226469 0.062150
vt 0.000000 0.062150
vt 0.000000 0.048121
vt 0.905875 0.048121
vt 0.679406 0.048121
vt 0.679406 0.034093
vt 0.679606 0.259595
vt 0.679606 0.219937
vt 0.906075 0.219937
vt 0.226347 0.156096
vt 0.226347 0.210448
vt -0.000122 0.210448
vt 0.226981 0.321630
vt 0.226981 0.330358
vt 0.000512 0.330358
vt 0.679606 0.312903
vt 0.679606 0.296828
vt 0.906075 0.296828
vt 0.226469 0.062150
vt 0.226469 0.089593
vt 0.000000 0.089593
vt 0.226469 0.012881
vt 0.000000 0.012881
vt 0.000000 0.000000
vt 0.226981 0.312903
vt 0.226981 0.321630
vt 0.000512 0.321630
vt 0.679606 0.281378
vt 0.906075 0.281378
vt 0.906075 0.297453
vt 0.226469 0.062150
vt 0.226469 0.048121
vt 0.000000 0.048121
vt 0.679406 0.093759
vt 0.679406 0.121202
vt 0.905875 0.121202
vt 0.905875 0.012881
vt 0.679406 0.012881
vt 0.679406 0.025761
vt 0.939310 0.183297
vt 0.999050 0.183297
vt 0.999050 0.342604
vt 0.939310 0.183297
vt 0.999050 0.183297
vt 0.999050 0.342604
vt 0.939310 0.183297
vt 0.999050 0.183297
vt 0.999050 0.342604
vt 0.939310 0.183297
vt 0.999050 0.183297
vt 0.999050 0.342604
vt 0.985655 0.132863
vt 0.985655 0.179437
vt 0.939081 0.179437
vt 0.939310 0.183297
vt 0.939310 0.342604
vt 0.999050 0.342604
vt 0.939310 0.183297
vt 0.939310 0.342604
vt 0.999050 0.342604
vt 0.939310 0.183297
vt 0.939310 0.342604
vt 0.999050 0.342604
vt 0.939310 0.183297
vt 0.939310 0.342604
vt 0.999050 0.342604
vt 0.939081 0.132863
vt 0.939081 0.179437
vt 0.985655 0.179437
vt -0.000781 0.781451
vt 0.979692 0.781451
vt 0.979692 0.844034
vt -0.000781 0.656284
vt 0.145247 0.656284
vt 0.145247 0.718868
vt -0.000781 0.718868
vt 0.979692 0.718868
vt 0.979692 0.781451
vt 0.156795 0.656284
vt 0.302823 0.656284
vt 0.302823 0.718868
vt 1.000000 0.851064
vt 1.000000 1.000000
vt 0.000000 1.000000
vt 0.001647 0.504118
vt 0.998987 0.504118
vt 0.998987 0.652658
vt 0.906075 0.297453
vt 0.906075 0.281378
vt 0.679606 0.281378
vt 0.000512 0.312903
vt 0.000512 0.321630
vt 0.226981 0.321630
vt 0.000000 0.000000
vt 0.000000 0.012881
vt 0.226469 0.012881
vt 0.226469 0.062150
vt 0.000000 0.062150
vt 0.000000 0.089593
vt 0.679606 0.312903
vt 0.906075 0.312903
vt 0.906075 0.296828
vt 0.000512 0.321630
vt 0.000512 0.330358
vt 0.226981 0.330358
vt 0.226347 0.156096
vt -0.000122 0.156096
vt -0.000122 0.210448
vt 0.906075 0.219937
vt 0.679606 0.219937
vt 0.679606 0.259595
vt 0.905875 0.048121
vt 0.905875 0.034093
vt 0.679406 0.034093
vt 0.905875 0.025761
vt 0.679406 0.025761
vt 0.679406 0.012881
vt 0.905875 0.121202
vt 0.679406 0.121202
vt 0.679406 0.093759
vt 0.226469 0.062150
vt 0.000000 0.062150
vt 0.000000 0.048121
vt 0.905875 0.048121
vt 0.679406 0.048121
vt 0.679406 0.034093
vt 0.679606 0.259595
vt 0.679606 0.219937
vt 0.906075 0.219937
vt 0.226347 0.156096
vt 0.226347 0.210448
vt -0.000122 0.210448
vt 0.226981 0.321630
vt 0.226981 0.330358
vt 0.000512 0.330358
vt 0.679606 0.312903
vt 0.679606 0.296828
vt 0.906075 0.296828
vt 0.226469 0.089593
vt 0.000000 0.089593
vt 0.000000 0.062150
vt 0.226469 0.012881
vt 0.000000 0.012881
vt 0.000000 0.000000
vt 0.226981 0.312903
vt 0.226981 0.321630
vt 0.000512 0.321630
vt 0.679606 0.281378
vt 0.906075 0.281378
vt 0.906075 0.297453
vt 0.226469 0.062150
vt 0.226469 0.048121
vt 0.000000 0.048121
vt 0.679406 0.093759
vt 0.679406 0.121202
vt 0.905875 0.121202
vt 0.905875 0.012881
vt 0.679406 0.012881
vt 0.679406 0.025761
vt 0.939310 0.183297
vt 0.999050 0.183297
vt 0.999050 0.342604
vt 0.999050 0.183297
vt 0.999050 0.342604
vt 0.939310 0.342604
vt 0.939310 0.183297
vt 0.999050 0.183297
vt 0.999050 0.342604
vt 0.939310 0.183297
vt 0.999050 0.183297
vt 0.999050 0.342604
vt 0.939081 0.132863
vt 0.985655 0.132863
vt 0.985655 0.179437
vt 0.939310 0.183297
vt 0.939310 0.342604
vt 0.999050 0.342604
vt 0.939310 0.183297
vt 0.939310 0.342604
vt 0.999050 0.342604
vt 0.939310 0.342604
vt 0.999050 0.342604
vt 0.999050 0.183297
vt 0.939310 0.183297
vt 0.939310 0.342604
vt 0.999050 0.342604
vt 0.939081 0.179437
vt 0.985655 0.179437
vt 0.985655 0.132863
vt -0.000781 0.781451
vt 0.979692 0.781451
vt 0.979692 0.844034
vt 0.145247 0.656284
vt 0.145247 0.718868
vt -0.000781 0.718868
vt -0.000781 0.718868
vt 0.979692 0.718868
vt 0.979692 0.781451
vt 0.156795 0.656284
vt 0.302823 0.656284
vt 0.302823 0.718868
vt 0.000000 0.851064
vt 1.000000 0.851064
vt 1.000000 1.000000
vt 0.998987 0.504118
vt 0.998987 0.652658
vt 0.001647 0.652658
vt 0.906075 0.297453
vt 0.906075 0.281378
vt 0.679606 0.281378
vt 0.000512 0.312903
vt 0.000512 0.321630
vt 0.226981 0.321630
vt 0.226469 0.000000
vt 0.000000 0.000000
vt 0.000000 0.012881
vt 0.226469 0.062150
vt 0.000000 0.062150
vt 0.000000 0.089593
vt 0.679606 0.312903
vt 0.906075 0.312903
vt 0.906075 0.296828
vt 0.000512 0.321630
vt 0.000512 0.330358
vt 0.226981 0.330358
vt 0.226347 0.156096
vt -0.000122 0.156096
vt -0.000122 0.210448
vt 0.906075 0.219937
vt 0.679606 0.219937
vt 0.679606 0.259595
vt 0.905875 0.048121
vt 0.905875 0.034093
vt 0.679406 0.034093
vt 0.905875 0.025761
vt 0.679406 0.025761
vt 0.679406 0.012881
vt 0.905875 0.093759
vt 0.905875 0.121202
vt 0.679406 0.121202
vt 0.226469 0.062150
vt 0.000000 0.062150
vt 0.000000 0.048121
vt 0.905875 0.048121
vt 0.679406 0.048121
vt 0.679406 0.034093
vt 0.679606 0.259595
vt 0.679606 0.219937
vt 0.906075 0.219937
vt 0.226347 0.156096
vt 0.226347 0.210448
vt -0.000122 0.210448
vt 0.226981 0.321630
vt 0.226981 0.330358
vt 0.000512 0.330358
vt 0.679606 0.312903
vt 0.679606 0.296828
vt 0.906075 0.296828
vt 0.226469 0.089593
vt 0.000000 0.089593
vt 0.000000 0.062150
vt 0.226469 0.000000
vt 0.226469 0.012881
vt 0.000000 0.012881
vt 0.226981 0.312903
vt 0.226981 0.321630
vt 0.000512 0.321630
vt 0.679606 0.281378
vt 0.906075 0.281378
vt 0.906075 0.297453
vt 0.226469 0.062150
vt 0.226469 0.048121
vt 0.000000 0.048121
vt 0.679406 0.093759
vt 0.679406 0.121202
vt 0.905875 0.121202
vt 0.905875 0.012881
vt 0.679406 0.012881
vt 0.679406 0.025761
vt 0.939310 0.183297
vt 0.999050 0.183297
vt 0.999050 0.342604
vt 0.939310 0.183297
vt 0.999050 0.183297
vt 0.999050 0.342604
vt 0.939310 0.183297
vt 0.999050 0.183297
vt 0.999050 0.342604
vt 0.939310 0.183297
vt 0.999050 0.183297
vt 0.999050 0.342604
vt 0.985655 0.132863
vt 0.985655 0.179437
vt 0.939081 0.179437
vt 0.939310 0.183297
vt 0.939310 0.342604
vt 0.999050 0.342604
vt 0.939310 0.183297
vt 0.939310 0.342604
vt 0.999050 0.342604
vt 0.939310 0.183297
vt 0.939310 0.342604
vt 0.999050 0.342604
vt 0.939310 0.183297
vt 0.939310 0.342604
vt 0.999050 0.342604
vt 0.939081 0.132863
vt 0.939081 0.179437
vt 0.985655 0.179437
vt -0.000781 0.781451
vt 0.979692 0.781451
vt 0.979692 0.844034
vt -0.000781 0.656284
vt 0.145247 0.656284
vt 0.145247 0.718868
vt -0.000781 0.718868
vt 0.979692 0.718868
vt 0.979692 0.781451
vt 0.156795 0.656284
vt 0.302823 0.656284
vt 0.302823 0.718868
vt 1.000000 0.851064
vt 1.000000 1.000000
vt 0.000000 1.000000
vt 0.001647 0.504118
vt 0.998987 0.504118
vt 0.998987 0.652658
vt 0.906075 0.297453
vt 0.906075 0.281378
vt 0.679606 0.281378
vt 0.000512 0.312903
vt 0.000512 0.321630
vt 0.226981 0.321630
vt 0.226469 0.000000
vt 0.000000 0.000000
vt 0.000000 0.012881
vt 0.226469 0.062150
vt 0.000000 0.062150
vt 0.000000 0.089593
vt 0.679606 0.312903
vt 0.906075 0.312903
vt 0.906075 0.296828
vt 0.000512 0.321630
vt 0.000512 0.330358
vt 0.226981 0.330358
vt 0.226347 0.156096
vt -0.000122 0.156096
vt -0.000122 0.210448
vt 0.906075 0.219937
vt 0.679606 0.219937
vt 0.679606 0.259595
vt 0.905875 0.048121
vt 0.905875 0.034093
vt 0.679406 0.034093
vt 0.905875 0.025761
vt 0.679406 0.025761
vt 0.679406 0.012881
vt 0.905875 0.093759
vt 0.905875 0.121202
vt 0.679406 0.121202
vt 0.226469 0.062150
vt 0.000000 0.062150
vt 0.000000 0.048121
vt 0.905875 0.048121
vt 0.679406 0.048121
vt 0.679406 0.034093
vt 0.679606 0.259595
vt 0.679606 0.219937
vt 0.906075 0.219937
vt 0.226347 0.156096
vt 0.226347 0.210448
vt -0.000122 0.210448
vt 0.226981 0.321630
vt 0.226981 0.330358
vt 0.000512 0.330358
vt 0.679606 0.312903
vt 0.679606 0.296828
vt 0.906075 0.296828
vt 0.226469 0.062150
vt 0.226469 0.089593
vt 0.000000 0.089593
vt 0.226469 0.012881
vt 0.000000 0.012881
vt 0.000000 0.000000
vt 0.226981 0.312903
vt 0.226981 0.321630
vt 0.000512 0.321630
vt 0.679606 0.281378
vt 0.906075 0.281378
vt 0.906075 0.297453
vt 0.226469 0.048121
vt 0.000000 0.048121
vt 0.000000 0.062150
vt 0.679406 0.093759
vt 0.679406 0.121202
vt 0.905875 0.121202
vt 0.905875 0.012881
vt 0.679406 0.012881
vt 0.679406 0.025761
vt 0.939310 0.183297
vt 0.999050 0.183297
vt 0.999050 0.342604
vt 0.939310 0.183297
vt 0.999050 0.183297
vt 0.999050 0.342604
vt 0.939310 0.183297
vt 0.999050 0.183297
vt 0.999050 0.342604
vt 0.939310 0.183297
vt 0.999050 0.183297
vt 0.999050 0.342604
vt 0.985655 0.132863
vt 0.985655 0.179437
vt 0.939081 0.179437
vt 0.939310 0.183297
vt 0.939310 0.342604
vt 0.999050 0.342604
vt 0.939310 0.183297
vt 0.939310 0.342604
vt 0.999050 0.342604
vt 0.939310 0.183297
vt 0.939310 0.342604
vt 0.999050 0.342604
vt 0.939310 0.183297
vt 0.939310 0.342604
vt 0.999050 0.342604
vt 0.939081 0.132863
vt 0.939081 0.179437
vt 0.985655 0.179437
vt -0.000781 0.781451
vt 0.979692 0.781451
vt 0.979692 0.844034
vt -0.000781 0.656284
vt 0.145247 0.656284
vt 0.145247 0.718868
vt 0.979692 0.718868
vt 0.979692 0.781451
vt -0.000781 0.781451
vt 0.156795 0.656284
vt 0.302823 0.656284
vt 0.302823 0.718868
vt 1.000000 0.851064
vt 1.000000 1.000000
vt 0.000000 1.000000
vt 0.001647 0.504118
vt 0.998987 0.504118
vt 0.998987 0.652658
vt 0.906075 0.297453
vt 0.906075 0.281378
vt 0.679606 0.281378
vt 0.000512 0.312903
vt 0.000512 0.321630
vt 0.226981 0.321630
vt 0.226469 0.000000
vt 0.000000 0.000000
vt 0.000000 0.012881
vt 0.226469 0.062150
vt 0.000000 0.062150
vt 0.000000 0.089593
vt 0.679606 0.312903
vt 0.906075 0.312903
vt 0.906075 0.296828
vt 0.000512 0.321630
vt 0.000512 0.330358
vt 0.226981 0.330358
vt 0.226347 0.156096
vt -0.000122 0.156096
vt -0.000122 0.210448
vt 0.906075 0.219937
vt 0.679606 0.219937
vt 0.679606 0.259595
vt 0.905875 0.048121
vt 0.905875 0.034093
vt 0.679406 0.034093
vt 0.905875 0.025761
vt 0.679406 0.025761
vt 0.679406 0.012881
vt 0.905875 0.093759
vt 0.905875 0.121202
vt 0.679406 0.121202
vt 0.226469 0.062150
vt 0.000000 0.062150
vt 0.000000 0.048121
vt 0.905875 0.048121
vt 0.679406 0.048121
vt 0.679406 0.034093
vt 0.679606 0.259595
vt 0.679606 0.219937
vt 0.906075 0.219937
vt 0.226347 0.156096
vt 0.226347 0.210448
vt -0.000122 0.210448
vt 0.226981 0.321630
vt 0.226981 0.330358
vt 0.000512 0.330358
vt 0.679606 0.312903
vt 0.679606 0.296828
vt 0.906075 0.296828
vt 0.226469 0.062150
vt 0.226469 0.089593
vt 0.000000 0.089593
vt 0.226469 0.000000
vt 0.226469 0.012881
vt 0.000000 0.012881
vt 0.226981 0.312903
vt 0.226981 0.321630
vt 0.000512 0.321630
vt 0.679606 0.281378
vt 0.906075 0.281378
vt 0.906075 0.297453
vt 0.226469 0.062150
vt 0.226469 0.048121
vt 0.000000 0.048121
vt 0.679406 0.093759
vt 0.679406 0.121202
vt 0.905875 0.121202
vt 0.905875 0.012881
vt 0.679406 0.012881
vt 0.679406 0.025761
vt 0.999050 0.183297
vt 0.999050 0.342604
vt 0.939310 0.342604
vt 0.939310 0.183297
vt 0.999050 0.183297
vt 0.999050 0.342604
vt 0.939310 0.183297
vt 0.999050 0.183297
vt 0.999050 0.342604
vt 0.939310 0.183297
vt 0.999050 0.183297
vt 0.999050 0.342604
vt 0.939081 0.132863
vt 0.985655 0.132863
vt 0.985655 0.179437
vt 0.939310 0.183297
vt 0.939310 0.342604
vt 0.999050 0.342604
vt 0.939310 0.183297
vt 0.939310 0.342604
vt 0.999050 0.342604
vt 0.939310 0.183297
vt 0.939310 0.342604
vt 0.999050 0.342604
vt 0.939310 0.183297
vt 0.939310 0.342604
vt 0.999050 0.342604
vt 0.939081 0.179437
vt 0.985655 0.179437
vt 0.985655 0.132863
vt -0.000781 0.781451
vt 0.979692 0.781451
vt 0.979692 0.844034
vt -0.000781 0.656284
vt 0.145247 0.656284
vt 0.145247 0.718868
vt 0.979692 0.718868
vt 0.979692 0.781451
vt -0.000781 0.781451
vt 0.156795 0.656284
vt 0.302823 0.656284
vt 0.302823 0.718868
vt 0.000000 0.851064
vt 1.000000 0.851064
vt 1.000000 1.000000
vt 0.998987 0.504118
vt 0.998987 0.652658
vt 0.001647 0.652658
vt 0.906075 0.297453
vt 0.906075 0.281378
vt 0.679606 0.281378
vt 0.000512 0.312903
vt 0.000512 0.321630
vt 0.226981 0.321630
vt 0.226469 0.000000
vt 0.000000 0.000000
vt 0.000000 0.012881
vt 0.226469 0.062150
vt 0.000000 0.062150
vt 0.000000 0.089593
vt 0.679606 0.312903
vt 0.906075 0.312903
vt 0.906075 0.296828
vt 0.000512 0.321630
vt 0.000512 0.330358
vt 0.226981 0.330358
vt 0.226347 0.156096
vt -0.000122 0.156096
vt -0.000122 0.210448
vt 0.906075 0.219937
vt 0.679606 0.219937
vt 0.679606 0.259595
vt 0.905875 0.048121
vt 0.905875 0.034093
vt 0.679406 0.034093
vt 0.905875 0.025761
vt 0.679406 0.025761
vt 0.679406 0.012881
vt 0.905875 0.121202
vt 0.679406 0.121202
vt 0.679406 0.093759
vt 0.000000 0.062150
vt 0.000000 0.048121
vt 0.226469 0.048121
vt 0.226669 0.281378
vt 0.679918 0.321630
vt 0.679918 0.312903
vt 0.679406 0.012881
vt 0.679406 0.089593
vt 0.226669 0.296828
vt 0.679918 0.330358
vt 0.283086 0.025761
vt 0.283086 0.093759
vt 0.283086 0.121202
vt 0.679284 0.210448
vt 0.679284 0.156096
vt 0.226669 0.259595
vt 0.226469 0.048121
vt 0.622789 0.062150
vt 0.622789 0.048121
vt 0.283086 0.048121
vt 0.226469 0.034093
vt 0.283286 0.259595
vt 0.226669 0.219937
vt 0.622667 0.210448
vt 0.679918 0.321630
vt 0.623301 0.330358
vt 0.226669 0.312903
vt 0.283286 0.296828
vt 0.679406 0.062150
vt 0.622789 0.089593
vt 0.679406 0.000000
vt 0.622789 0.012881
vt 0.623301 0.321630
vt 0.226669 0.297453
vt 0.283286 0.281378
vt 0.939310 0.183297
vt 0.939310 0.342604
vt 0.999050 0.342604
vt 0.939310 0.183297
vt 0.939310 0.342604
vt 0.999050 0.342604
vt 0.939310 0.183297
vt 0.939310 0.342604
vt 0.999050 0.342604
vt 0.939310 0.183297
vt 0.939310 0.342604
vt 0.999050 0.342604
vt 0.939081 0.132863
vt 0.939081 0.179437
vt 0.985655 0.179437
vt 0.939310 0.183297
vt 0.999050 0.183297
vt 0.999050 0.342604
vt 0.999050 0.183297
vt 0.999050 0.342604
vt 0.939310 0.342604
vt 0.939310 0.183297
vt 0.999050 0.183297
vt 0.999050 0.342604
vt 0.939310 0.183297
vt 0.999050 0.183297
vt 0.999050 0.342604
vt 0.985655 0.132863
vt 0.985655 0.179437
vt 0.939081 0.179437
vt 0.939310 0.342604
vt 0.939310 0.183297
vt 0.939310 0.342604
vt 0.939310 0.342604
vt 0.939081 0.179437
vt 0.939310 0.342604
vt 0.939310 0.183297
vt 0.939310 0.342604
vt 0.939310 0.342604
vt 0.939081 0.179437
vt 0.939310 0.342604
vt 0.939310 0.342604
vt 0.939310 0.342604
vt 0.939310 0.342604
vt 0.939081 0.179437
vt -0.000781 0.844034
vt 0.000156 0.656284
vt 0.000156 0.781451
vt 0.156795 0.718868
vt -0.000466 0.654611
vt -0.000781 0.844034
vt -0.000781 0.656284
vt -0.000781 0.781451
vt 0.156795 0.718868
vt 0.000000 0.851064
vt -0.000781 0.844034
vt -0.000781 0.718868
vt -0.000781 0.781451
vt 0.156795 0.656284
vt -0.000103 0.498042
vt -0.000781 0.844034
vt -0.000781 0.656284
vt -0.000781 0.781451
vt 0.156795 0.656284
vt 0.000000 1.000000
vt 0.001647 0.998895
vt 0.001647 0.849509
vt 0.000000 0.500556
vt 0.001647 0.652658
vt 0.939310 0.342604
vt 0.939310 0.183297
vt 0.939310 0.342604
vt 0.939310 0.342604
vt 0.939081 0.132863
vt 0.939310 0.342604
vt 0.939310 0.342604
vt 0.939310 0.342604
vt 0.939310 0.342604
vt 0.939081 0.179437
vt 0.939310 0.342604
vt 0.939310 0.342604
vt 0.939310 0.342604
vt 0.939310 0.342604
vt 0.939081 0.179437
vt 0.999050 0.183297
vt 0.999050 0.183297
vt 0.999050 0.183297
vt 0.999050 0.183297
vt 0.985655 0.132863
vt 0.939310 0.342604
vt 0.939310 0.342604
vt 0.939310 0.342604
vt 0.939310 0.342604
vt 0.939081 0.179437
vt -0.000781 0.844034
vt 0.000156 0.718868
vt 0.000156 0.781451
vt 0.156795 0.718868
vt -0.000466 0.654611
vt -0.000781 0.844034
vt -0.000781 0.656284
vt -0.000781 0.781451
vt 0.156795 0.718868
vt 0.000000 0.851064
vt -0.000781 0.844034
vt -0.000781 0.656284
vt -0.000781 0.781451
vt 0.156795 0.718868
vt -0.000103 0.349106
vt -0.000781 0.844034
vt -0.000781 0.656284
vt -0.000781 0.781451
vt 0.156795 0.718868
vt 0.000000 1.000000
vt 0.001647 0.998895
vt 0.001647 0.849509
vt 0.000000 0.500556
vt 0.001647 0.652658
vt 0.939310 0.342604
vt 0.939310 0.183297
vt 0.939310 0.342604
vt 0.939310 0.342604
vt 0.939081 0.132863
vt 0.999050 0.183297
vt 0.939310 0.183297
vt 0.999050 0.183297
vt 0.999050 0.183297
vt 0.939081 0.132863
vt 0.939310 0.342604
vt 0.939310 0.183297
vt 0.939310 0.342604
vt 0.939310 0.342604
vt 0.939081 0.179437
vt 0.999050 0.183297
vt 0.939310 0.183297
vt 0.999050 0.183297
vt 0.999050 0.183297
vt 0.985655 0.132863
vt 0.939310 0.342604
vt 0.939310 0.183297
vt 0.939310 0.342604
vt 0.939310 0.342604
vt 0.939081 0.179437
vt 0.999050 0.183297
vt 0.939310 0.183297
vt 0.999050 0.183297
vt 0.939310 0.183297
vt 0.985655 0.132863
vt 0.939310 0.342604
vt 0.939310 0.183297
vt 0.939310 0.342604
vt 0.939310 0.342604
vt 0.939081 0.179437
vt 0.999050 0.183297
vt 0.999050 0.183297
vt 0.999050 0.183297
vt 0.999050 0.183297
vt 0.985655 0.132863
vt -0.000781 0.844034
vt 0.000156 0.656284
vt 0.000156 0.781451
vt 0.156795 0.718868
vt -0.000466 0.654611
vt -0.000781 0.844034
vt -0.000781 0.656284
vt -0.000781 0.781451
vt 0.156795 0.718868
vt 0.000000 1.000000
vt -0.000781 0.844034
vt -0.000781 0.656284
vt -0.000781 0.781451
vt 0.156795 0.718868
vt -0.000103 0.349106
vt -0.000781 0.844034
vt -0.000781 0.656284
vt -0.000781 0.781451
vt 0.156795 0.718868
vt 0.000000 0.851064
vt 0.001647 0.998895
vt 0.001647 0.849509
vt 0.000000 0.352016
vt 0.001647 0.652658
vt 0.226347 0.156096
vt 0.226981 0.321630
vt 0.226469 0.062150
vt 0.226981 0.312903
vt 0.939310 0.342604
vt 0.939310 0.342604
vt 0.939310 0.342604
vt 0.939310 0.342604
vt 0.939081 0.132863
vt 0.999050 0.183297
vt 0.939310 0.183297
vt 0.999050 0.183297
vt 0.999050 0.183297
vt 0.985655 0.132863
vt 0.679406 0.093759
vt 0.226469 0.048121
vt 0.905875 0.034093
vt 0.906075 0.259595
vt -0.000122 0.156096
vt 0.000512 0.321630
vt 0.906075 0.312903
vt 0.000000 0.062150
vt 0.000000 0.000000
vt 0.000512 0.312903
vt 0.679606 0.297453
vt 0.905875 0.012881
vt 0.679406 0.093759
vt 0.226469 0.048121
vt 0.905875 0.034093
vt 0.906075 0.259595
vt -0.000122 0.156096
vt 0.000512 0.321630
vt 0.906075 0.312903
vt 0.000000 0.062150
vt 0.000000 0.000000
vt 0.000512 0.312903
vt 0.679606 0.297453
vt 0.999050 0.183297
vt 0.999050 0.183297
vt 0.999050 0.183297
vt 0.999050 0.183297
vt 0.939081 0.132863
vt -0.000781 0.844034
vt -0.000781 0.656284
vt -0.000781 0.781451
vt 0.156795 0.718868
vt 0.000000 0.851064
vt 0.001647 0.652658
vt 0.905875 0.012881
vt 0.679406 0.093759
vt 0.226469 0.048121
vt 0.905875 0.034093
vt 0.906075 0.259595
vt -0.000122 0.156096
vt 0.000512 0.321630
vt 0.906075 0.312903
vt 0.000000 0.062150
vt 0.226469 0.000000
vt 0.000512 0.312903
vt 0.679606 0.297453
vt 0.999050 0.183297
vt 0.999050 0.183297
vt 0.999050 0.183297
vt 0.999050 0.183297
vt 0.939081 0.132863
vt -0.000781 0.844034
vt -0.000781 0.656284
vt -0.000781 0.781451
vt 0.156795 0.656284
vt 0.000000 0.851064
vt 0.001647 0.652658
vt 0.905875 0.012881
vt 0.679406 0.093759
vt 0.226469 0.048121
vt 0.905875 0.034093
vt 0.906075 0.259595
vt -0.000122 0.156096
vt 0.000512 0.321630
vt 0.906075 0.312903
vt 0.000000 0.062150
vt 0.000000 0.000000
vt 0.000512 0.312903
vt 0.679606 0.297453
vt 0.939310 0.183297
vt 0.939310 0.183297
vt 0.999050 0.183297
vt 0.999050 0.183297
vt 0.985655 0.132863
vt -0.000781 0.844034
vt -0.000781 0.718868
vt -0.000781 0.781451
vt 0.156795 0.718868
vt 0.000000 1.000000
vt 0.001647 0.504118
vt 0.905875 0.012881
vt 0.905875 0.093759
vt 0.226469 0.048121
vt 0.905875 0.034093
vt 0.906075 0.259595
vt -0.000122 0.156096
vt 0.000512 0.321630
vt 0.906075 0.312903
vt 0.000000 0.062150
vt 0.000000 0.000000
vt 0.000512 0.312903
vt 0.679606 0.297453
vt 0.999050 0.183297
vt 0.999050 0.183297
vt 0.999050 0.183297
vt 0.999050 0.183297
vt 0.985655 0.132863
vt -0.000781 0.844034
vt -0.000781 0.718868
vt -0.000781 0.781451
vt 0.156795 0.718868
vt 0.000000 1.000000
vt 0.001647 0.504118
vt 0.905875 0.012881
vt 0.905875 0.093759
vt 0.226469 0.048121
vt 0.905875 0.034093
vt 0.906075 0.259595
vt -0.000122 0.156096
vt 0.000512 0.321630
vt 0.906075 0.312903
vt 0.000000 0.062150
vt 0.000000 0.000000
vt 0.000512 0.312903
vt 0.679606 0.297453
vt 0.939310 0.183297
vt 0.939310 0.342604
vt 0.939310 0.342604
vt 0.939310 0.342604
vt 0.939081 0.179437
vt 0.999050 0.183297
vt 0.999050 0.183297
vt 0.999050 0.183297
vt 0.999050 0.183297
vt 0.939081 0.132863
vt -0.000781 0.844034
vt -0.000781 0.656284
vt -0.000781 0.781451
vt 0.156795 0.718868
vt 0.000000 0.851064
vt 0.001647 0.652658
vt 0.905875 0.012881
vt 0.679406 0.093759
vt 0.226469 0.048121
vt 0.905875 0.034093
vt 0.906075 0.259595
vt -0.000122 0.156096
vt 0.000512 0.321630
vt 0.906075 0.312903
vt 0.000000 0.062150
vt 0.000000 0.000000
vt 0.000512 0.312903
vt 0.679606 0.297453
vt 0.939310 0.342604
vt 0.939310 0.183297
vt 0.939310 0.342604
vt 0.939310 0.342604
vt 0.939081 0.179437
vt 0.999050 0.183297
vt 0.999050 0.183297
vt 0.999050 0.183297
vt 0.999050 0.183297
vt 0.939081 0.132863
vt -0.000781 0.844034
vt -0.000781 0.656284
vt -0.000781 0.781451
vt 0.156795 0.718868
vt 0.000000 0.851064
vt 0.001647 0.652658
vt 0.905875 0.012881
vt 0.905875 0.093759
vt 0.226469 0.048121
vt 0.905875 0.034093
vt 0.906075 0.259595
vt -0.000122 0.156096
vt 0.000512 0.321630
vt 0.906075 0.312903
vt 0.000000 0.062150
vt 0.000000 0.000000
vt 0.000512 0.312903
vt 0.679606 0.297453
vt 0.989043 0.045880
vt 0.948456 0.045880
vt 0.999050 0.183297
vt 0.939310 0.183297
vt 0.939310 0.183297
vt 0.999050 0.183297
vt 0.985655 0.132863
vt -0.000781 0.844034
vt -0.000781 0.718868
vt -0.000781 0.781451
vt 0.156795 0.718868
vt 0.000000 0.851064
vt 0.001647 0.652658
vt 0.905875 0.012881
vt 0.679406 0.093759
vt 0.226469 0.048121
vt 0.905875 0.034093
vt 0.906075 0.259595
vt -0.000122 0.156096
vt 0.000512 0.321630
vt 0.906075 0.312903
vt 0.000000 0.062150
vt 0.000000 0.000000
vt 0.000512 0.312903
vt 0.679606 0.297453
vt 0.000000 0.062150
vt 0.905875 0.093759
vt 0.905875 0.025761
vt 0.939310 0.342604
vt 0.939310 0.183297
vt 0.939310 0.342604
vt 0.939310 0.183297
vt 0.939081 0.179437
vt 0.999050 0.183297
vt 0.939310 0.183297
vt 0.999050 0.183297
vt 0.999050 0.183297
vt 0.939081 0.132863
vt -0.000781 0.844034
vt -0.000781 0.656284
vt -0.000781 0.781451
vt 0.156795 0.656284
vt 0.000000 1.000000
vt 0.001647 0.504118
vt 0.679606 0.297453
vt 0.226981 0.312903
vt 0.226469 0.012881
vt 0.226469 0.089593
vt 0.679606 0.296828
vt 0.226981 0.321630
vt 0.226347 0.210448
vt 0.906075 0.259595
vt 0.679406 0.048121
vt 0.905875 0.012881
vt 0.905875 0.093759
vt 0.226469 0.048121
vt 0.905875 0.034093
vt 0.906075 0.259595
vt -0.000122 0.156096
vt 0.000512 0.321630
vt 0.906075 0.312903
vt 0.000000 0.062150
vt 0.226469 0.000000
vt 0.000512 0.312903
vt 0.679606 0.297453
vt 0.000000 0.062150
vt 0.905875 0.093759
vt 0.905875 0.025761
vt 0.939310 0.342604
vt 0.939310 0.342604
vt 0.939310 0.342604
vt 0.939310 0.342604
vt 0.939081 0.132863
vt 0.999050 0.183297
vt 0.999050 0.183297
vt 0.999050 0.183297
vt 0.999050 0.183297
vt 0.985655 0.132863
vt -0.000781 0.844034
vt -0.000781 0.718868
vt -0.000781 0.781451
vt 0.156795 0.718868
vt 0.000000 0.851064
vt 0.001647 0.652658
vt 0.679606 0.297453
vt 0.226981 0.312903
vt 0.226469 0.000000
vt 0.226469 0.089593
vt 0.679606 0.296828
vt 0.226981 0.321630
vt 0.226347 0.210448
vt 0.906075 0.259595
vt 0.679406 0.048121
vt 0.905875 0.012881
vt 0.905875 0.093759
vt 0.226469 0.048121
vt 0.905875 0.034093
vt 0.906075 0.259595
vt -0.000122 0.156096
vt 0.000512 0.321630
vt 0.906075 0.312903
vt 0.226469 0.062150
vt 0.226469 0.000000
vt 0.000512 0.312903
vt 0.679606 0.297453
vt 0.000000 0.062150
vt 0.905875 0.093759
vt 0.905875 0.025761
vt 0.939310 0.342604
vt 0.939310 0.183297
vt 0.939310 0.342604
vt 0.939310 0.342604
vt 0.939081 0.179437
vt 0.999050 0.183297
vt 0.999050 0.183297
vt 0.939310 0.183297
vt 0.999050 0.183297
vt 0.939081 0.132863
vt -0.000781 0.844034
vt -0.000781 0.656284
vt -0.000781 0.781451
vt 0.156795 0.718868
vt 0.000000 1.000000
vt 0.001647 0.504118
vt 0.679606 0.297453
vt 0.226981 0.312903
vt 0.226469 0.012881
vt 0.226469 0.089593
vt 0.679606 0.296828
vt 0.226981 0.321630
vt 0.226347 0.210448
vt 0.906075 0.259595
vt 0.679406 0.048121
vt 0.905875 0.012881
vt 0.679406 0.093759
vt 0.226469 0.048121
vt 0.905875 0.034093
vt 0.906075 0.259595
vt -0.000122 0.156096
vt 0.000512 0.321630
vt 0.906075 0.312903
vt 0.226469 0.062150
vt 0.000000 0.000000
vt 0.000512 0.312903
vt 0.679606 0.297453
vt 0.000000 0.062150
vt 0.905875 0.093759
vt 0.905875 0.025761
vt 0.939310 0.342604
vt 0.939310 0.342604
vt 0.939310 0.342604
vt 0.939310 0.342604
vt 0.939081 0.132863
vt 0.999050 0.183297
vt 0.999050 0.183297
vt 0.999050 0.183297
vt 0.999050 0.183297
vt 0.985655 0.132863
vt -0.000781 0.844034
vt -0.000781 0.718868
vt -0.000781 0.781451
vt 0.156795 0.718868
vt 0.000000 0.851064
vt 0.001647 0.652658
vt 0.679606 0.297453
vt 0.226981 0.312903
vt 0.226469 0.012881
vt 0.226469 0.089593
vt 0.679606 0.296828
vt 0.226981 0.321630
vt 0.226347 0.210448
vt 0.906075 0.259595
vt 0.679406 0.048121
vt 0.905875 0.012881
vt 0.679406 0.093759
vt 0.226469 0.048121
vt 0.905875 0.034093
vt 0.906075 0.259595
vt -0.000122 0.156096
vt 0.000512 0.321630
vt 0.906075 0.312903
vt 0.000000 0.062150
vt 0.226469 0.000000
vt 0.000512 0.312903
vt 0.679606 0.297453
vt 0.226469 0.062150
vt 0.905875 0.093759
vt 0.905875 0.025761
vt 0.939310 0.342604
vt 0.939310 0.342604
vt 0.939310 0.342604
vt 0.939310 0.342604
vt 0.939081 0.132863
vt 0.999050 0.183297
vt 0.999050 0.183297
vt 0.999050 0.183297
vt 0.999050 0.183297
vt 0.985655 0.132863
vt -0.000781 0.844034
vt -0.000781 0.718868
vt -0.000781 0.718868
vt 0.156795 0.718868
vt 0.000000 0.851064
vt 0.001647 0.652658
vt 0.679606 0.297453
vt 0.226981 0.312903
vt 0.226469 0.012881
vt 0.226469 0.089593
vt 0.679606 0.296828
vt 0.226981 0.321630
vt 0.226347 0.210448
vt 0.906075 0.259595
vt 0.679406 0.048121
vt 0.905875 0.012881
vt 0.679406 0.093759
vt 0.226469 0.048121
vt 0.905875 0.034093
vt 0.906075 0.259595
vt -0.000122 0.156096
vt 0.000512 0.321630
vt 0.906075 0.312903
vt 0.000000 0.062150
vt 0.000000 0.000000
vt 0.000512 0.312903
vt 0.679606 0.297453
vt 0.000000 0.062150
vt 0.905875 0.093759
vt 0.905875 0.025761
vt 0.939310 0.183297
vt 0.939310 0.342604
vt 0.939310 0.342604
vt 0.939310 0.342604
vt 0.939081 0.179437
vt 0.999050 0.183297
vt 0.999050 0.183297
vt 0.999050 0.183297
vt 0.999050 0.183297
vt 0.939081 0.132863
vt -0.000781 0.844034
vt -0.000781 0.718868
vt -0.000781 0.718868
vt 0.156795 0.718868
vt 0.000000 1.000000
vt 0.001647 0.504118
vt 0.679606 0.297453
vt 0.226981 0.312903
vt 0.226469 0.012881
vt 0.226469 0.089593
vt 0.679606 0.296828
vt 0.226981 0.321630
vt 0.226347 0.210448
vt 0.906075 0.259595
vt 0.679406 0.048121
vt 0.905875 0.012881
vt 0.905875 0.093759
vt 0.226469 0.062150
vt 0.283086 0.012881
vt 0.283086 0.034093
vt 0.283286 0.219937
vt 0.622667 0.156096
vt 0.623301 0.321630
vt 0.283286 0.312903
vt 0.622789 0.062150
vt 0.622789 0.000000
vt 0.623301 0.312903
vt 0.283286 0.297453
vt 0.999050 0.183297
vt 0.999050 0.183297
vt 0.999050 0.183297
vt 0.999050 0.183297
vt 0.985655 0.132863
vt 0.939310 0.342604
vt 0.939310 0.183297
vt 0.939310 0.342604
vt 0.939310 0.342604
vt 0.939081 0.132863
vt 0.000000 0.048121
vt 0.226469 0.062150
vt 0.226469 0.048121
vt 0.679406 0.093759
vt 0.905875 0.121202
vt 0.905875 0.093759
vt 0.679406 0.025761
vt 0.905875 0.012881
vt 0.679406 0.012881
vt 0.906075 0.297453
vt 0.679606 0.281378
vt 0.679606 0.297453
vt 0.000512 0.321630
vt 0.226981 0.312903
vt 0.000512 0.312903
vt 0.000000 0.000000
vt 0.226469 0.012881
vt 0.226469 0.000000
vt 0.000000 0.089593
vt 0.226469 0.062150
vt 0.000000 0.062150
vt 0.906075 0.312903
vt 0.679606 0.296828
vt 0.679606 0.312903
vt 0.000512 0.330358
vt 0.226981 0.321630
vt 0.000512 0.321630
vt -0.000122 0.210448
vt 0.226347 0.156096
vt -0.000122 0.156096
vt 0.679606 0.219937
vt 0.906075 0.259595
vt 0.906075 0.219937
vt 0.679406 0.034093
vt 0.905875 0.048121
vt 0.905875 0.034093
vt 0.000000 0.048121
vt 0.226469 0.062150
vt 0.226469 0.048121
vt 0.679406 0.121202
vt 0.905875 0.093759
vt 0.679406 0.093759
vt 0.679406 0.025761
vt 0.905875 0.012881
vt 0.679406 0.012881
vt 0.906075 0.297453
vt 0.679606 0.281378
vt 0.679606 0.297453
vt 0.000512 0.321630
vt 0.226981 0.312903
vt 0.000512 0.312903
vt 0.000000 0.012881
vt 0.226469 0.000000
vt 0.000000 0.000000
vt 0.000000 0.062150
vt 0.226469 0.089593
vt 0.226469 0.062150
vt 0.906075 0.312903
vt 0.679606 0.296828
vt 0.679606 0.312903
vt 0.000512 0.330358
vt 0.226981 0.321630
vt 0.000512 0.321630
vt -0.000122 0.210448
vt 0.226347 0.156096
vt -0.000122 0.156096
vt 0.679606 0.219937
vt 0.906075 0.259595
vt 0.906075 0.219937
vt 0.679406 0.034093
vt 0.905875 0.048121
vt 0.905875 0.034093
vt 0.000000 0.048121
vt 0.226469 0.062150
vt 0.226469 0.048121
vt 0.679406 0.121202
vt 0.905875 0.093759
vt 0.679406 0.093759
vt 0.679406 0.025761
vt 0.905875 0.012881
vt 0.679406 0.012881
vt 0.906075 0.297453
vt 0.679606 0.281378
vt 0.679606 0.297453
vt 0.000512 0.321630
vt 0.226981 0.312903
vt 0.000512 0.312903
vt 0.000000 0.012881
vt 0.226469 0.000000
vt 0.000000 0.000000
vt 0.000000 0.062150
vt 0.226469 0.089593
vt 0.226469 0.062150
vt 0.906075 0.312903
vt 0.679606 0.296828
vt 0.679606 0.312903
vt 0.000512 0.330358
vt 0.226981 0.321630
vt 0.000512 0.321630
vt -0.000122 0.210448
vt 0.226347 0.156096
vt -0.000122 0.156096
vt 0.679606 0.219937
vt 0.906075 0.259595
vt 0.906075 0.219937
vt 0.679406 0.034093
vt 0.905875 0.048121
vt 0.905875 0.034093
vt 0.226469 0.048121
vt 0.000000 0.062150
vt 0.226469 0.062150
vt 0.679406 0.121202
vt 0.905875 0.093759
vt 0.679406 0.093759
vt 0.679406 0.025761
vt 0.905875 0.012881
vt 0.679406 0.012881
vt 0.906075 0.297453
vt 0.679606 0.281378
vt 0.679606 0.297453
vt 0.000512 0.312903
vt 0.226981 0.321630
vt 0.226981 0.312903
vt 0.000000 0.012881
vt 0.226469 0.000000
vt 0.000000 0.000000
vt 0.000000 0.089593
vt 0.226469 0.062150
vt 0.000000 0.062150
vt 0.906075 0.296828
vt 0.679606 0.312903
vt 0.906075 0.312903
vt 0.000512 0.321630
vt 0.226981 0.330358
vt 0.226981 0.321630
vt -0.000122 0.210448
vt 0.226347 0.156096
vt -0.000122 0.156096
vt 0.906075 0.219937
vt 0.679606 0.259595
vt 0.906075 0.259595
vt 0.679406 0.034093
vt 0.905875 0.048121
vt 0.905875 0.034093
vt 0.226469 0.048121
vt 0.000000 0.062150
vt 0.226469 0.062150
vt 0.679406 0.093759
vt 0.905875 0.121202
vt 0.905875 0.093759
vt 0.679406 0.025761
vt 0.905875 0.012881
vt 0.679406 0.012881
vt 0.906075 0.297453
vt 0.679606 0.281378
vt 0.679606 0.297453
vt 0.000512 0.312903
vt 0.226981 0.321630
vt 0.226981 0.312903
vt 0.000000 0.012881
vt 0.226469 0.000000
vt 0.000000 0.000000
vt 0.000000 0.062150
vt 0.226469 0.089593
vt 0.226469 0.062150
vt 0.906075 0.296828
vt 0.679606 0.312903
vt 0.906075 0.312903
vt 0.000512 0.321630
vt 0.226981 0.330358
vt 0.226981 0.321630
vt -0.000122 0.210448
vt 0.226347 0.156096
vt -0.000122 0.156096
vt 0.906075 0.219937
vt 0.679606 0.259595
vt 0.906075 0.259595
vt 0.679406 0.034093
vt 0.905875 0.048121
vt 0.905875 0.034093
vt 0.453137 0.281378
vt 0.396520 0.297453
vt 0.396520 0.281378
vt 0.679606 0.297453
vt 0.453137 0.297453
vt 0.510067 0.321630
vt 0.453449 0.312903
vt 0.510067 0.312903
vt 0.453449 0.321630
vt 0.226981 0.312903
vt 0.452938 0.012881
vt 0.509555 0.000000
vt 0.509555 0.012881
vt 0.226469 0.012881
vt 0.452938 0.000000
vt 0.509555 0.089593
vt 0.452938 0.062150
vt 0.509555 0.062150
vt 0.226469 0.089593
vt 0.452938 0.089593
vt 0.453137 0.296828
vt 0.396520 0.312903
vt 0.396520 0.296828
vt 0.679606 0.312903
vt 0.453137 0.312903
vt 0.510067 0.330358
vt 0.453449 0.321630
vt 0.510067 0.321630
vt 0.453449 0.330358
vt 0.226981 0.321630
vt 0.452937 0.025761
vt 0.679406 0.012881
vt 0.679406 0.025761
vt 0.452937 0.121202
vt 0.679406 0.093759
vt 0.679406 0.121202
vt 0.452816 0.210448
vt 0.509433 0.156096
vt 0.509433 0.210448
vt 0.226347 0.156096
vt 0.452816 0.156096
vt 0.396520 0.259595
vt 0.453137 0.219937
vt 0.453137 0.259595
vt 0.679606 0.259595
vt 0.396320 0.034093
vt 0.452937 0.048121
vt 0.396320 0.048121
vt 0.452937 0.034093
vt 0.679406 0.048121
vt 0.226469 0.048121
vt 0.452938 0.062150
vt 0.226469 0.062150
vt 0.452938 0.048121
vt 0.509555 0.062150
vt 0.509555 0.048121
vt 0.566172 0.062150
vt 0.339703 0.034093
vt 0.339703 0.048121
vt 0.339903 0.219937
vt 0.339903 0.259595
vt 0.566050 0.156096
vt 0.566050 0.210448
vt 0.396320 0.121202
vt 0.452937 0.093759
vt 0.339703 0.121202
vt 0.396320 0.093759
vt 0.396320 0.012881
vt 0.452937 0.012881
vt 0.339703 0.025761
vt 0.396320 0.025761
vt 0.566684 0.330358
vt 0.566684 0.321630
vt 0.339903 0.296828
vt 0.339903 0.312903
vt 0.566172 0.062150
vt 0.566172 0.089593
vt 0.566172 0.000000
vt 0.566172 0.012881
vt 0.566684 0.321630
vt 0.566684 0.312903
vt 0.339903 0.297453
vt 0.339903 0.281378
vt 0.947799 0.059963
vt 0.957020 0.046354
vt 0.989699 0.059963
vt 0.980478 0.046354
vt 0.989699 0.046354
vt 0.940036 0.002537
vt 0.957020 0.017358
vt 0.940036 0.017358
vt 0.997462 0.002537
vt 0.980478 0.017358
vt 0.979981 0.080436
vt 0.996236 0.066238
vt 0.996243 0.080429
vt 0.941260 0.066238
vt 0.957519 0.080432
vt 0.941257 0.080428
vt 0.979976 0.108195
vt 0.957513 0.108191
vt 0.948684 0.121219
vt 0.948684 0.108189
vt 0.988802 0.121226
vt 0.988804 0.108197
vt 0.941758 0.004198
vt 0.957726 0.018142
vt 0.941751 0.018134
vt 0.979781 0.018137
vt 0.995746 0.004198
vt 0.995749 0.018134
vt 0.979787 0.045399
vt 0.957731 0.045403
vt 0.988458 0.058194
vt 0.949065 0.058201
vt 0.949062 0.045405
vt 0.979987 0.080441
vt 0.996258 0.066241
vt 0.996258 0.080441
vt 0.941240 0.066241
vt 0.957512 0.080441
vt 0.941240 0.080441
vt 0.957512 0.108221
vt 0.948678 0.121259
vt 0.948678 0.108221
vt 0.988821 0.121259
vt 0.979987 0.108221
vt 0.988821 0.108221
vt 0.000000 0.062150
vt 0.679406 0.121202
vt 0.905875 0.025761
vt 0.906075 0.281378
vt 0.226981 0.321630
vt 0.000000 0.012881
vt 0.226469 0.089593
vt 0.906075 0.296828
vt 0.226981 0.330358
vt 0.226347 0.210448
vt 0.679606 0.259595
vt 0.679406 0.048121
vt 0.000000 0.062150
vt 0.905875 0.121202
vt 0.905875 0.025761
vt 0.906075 0.281378
vt 0.226981 0.321630
vt 0.226469 0.012881
vt 0.000000 0.089593
vt 0.906075 0.296828
vt 0.226981 0.330358
vt 0.226347 0.210448
vt 0.679606 0.259595
vt 0.679406 0.048121
vt 0.000000 0.062150
vt 0.905875 0.121202
vt 0.905875 0.025761
vt 0.906075 0.281378
vt 0.226981 0.321630
vt 0.226469 0.012881
vt 0.000000 0.089593
vt 0.906075 0.296828
vt 0.226981 0.330358
vt 0.226347 0.210448
vt 0.679606 0.259595
vt 0.679406 0.048121
vt 0.000000 0.048121
vt 0.905875 0.121202
vt 0.905875 0.025761
vt 0.906075 0.281378
vt 0.000512 0.321630
vt 0.226469 0.012881
vt 0.226469 0.089593
vt 0.679606 0.296828
vt 0.000512 0.330358
vt 0.226347 0.210448
vt 0.679606 0.219937
vt 0.679406 0.048121
vt 0.000000 0.048121
vt 0.679406 0.121202
vt 0.905875 0.025761
vt 0.906075 0.281378
vt 0.000512 0.321630
vt 0.226469 0.012881
vt 0.000000 0.089593
vt 0.679606 0.296828
vt 0.000512 0.330358
vt 0.226347 0.210448
vt 0.679606 0.219937
vt 0.679406 0.048121
vt 0.679606 0.281378
vt 0.226981 0.321630
vt 0.226469 0.000000
vt 0.226469 0.062150
vt 0.679606 0.296828
vt 0.226981 0.330358
vt 0.226347 0.210448
vt 0.396520 0.219937
vt 0.679606 0.219937
vt 0.679406 0.034093
vt 0.566172 0.048121
vt 0.339703 0.093759
vt 0.339703 0.012881
vt 0.947799 0.046354
vt 0.997463 0.017358
vt 0.988457 0.045397
vn -0.7071 0.0000 -0.7071
vn -0.7071 0.0001 -0.7071
vn -0.7071 -0.0001 -0.7071
vn -0.7070 0.0000 0.7072
vn 0.7071 -0.0000 0.7071
vn 0.7072 0.0000 -0.7070
vn -0.0000 1.0000 0.0000
vn -0.0000 -1.0000 -0.0000
vn 0.7072 0.0000 0.7071
vn 0.7071 0.0000 0.7072
vn 0.7071 -0.0001 0.7071
vn 0.7070 0.0000 -0.7072
vn 0.7071 0.0000 -0.7071
vn -0.7072 0.0000 0.7070
vn -0.7071 0.0000 0.7071
vn -0.7071 0.0000 -0.7072
vn -0.7069 0.0000 0.7073
vn 0.7069 0.0000 -0.7073
vn 0.4628 -0.6224 0.6312
vn 0.2365 0.4279 -0.8723
vn 0.2735 -0.8315 -0.4836
vn 1.0000 0.0000 0.0000
vn 0.0000 0.0000 -1.0000
vn -1.0000 0.0000 -0.0000
vn 0.0000 0.0000 1.0000
vn 0.1670 -0.3358 0.9270
vn 0.7071 0.0001 0.7071
vn 0.2519 -0.4497 -0.8569
vn 0.2450 0.2707 -0.9310
vn -0.4839 -0.8315 -0.2729
vn -0.0005 -0.7840 -0.6207
vn -0.7124 0.0000 0.7018
vn -0.7124 0.0006 0.7017
vn -0.7124 0.0005 0.7017
vn 0.7123 0.0000 -0.7019
vn 0.7105 0.0742 -0.6998
vn 0.7102 0.0775 -0.6998
vn 0.7157 0.0032 -0.6984
vn 0.7082 0.0000 0.7060
vn 0.7213 0.0000 -0.6926
vn -0.7041 0.0000 -0.7101
vn -0.7213 0.0000 0.6927
vn -0.7229 0.0000 0.6910
vn 0.7230 0.0000 -0.6909
vn -0.7124 0.0005 0.7018
vn -0.7124 0.0004 0.7018
vn -0.7598 -0.0026 0.6501
vn -0.7597 0.0014 0.6503
vn -0.7621 0.0013 0.6474
vn 0.7608 0.0000 -0.6489
vn 0.7607 0.0034 -0.6491
vn 0.7609 0.0000 -0.6489
vn 0.7557 0.0710 -0.6511
vn -0.7597 -0.0025 0.6503
vn -0.7596 0.0013 0.6503
vn -0.7618 0.0012 0.6478
vn -0.7608 0.0000 0.6490
vn -0.8116 -0.0023 0.5842
vn -0.8117 0.0017 0.5841
vn -0.8138 0.0016 0.5812
vn 0.8128 0.0000 -0.5826
vn 0.5819 0.0000 0.8132
vn -0.8082 0.0000 0.5889
vn -0.5730 0.0000 -0.8195
vn 0.8081 0.0000 -0.5890
vn 0.5980 0.0000 0.8015
vn 0.8173 0.0000 -0.5762
vn -0.5569 0.0000 -0.8306
vn -0.8170 0.0000 0.5766
vn -0.8118 -0.0022 0.5840
vn -0.8118 0.0015 0.5840
vn -0.8137 0.0014 0.5812
vn -0.8127 -0.0000 0.5826
vn 0.8128 0.0000 -0.5825
vn -0.8558 -0.0019 0.5173
vn -0.8559 0.0020 0.5171
vn -0.8577 0.0019 0.5141
vn 0.8568 0.0000 -0.5157
vn 0.5144 0.0000 0.8575
vn -0.8569 -0.0000 0.5155
vn -0.5056 0.0000 -0.8628
vn 0.8569 0.0000 -0.5155
vn 0.5304 -0.0000 0.8477
vn 0.8613 0.0000 -0.5082
vn -0.4896 0.0000 -0.8720
vn -0.8609 0.0000 0.5087
vn -0.8559 -0.0018 0.5172
vn -0.8561 0.0018 0.5169
vn -0.8577 0.0017 0.5142
vn -0.8567 0.0000 0.5157
vn -0.8567 0.0000 0.5158
vn 0.8568 0.0000 -0.5156
vn -0.8920 -0.0014 0.4520
vn -0.8923 0.0023 0.4515
vn -0.8937 0.0022 0.4488
vn 0.8928 0.0000 -0.4504
vn 0.4480 0.0000 0.8940
vn -0.8972 -0.0000 0.4417
vn -0.4395 0.0000 -0.8982
vn 0.8972 0.0000 -0.4417
vn 0.8972 0.0000 -0.4416
vn 0.4636 0.0000 0.8860
vn 0.8955 0.0000 -0.4451
vn -0.4239 0.0000 -0.9057
vn -0.8956 0.0000 0.4448
vn -0.8920 -0.0013 0.4520
vn -0.8921 0.0022 0.4518
vn -0.8936 0.0021 0.4489
vn -0.8928 0.0000 0.4505
vn -0.9207 -0.0008 0.3902
vn -0.9208 0.0028 0.3900
vn -0.9221 0.0027 0.3868
vn 0.9214 0.0000 -0.3886
vn 0.9214 0.0000 -0.3885
vn 0.3842 0.0000 0.9232
vn -0.9293 0.0000 0.3693
vn -0.3763 0.0000 -0.9265
vn 0.9294 0.0000 -0.3691
vn 0.3992 0.0000 0.9168
vn 0.9248 0.0000 -0.3805
vn -0.3616 0.0000 -0.9323
vn -0.9248 0.0000 0.3805
vn -0.9209 -0.0006 0.3898
vn -0.9209 0.0025 0.3898
vn -0.9220 0.0025 0.3873
vn -0.9214 0.0000 0.3886
vn -0.9450 -0.0003 0.3271
vn -0.9450 0.0013 0.3270
vn -0.9450 0.0012 0.3270
vn 0.9450 0.0000 -0.3271
vn 0.3242 -0.0000 0.9460
vn 0.9450 0.0000 -0.3272
vn -0.3166 0.0000 -0.9485
vn -0.3166 0.0000 -0.9486
vn -0.9450 0.0000 0.3271
vn 0.3243 0.0000 0.9460
vn -0.9446 -0.0000 0.3283
vn 0.9445 0.0000 -0.3284
vn 0.3383 0.0000 0.9410
vn 0.9473 0.0000 -0.3202
vn -0.3032 0.0000 -0.9529
vn -0.9473 0.0000 0.3203
vn -0.9448 0.0012 0.3275
vn -0.9453 0.0011 0.3263
vn -0.9622 -0.0014 0.2724
vn -0.9621 0.0018 0.2726
vn -0.9629 0.0017 0.2699
vn 0.9625 0.0000 -0.2713
vn 0.2686 0.0000 0.9632
vn 0.2686 0.0000 0.9633
vn 0.9635 0.0000 -0.2678
vn -0.2616 0.0000 -0.9652
vn -0.9635 0.0000 0.2678
vn -0.9634 0.0000 0.2682
vn 0.9634 0.0000 -0.2682
vn 0.9633 0.0000 -0.2683
vn 0.9633 0.0000 -0.2682
vn 0.2814 0.0000 0.9596
vn 0.9643 0.0000 -0.2648
vn -0.2490 0.0000 -0.9685
vn -0.9643 0.0000 0.2649
vn -0.9622 -0.0013 0.2725
vn -0.9622 0.0016 0.2723
vn -0.9627 0.0015 0.2706
vn -0.9625 0.0000 0.2714
vn 0.9625 0.0000 -0.2712
vn -0.9744 -0.0005 0.2249
vn -0.9743 0.0025 0.2252
vn -0.9750 0.0024 0.2222
vn 0.9746 0.0000 -0.2237
vn 0.9747 0.0000 -0.2237
vn 0.2172 0.0000 0.9761
vn -0.9789 0.0000 0.2042
vn -0.2109 0.0000 -0.9775
vn 0.9789 0.0000 -0.2041
vn 0.2291 0.0000 0.9734
vn 0.9769 0.0000 -0.2135
vn -0.1994 0.0000 -0.9799
vn -0.9769 0.0000 0.2137
vn -0.9744 -0.0005 0.2250
vn -0.9744 0.0023 0.2250
vn -0.9747 0.0022 0.2236
vn -0.9746 0.0000 0.2238
vn -0.9849 -0.0000 0.1731
vn -0.9848 0.0014 0.1734
vn -0.9850 0.0013 0.1726
vn 0.9850 0.0000 -0.1726
vn -0.9847 0.0000 0.1740
vn 0.9847 -0.0000 -0.1741
vn 0.9847 -0.0003 -0.1741
vn 0.9847 0.0003 -0.1741
vn 0.1704 -0.0000 0.9854
vn 0.9847 0.0000 -0.1744
vn -0.1645 0.0000 -0.9864
vn -0.9847 -0.0000 0.1743
vn -0.9845 0.0000 0.1752
vn 0.9845 0.0000 -0.1752
vn 0.1812 0.0000 0.9834
vn 0.9858 0.0000 -0.1677
vn -0.1540 0.0000 -0.9881
vn -0.9858 0.0000 0.1677
vn -0.9847 0.0000 0.1742
vn 0.0001 1.0000 0.0005
vn 0.0000 1.0000 0.0002
vn 0.9847 0.0000 -0.1740
vn -0.9850 -0.0000 0.1727
vn -0.9850 0.0012 0.1726
vn -0.9851 0.0012 0.1721
vn -0.9907 -0.0004 0.1358
vn -0.9907 0.0022 0.1357
vn -0.9911 0.0021 0.1330
vn 0.9909 0.0000 -0.1346
vn -0.9908 0.0000 0.1353
vn 0.9908 -0.0000 -0.1353
vn 0.9908 -0.0001 -0.1353
vn 0.9908 0.0002 -0.1353
vn 0.1276 0.0000 0.9918
vn 0.9929 0.0000 -0.1186
vn -0.1223 0.0000 -0.9925
vn -0.9929 0.0000 0.1186
vn 0.1275 0.0000 0.9918
vn -0.9930 0.0000 0.1179
vn 0.9930 0.0000 -0.1178
vn 0.1374 0.0000 0.9905
vn 0.9923 0.0000 -0.1238
vn -0.1128 0.0000 -0.9936
vn -0.9923 0.0000 0.1240
vn -0.9908 0.0020 0.1356
vn -0.9910 0.0019 0.1339
vn -0.9909 0.0000 0.1347
vn -0.9957 0.0001 0.0922
vn -0.9958 0.0012 0.0918
vn 0.9958 -0.0000 -0.0918
vn -0.9957 0.0000 0.0929
vn 0.9957 -0.0000 -0.0930
vn 0.9957 -0.0002 -0.0930
vn 0.9957 0.0003 -0.0930
vn 0.0887 0.0000 0.9961
vn 0.9958 0.0000 -0.0914
vn -0.0838 0.0000 -0.9965
vn -0.9958 0.0000 0.0914
vn -0.9958 0.0000 0.0919
vn 0.9958 0.0000 -0.0919
vn 0.0977 0.0000 0.9952
vn 0.9962 0.0000 -0.0872
vn -0.0751 0.0000 -0.9972
vn -0.9962 0.0000 0.0871
vn -0.9957 0.0000 0.0931
vn -0.9957 0.0000 0.0930
vn 0.9957 0.0000 -0.0929
vn -0.9957 0.0000 0.0927
vn -0.9958 0.0011 0.0918
vn -0.9958 0.0000 0.0918
vn -0.9982 -0.0004 0.0602
vn -0.9982 0.0008 0.0598
vn 0.9982 -0.0000 -0.0598
vn -0.9982 0.0000 0.0601
vn 0.9982 -0.0000 -0.0601
vn 0.9982 0.0002 -0.0601
vn 0.0531 0.0000 0.9986
vn 0.9991 0.0000 -0.0422
vn -0.0489 0.0000 -0.9988
vn -0.9991 0.0000 0.0423
vn 0.0532 0.0000 0.9986
vn -0.9991 0.0000 0.0415
vn 0.9991 0.0000 -0.0415
vn 0.0615 0.0000 0.9981
vn 0.9987 0.0000 -0.0503
vn -0.0410 0.0000 -0.9992
vn -0.0411 0.0000 -0.9992
vn -0.9987 0.0000 0.0504
vn -0.9982 -0.0003 0.0598
vn -0.9982 0.0008 0.0601
vn -0.9982 0.0007 0.0598
vn -0.9982 0.0000 0.0598
vn -0.9996 -0.0008 0.0279
vn -0.9996 0.0016 0.0276
vn -0.9997 0.0015 0.0255
vn 0.9996 0.0000 -0.0266
vn -0.9996 0.0000 0.0279
vn 0.9996 0.0000 -0.0279
vn 0.9996 -0.0002 -0.0279
vn 0.9996 0.0004 -0.0279
vn 0.0211 0.0000 0.9998
vn 0.9998 0.0000 -0.0186
vn -0.0171 0.0000 -0.9999
vn -0.9998 0.0000 0.0186
vn 0.9998 0.0000 -0.0185
vn 0.0284 0.0000 0.9996
vn -0.0098 0.0000 -1.0000
vn 0.0001 1.0000 -0.0000
vn -0.9996 0.0000 0.0280
vn -0.9996 -0.0007 0.0276
vn -0.9996 0.0014 0.0275
vn -0.9996 0.0013 0.0265
vn -0.9996 0.0000 0.0266
vn 0.9996 0.0000 -0.0265
vn -1.0000 0.0004 0.0031
vn -1.0000 0.0000 0.0031
vn 1.0000 0.0000 -0.0031
vn 1.0000 0.0001 -0.0031
vn 1.0000 0.0002 -0.0031
vn -0.0084 0.0000 1.0000
vn 1.0000 0.0000 0.0039
vn 0.0122 0.0000 -0.9999
vn -1.0000 0.0000 -0.0040
vn -1.0000 0.0000 -0.0035
vn 1.0000 0.0000 0.0034
vn -0.0016 0.0000 1.0000
vn 1.0000 0.0000 0.0035
vn 0.0144 0.0000 -0.9999
vn -1.0000 0.0000 -0.0039
vn -1.0000 0.0003 0.0031
vn 0.6248 0.0000 0.7808
vn 0.7808 0.0000 -0.6248
vn -0.6248 0.0000 -0.7808
vn -0.7808 0.0000 0.6248
vn 0.7158 0.0000 -0.6983
vn -0.7618 -0.0027 0.6478
vn 0.7553 0.0745 -0.6511
vn -0.7620 -0.0026 0.6476
vn -0.8139 -0.0024 0.5810
vn -0.8139 -0.0022 0.5811
vn -0.8577 -0.0020 0.5142
vn -0.8577 -0.0019 0.5142
vn -0.8936 -0.0014 0.4490
vn -0.8936 -0.0013 0.4489
vn -0.9221 -0.0009 0.3870
vn -0.9220 -0.0007 0.3871
vn -0.9450 -0.0004 0.3271
vn -0.9628 -0.0015 0.2702
vn -0.9629 -0.0014 0.2700
vn -0.9748 -0.0006 0.2231
vn -0.9749 -0.0006 0.2224
vn -0.9851 -0.0001 0.1718
vn -0.9850 -0.0001 0.1727
vn -0.9910 -0.0005 0.1335
vn -0.9910 -0.0005 0.1336
vn -0.9958 0.0001 0.0918
vn -0.9982 -0.0004 0.0598
vn -0.9982 -0.0003 0.0595
vn -0.9997 -0.0008 0.0255
vn -0.9997 -0.0007 0.0256
vn -0.7718 0.0000 0.6359
vn 0.7726 0.0000 -0.6348
vn 0.7727 0.0019 -0.6348
vn 0.7727 0.0023 -0.6348
vn -0.7719 -0.0028 0.6358
vn -0.7719 -0.0026 0.6358
vn -0.7719 -0.0034 0.6357
vn -0.7720 -0.0000 0.6356
vn 0.7728 0.0000 -0.6346
vn -0.7765 -0.0090 0.6300
vn 0.7746 0.0016 -0.6324
vn 0.7746 0.0012 -0.6325
vn 0.7746 0.0013 -0.6324
vn 0.7740 0.0023 -0.6332
vn -0.7759 0.0056 0.6308
vn -0.7750 0.0000 0.6319
vn 0.7738 0.0000 -0.6335
vn -0.9088 -0.0084 0.4171
vn 0.9075 0.0013 -0.4200
vn 0.9074 0.0005 -0.4202
vn 0.9074 0.0008 -0.4202
vn 0.9074 0.0003 -0.4202
vn -0.9086 0.0076 0.4177
vn -0.9087 0.0000 0.4175
vn 0.9071 0.0000 -0.4209
vn -0.9449 -0.0000 0.3275
vn 0.9448 0.0000 -0.3276
vn 0.9448 0.0004 -0.3275
vn -0.9448 0.0000 0.3276
vn 0.9448 0.0000 -0.3275
vn -0.9620 0.0000 0.2732
vn 0.9620 0.0000 -0.2732
vn 0.9620 -0.0002 -0.2732
vn 0.9620 0.0001 -0.2732
vn -0.9619 0.0000 0.2733
vn -0.2387 0.0252 -0.9708
vn -0.2566 0.0000 -0.9665
vn -0.2567 -0.0000 -0.9665
vn -0.2516 -0.0023 -0.9678
vn -0.2567 -0.0060 -0.9665
vn -0.2625 0.0115 -0.9649
vn -0.2550 0.0063 -0.9669
vn -0.2565 0.0114 -0.9665
vn -0.2537 0.0021 -0.9673
vn -0.2579 0.0059 -0.9662
vn 0.5437 -0.0261 0.8388
vn 0.5598 0.0000 0.8286
vn 0.5600 0.0000 0.8285
vn 0.5554 -0.0031 0.8315
vn 0.5605 -0.0060 0.8282
vn 0.5625 -0.0065 0.8268
vn 0.5572 -0.0072 0.8303
vn 0.5648 -0.0118 0.8251
vn 0.5615 0.0010 0.8275
vn 0.5574 -0.0022 0.8303
vn 0.5573 -0.0022 0.8303
vn 0.7727 -0.0002 -0.6348
vn 0.7726 0.0016 -0.6348
vn 0.7726 0.0012 -0.6348
vn 0.7727 0.0017 -0.6348
vn -0.7719 -0.0025 0.6358
vn -0.7765 -0.0089 0.6300
vn 0.7740 0.0022 -0.6332
vn 0.9075 0.0013 -0.4201
vn 0.9074 0.0001 -0.4202
vn 0.9074 -0.0006 -0.4203
vn -0.9086 0.0077 0.4177
vn 0.9448 -0.0001 -0.3276
vn 0.9620 -0.0003 -0.2732
vn -0.2567 -0.0001 -0.9665
vn -0.2513 0.0131 -0.9678
vn -0.2538 0.0021 -0.9673
vn -0.2575 -0.0017 -0.9663
vn 0.5437 -0.0261 0.8389
vn 0.5600 0.0002 0.8285
vn 0.5625 -0.0066 0.8268
vn 0.5598 -0.0118 0.8285
vn 0.5574 0.0035 0.8302
vn 0.5572 -0.0024 0.8304
usemtl Default_OBJ.003
s off
f 8/1/1 9/2/1 7/3/1
f 9/2/2 8/1/2 10/4/2
f 2/5/3 3/6/3 6/7/3
f 2/5/1 9/2/1 3/6/1
f 6/7/1 5/8/1 2/5/1
f 10/4/1 3/6/1 9/2/1
f 4/9/1 6/7/1 3/6/1
f 69/10/4 19/11/4 50/12/4
f 15/13/5 12/14/5 20/15/5
f 15/13/5 20/15/5 21/16/5
f 5/8/1 24/17/1 2/5/1
f 40/18/6 1/19/6 11/20/6
f 50/21/7 20/22/7 29/23/7
f 64/24/8 18/25/8 69/26/8
f 74/27/4 23/28/4 49/29/4
f 34/30/7 21/31/7 22/32/7
f 7/33/8 55/34/8 70/35/8
f 80/36/6 10/37/6 35/38/6
f 29/39/4 12/40/4 59/41/4
f 19/42/5 18/43/5 20/15/5
f 20/15/5 18/43/5 17/44/5
f 12/14/9 23/45/9 16/46/9
f 14/47/10 13/48/10 15/13/10
f 13/48/5 23/45/5 15/13/5
f 15/13/11 23/45/11 12/14/11
f 22/49/5 21/16/5 17/44/5
f 20/15/5 17/44/5 21/16/5
f 10/50/8 75/51/8 35/52/8
f 8/1/1 11/53/1 10/4/1
f 1/54/1 10/4/1 11/53/1
f 6/55/6 30/56/6 60/57/6
f 23/58/7 13/59/7 44/60/7
f 42/61/7 46/62/7 47/63/7
f 43/64/7 47/65/7 48/66/7
f 8/67/7 40/68/7 11/69/7
f 41/70/7 45/71/7 46/72/7
f 64/73/12 22/74/12 17/75/12
f 63/76/13 34/77/13 64/78/13
f 62/79/13 33/80/13 63/81/13
f 62/82/13 31/83/13 32/84/13
f 60/85/13 31/86/13 61/87/13
f 15/88/8 79/89/8 14/90/8
f 39/91/8 78/92/8 79/93/8
f 38/94/8 77/95/8 78/96/8
f 37/97/8 76/98/8 77/99/8
f 35/100/8 76/101/8 36/102/8
f 2/103/14 55/104/14 9/105/14
f 25/106/15 56/107/15 55/108/15
f 56/109/15 27/110/15 57/111/15
f 27/112/15 58/113/15 57/114/15
f 28/115/15 59/116/15 58/117/15
f 21/118/12 39/119/12 15/120/12
f 84/121/13 38/122/13 39/123/13
f 83/124/13 37/125/13 38/126/13
f 82/127/13 36/128/13 37/129/13
f 81/130/13 35/131/13 36/132/13
f 16/133/8 59/134/8 12/135/8
f 73/136/8 59/134/8 74/137/8
f 72/138/8 58/139/8 73/136/8
f 71/140/8 57/141/8 72/138/8
f 70/35/8 56/142/8 71/140/8
f 4/143/7 80/144/7 30/145/7
f 30/146/7 81/147/7 31/148/7
f 31/149/7 82/150/7 32/151/7
f 32/152/7 83/153/7 33/154/7
f 33/155/7 84/156/7 34/157/7
f 7/158/14 45/159/14 8/160/14
f 70/161/15 46/162/15 45/163/15
f 71/164/15 47/165/15 46/166/15
f 72/167/15 48/168/15 47/169/15
f 73/170/15 49/171/15 48/172/15
f 5/173/8 60/174/8 65/175/8
f 65/176/8 61/177/8 66/178/8
f 66/179/8 62/180/8 67/181/8
f 67/182/8 63/183/8 68/184/8
f 68/185/8 64/186/8 69/187/8
f 24/188/7 25/189/7 2/190/7
f 54/191/7 26/192/7 25/193/7
f 53/194/7 27/195/7 26/196/7
f 52/197/7 28/198/7 27/199/7
f 51/200/7 29/201/7 28/202/7
f 14/203/12 44/204/12 13/205/12
f 79/206/13 43/207/13 44/208/13
f 78/209/13 42/210/13 43/211/13
f 42/212/13 76/213/13 41/214/13
f 76/215/13 40/216/13 41/217/13
f 5/218/14 54/219/14 24/220/14
f 65/221/15 53/222/15 54/223/15
f 53/224/15 67/225/15 52/226/15
f 67/227/15 51/228/15 52/229/15
f 68/230/15 50/231/15 51/232/15
f 40/18/6 75/233/6 1/19/6
f 7/33/8 9/234/8 55/34/8
f 80/36/6 3/235/6 10/37/6
f 10/50/8 1/236/8 75/51/8
f 6/55/6 4/237/6 30/56/6
f 62/79/13 32/238/13 33/80/13
f 62/82/13 61/239/13 31/83/13
f 60/85/13 30/240/13 31/86/13
f 38/94/8 37/241/8 77/95/8
f 37/97/8 36/242/8 76/98/8
f 35/100/8 75/243/8 76/101/8
f 2/103/14 25/244/14 55/104/14
f 25/106/15 26/245/15 56/107/15
f 56/109/15 26/246/15 27/110/15
f 27/112/15 28/247/15 58/113/15
f 83/124/13 82/248/13 37/125/13
f 82/127/13 81/249/13 36/128/13
f 81/130/13 80/250/13 35/131/13
f 72/138/8 57/141/8 58/139/8
f 71/140/8 56/142/8 57/141/8
f 70/35/8 55/34/8 56/142/8
f 4/143/7 3/251/7 80/144/7
f 30/146/7 80/252/7 81/147/7
f 31/149/7 81/253/7 82/150/7
f 32/152/7 82/254/7 83/153/7
f 7/158/14 70/255/14 45/159/14
f 70/161/15 71/256/15 46/162/15
f 71/164/15 72/257/15 47/165/15
f 72/167/15 73/258/15 48/168/15
f 5/173/8 6/259/8 60/174/8
f 65/176/8 60/260/8 61/177/8
f 66/179/8 61/261/8 62/180/8
f 67/182/8 62/262/8 63/183/8
f 24/188/7 54/263/7 25/189/7
f 54/191/7 53/264/7 26/192/7
f 53/194/7 52/265/7 27/195/7
f 52/197/7 51/266/7 28/198/7
f 78/209/13 77/267/13 42/210/13
f 42/212/13 77/268/13 76/213/13
f 76/215/13 75/269/13 40/216/13
f 5/218/14 65/270/14 54/219/14
f 65/221/15 66/271/15 53/222/15
f 53/224/15 66/272/15 67/225/15
f 67/227/15 68/273/15 51/228/15
f 23/58/7 44/60/7 49/274/7
f 44/275/7 48/276/7 49/277/7
f 44/275/7 43/278/7 48/276/7
f 8/67/7 45/279/7 40/68/7
f 41/70/7 40/280/7 45/71/7
f 42/61/7 41/281/7 46/62/7
f 43/64/7 42/282/7 47/65/7
f 74/27/4 16/283/4 23/28/4
f 73/170/15 74/284/15 49/171/15
f 28/115/15 29/285/15 59/116/15
f 29/39/4 20/286/4 12/40/4
f 51/200/7 50/287/7 29/201/7
f 50/21/7 19/288/7 20/22/7
f 69/10/4 18/289/4 19/11/4
f 68/230/15 69/290/15 50/231/15
f 64/24/8 17/291/8 18/25/8
f 68/185/8 63/292/8 64/186/8
f 64/73/12 34/293/12 22/74/12
f 63/76/13 33/294/13 34/77/13
f 34/30/7 84/295/7 21/31/7
f 33/155/7 83/296/7 84/156/7
f 21/118/12 84/297/12 39/119/12
f 84/121/13 83/298/13 38/122/13
f 14/203/12 79/299/12 44/204/12
f 79/206/13 78/300/13 43/207/13
f 15/88/8 39/301/8 79/89/8
f 39/91/8 38/302/8 78/92/8
f 16/133/8 74/137/8 59/134/8
f 73/136/8 58/139/8 59/134/8
usemtl Default_OBJ.004
f 96/303/1 97/304/1 89/305/1
f 98/306/16 97/304/16 96/303/16
f 97/304/1 118/307/1 95/308/1
f 95/308/1 115/309/1 97/304/1
f 95/308/1 119/310/1 94/311/1
f 132/312/7 96/313/7 89/314/7
f 134/315/17 95/316/17 137/317/17
f 132/318/17 90/319/17 167/320/17
f 90/321/8 134/322/8 167/323/8
f 94/324/7 137/325/7 95/326/7
f 97/327/18 138/328/18 118/329/18
f 96/330/18 136/331/18 98/332/18
f 98/333/8 133/334/8 97/335/8
f 99/336/1 101/337/1 102/338/1
f 103/339/15 100/340/15 99/341/15
f 105/342/5 103/343/5 104/344/5
f 101/345/13 104/346/13 102/347/13
f 100/348/7 105/349/7 101/350/7
f 93/351/1 106/352/1 107/353/1
f 92/354/13 108/355/13 106/356/13
f 91/357/5 110/358/5 108/359/5
f 93/360/15 110/361/15 109/362/15
f 112/363/1 123/364/1 111/365/1
f 122/366/15 112/367/15 111/368/15
f 122/369/8 123/370/8 114/371/8
f 129/372/18 116/373/18 131/374/18
f 139/375/17 94/376/17 119/377/17
f 117/378/8 139/379/8 119/380/8
f 116/381/7 138/382/7 131/383/7
f 91/384/7 93/385/7 109/386/7
f 120/387/5 122/388/5 114/389/5
f 113/390/13 114/391/13 123/392/13
f 121/393/7 113/394/7 112/395/7
f 115/309/1 90/396/1 89/305/1
f 115/309/1 89/305/1 97/304/1
f 118/307/1 119/310/1 95/308/1
f 129/397/13 141/398/13 130/399/13
f 139/400/15 200/401/15 140/402/15
f 139/403/8 130/404/8 142/405/8
f 145/406/15 137/407/15 143/408/15
f 167/409/8 145/410/8 148/411/8
f 140/412/7 143/413/7 137/414/7
f 138/415/13 146/416/13 144/417/13
f 135/418/13 125/419/13 136/420/13
f 136/421/8 146/422/8 133/423/8
f 138/424/7 141/425/7 131/426/7
f 149/427/1 151/428/1 152/429/1
f 153/430/15 150/431/15 149/432/15
f 156/433/5 153/434/5 155/435/5
f 151/436/13 155/437/13 152/438/13
f 150/439/7 156/440/7 151/441/7
f 157/442/1 159/443/1 168/444/1
f 157/445/13 161/446/13 158/447/13
f 162/448/5 161/449/5 160/450/5
f 162/451/15 159/452/15 163/453/15
f 166/454/1 127/455/1 164/456/1
f 165/457/15 164/458/15 170/459/15
f 164/460/8 128/461/8 170/462/8
f 147/463/7 135/464/7 132/465/7
f 147/466/15 167/467/15 148/468/15
f 160/469/7 168/470/7 162/471/7
f 128/472/5 165/473/5 170/474/5
f 127/475/13 169/476/13 128/477/13
f 165/478/7 171/479/7 166/480/7
f 181/481/13 141/482/13 85/483/13
f 203/484/15 200/485/15 142/486/15
f 147/487/7 182/488/7 126/489/7
f 130/490/8 203/491/8 142/492/8
f 201/493/15 145/494/15 143/495/15
f 184/496/15 147/497/15 148/498/15
f 148/499/8 87/500/8 184/501/8
f 143/502/7 88/503/7 201/504/7
f 146/505/13 202/506/13 144/507/13
f 126/508/13 86/509/13 125/510/13
f 146/511/8 86/512/8 183/513/8
f 144/514/7 85/515/7 141/516/7
f 185/517/1 186/518/1 187/519/1
f 189/520/15 185/521/15 188/522/15
f 191/523/5 188/524/5 190/525/5
f 186/526/13 190/527/13 187/528/13
f 199/529/7 191/530/7 186/531/7
f 179/532/1 193/533/1 173/534/1
f 180/535/13 192/536/13 179/537/13
f 172/538/5 194/539/5 180/540/5
f 173/541/15 195/542/15 172/543/15
f 178/544/1 197/545/1 196/546/1
f 174/547/15 178/548/15 196/549/15
f 196/550/8 175/551/8 174/552/8
f 172/553/7 179/554/7 173/555/7
f 198/556/5 174/557/5 175/558/5
f 177/559/13 175/560/13 197/561/13
f 176/562/7 177/563/7 178/564/7
f 229/565/5 232/566/5 228/567/5
f 231/568/5 230/569/5 228/567/5
f 254/570/5 233/571/5 253/572/5
f 235/573/19 232/566/5 234/574/5
f 237/575/1 239/576/1 236/577/1
f 241/578/15 236/579/15 240/580/15
f 242/581/5 241/582/5 240/583/5
f 238/584/13 242/585/13 239/586/13
f 237/587/7 243/588/7 238/589/7
f 245/590/1 247/591/1 244/592/1
f 251/593/13 246/594/13 245/595/13
f 249/596/5 248/597/5 251/598/5
f 244/599/15 250/600/15 249/601/15
f 249/602/7 245/603/7 244/604/7
f 256/605/1 258/606/1 255/607/1
f 260/608/15 255/609/15 259/610/15
f 261/611/5 260/612/5 259/613/5
f 258/614/13 262/615/13 261/616/13
f 256/617/7 262/618/7 257/619/7
f 255/620/8 261/621/8 259/622/8
f 274/623/1 265/624/1 263/625/1
f 275/626/15 263/627/15 266/628/15
f 268/629/5 266/630/5 267/631/5
f 264/632/13 267/633/13 265/634/13
f 275/635/7 264/636/7 274/637/7
f 277/638/1 270/639/1 278/640/1
f 276/641/13 269/642/13 277/643/13
f 272/644/5 271/645/5 276/646/5
f 272/647/15 270/648/15 273/649/15
f 276/650/7 278/651/7 272/652/7
f 280/653/1 282/654/1 279/655/1
f 284/656/15 279/657/15 283/658/15
f 286/659/5 283/660/5 285/661/5
f 281/662/13 285/663/13 282/664/13
f 284/665/7 281/666/7 280/667/7
f 283/668/8 282/669/8 285/670/8
f 209/671/20 254/672/6 253/673/6
f 235/674/14 206/675/14 205/676/14
f 252/677/7 208/678/7 207/679/7
f 205/680/21 253/681/8 235/682/8
f 232/683/14 210/684/14 212/685/14
f 227/686/14 207/687/14 211/688/14
f 210/689/8 227/690/8 211/691/8
f 206/692/7 232/693/7 212/694/7
f 214/695/6 228/696/6 233/697/6
f 208/698/6 231/699/6 215/700/6
f 215/701/8 228/702/8 213/703/8
f 214/704/7 254/705/7 216/706/7
f 309/707/1 289/708/1 287/709/1
f 310/710/15 287/711/15 290/712/15
f 291/713/5 310/714/5 290/715/5
f 288/716/13 291/717/13 289/718/13
f 309/719/7 292/720/7 288/721/7
f 293/722/1 295/723/1 307/724/1
f 305/725/13 294/726/13 293/727/13
f 297/728/5 296/729/5 305/730/5
f 307/731/15 298/732/15 297/733/15
f 304/734/1 306/735/1 299/736/1
f 302/737/15 299/738/15 301/739/15
f 299/740/8 303/741/8 301/742/8
f 297/743/7 293/744/7 307/745/7
f 308/746/5 301/747/5 303/748/5
f 300/749/13 303/750/13 306/751/13
f 304/752/7 308/753/7 300/754/7
f 218/755/22 318/756/22 315/757/22
f 320/758/23 317/759/23 319/760/23
f 321/761/23 319/760/23 317/759/23
f 324/762/23 326/763/23 323/764/23
f 327/765/23 323/764/23 326/763/23
f 319/760/23 323/764/23 320/758/23
f 321/766/24 316/767/24 322/768/24
f 326/769/7 217/770/7 327/771/7
f 218/772/8 321/773/8 317/774/8
f 324/775/24 220/776/24 313/777/24
f 326/778/24 219/779/24 312/780/24
f 313/781/8 325/782/8 324/783/8
f 316/784/7 319/785/7 322/786/7
f 311/787/22 320/788/22 323/789/22
f 217/790/22 328/791/22 327/792/22
f 222/793/8 323/794/8 328/795/8
f 221/796/7 318/797/7 320/798/7
f 223/799/24 338/800/24 337/801/24
f 339/802/23 340/803/23 341/804/23
f 342/805/23 337/806/23 338/807/23
f 344/808/23 346/809/23 343/810/23
f 347/811/23 345/812/23 344/808/23
f 345/812/23 342/805/23 346/809/23
f 335/813/22 341/814/22 336/815/22
f 347/816/7 332/817/7 329/818/7
f 223/819/8 339/820/8 335/821/8
f 345/822/22 334/823/22 340/824/22
f 347/825/22 224/826/22 348/827/22
f 331/828/8 348/829/8 224/830/8
f 336/831/7 340/832/7 334/833/7
f 330/834/24 342/835/24 225/836/24
f 332/837/24 343/838/24 226/839/24
f 226/840/8 346/841/8 330/842/8
f 225/843/7 338/844/7 333/845/7
f 350/846/25 352/847/25 349/848/25
f 354/849/22 349/850/22 353/851/22
f 356/852/23 353/853/23 355/854/23
f 351/855/24 355/856/24 352/857/24
f 354/858/7 351/859/7 350/860/7
f 358/861/25 360/862/25 357/863/25
f 361/864/24 359/865/24 358/866/24
f 363/867/23 362/868/23 361/869/23
f 357/870/22 364/871/22 363/872/22
f 361/873/7 357/874/7 363/875/7
f 366/876/25 368/877/25 365/878/25
f 369/879/22 366/880/22 365/881/22
f 372/882/23 369/883/23 371/884/23
f 367/885/24 371/886/24 368/887/24
f 370/888/7 367/889/7 366/890/7
f 374/891/25 376/892/25 373/893/25
f 374/894/24 378/895/24 375/896/24
f 379/897/23 378/898/23 377/899/23
f 373/900/22 380/901/22 379/902/22
f 377/903/7 373/904/7 379/905/7
f 382/906/25 384/907/25 381/908/25
f 385/909/22 382/910/22 381/911/22
f 388/912/23 385/913/23 387/914/23
f 383/915/24 387/916/24 384/917/24
f 386/918/7 383/919/7 382/920/7
f 390/921/25 392/922/25 389/923/25
f 393/924/22 390/925/22 389/926/22
f 396/927/23 393/928/23 395/929/23
f 391/930/24 395/931/24 392/932/24
f 394/933/7 391/934/7 390/935/7
f 381/936/8 387/937/8 385/938/8
f 389/939/8 395/940/8 393/941/8
f 119/310/1 118/307/1 117/942/1
f 117/942/1 118/307/1 116/943/1
f 228/567/5 230/569/5 229/565/5
f 230/569/5 252/944/5 229/565/5
f 229/565/5 252/944/5 227/945/5
f 228/567/5 232/566/5 233/571/5
f 233/571/5 232/566/5 253/572/5
f 235/573/26 253/572/27 232/566/27
f 132/312/7 135/946/7 96/313/7
f 134/315/17 115/947/17 95/316/17
f 132/318/17 89/948/17 90/319/17
f 90/321/8 115/949/8 134/322/8
f 94/324/7 140/950/7 137/325/7
f 97/327/18 133/951/18 138/328/18
f 96/330/18 135/952/18 136/331/18
f 98/333/8 136/953/8 133/334/8
f 99/336/1 100/954/1 101/337/1
f 103/339/15 124/955/15 100/340/15
f 105/342/5 124/956/5 103/343/5
f 101/345/13 105/957/13 104/346/13
f 100/348/7 124/958/7 105/349/7
f 93/351/1 92/959/1 106/352/1
f 92/354/13 91/960/13 108/355/13
f 91/357/5 109/961/5 110/358/5
f 93/360/15 107/962/15 110/361/15
f 112/363/1 113/963/1 123/364/1
f 122/366/15 121/964/15 112/367/15
f 122/369/8 111/965/8 123/370/8
f 129/372/18 117/966/18 116/373/18
f 139/375/17 140/967/17 94/376/17
f 117/378/8 129/968/8 139/379/8
f 116/381/7 118/969/7 138/382/7
f 91/384/7 92/970/7 93/385/7
f 120/387/5 121/971/5 122/388/5
f 113/390/13 120/972/13 114/391/13
f 121/393/7 120/973/7 113/394/7
f 129/397/13 131/974/13 141/398/13
f 139/400/15 142/975/15 200/401/15
f 139/403/8 129/976/8 130/404/8
f 145/406/15 134/977/15 137/407/15
f 167/409/8 134/978/8 145/410/8
f 140/412/7 200/979/7 143/413/7
f 138/415/13 133/980/13 146/416/13
f 135/418/13 126/981/13 125/419/13
f 136/421/8 125/982/8 146/422/8
f 138/424/7 144/983/7 141/425/7
f 149/427/1 150/984/1 151/428/1
f 153/430/15 154/985/15 150/431/15
f 156/433/5 154/986/5 153/434/5
f 151/436/13 156/987/13 155/437/13
f 150/439/7 154/988/7 156/440/7
f 157/442/1 158/989/1 159/443/1
f 157/445/13 160/990/13 161/446/13
f 162/448/5 163/991/5 161/449/5
f 162/451/15 168/992/15 159/452/15
f 166/454/1 171/993/1 127/455/1
f 165/457/15 166/994/15 164/458/15
f 164/460/8 127/995/8 128/461/8
f 147/463/7 126/996/7 135/464/7
f 147/466/15 132/997/15 167/467/15
f 160/469/7 157/998/7 168/470/7
f 128/472/5 169/999/5 165/473/5
f 127/475/13 171/1000/13 169/476/13
f 165/478/7 169/1001/7 171/479/7
f 181/481/13 130/1002/13 141/482/13
f 203/484/15 88/1003/15 200/485/15
f 147/487/7 204/1004/7 182/488/7
f 130/490/8 181/1005/8 203/491/8
f 201/493/15 87/1006/15 145/494/15
f 184/496/15 204/1007/15 147/497/15
f 148/499/8 145/1008/8 87/500/8
f 143/502/7 200/1009/7 88/503/7
f 146/505/13 183/1010/13 202/506/13
f 126/508/13 182/1011/13 86/509/13
f 146/511/8 125/1012/8 86/512/8
f 144/514/7 202/1013/7 85/515/7
f 185/517/1 199/1014/1 186/518/1
f 189/520/15 199/1015/15 185/521/15
f 191/523/5 189/1016/5 188/524/5
f 186/526/13 191/1017/13 190/527/13
f 199/529/7 189/1018/7 191/530/7
f 179/532/1 192/1019/1 193/533/1
f 180/535/13 194/1020/13 192/536/13
f 172/538/5 195/1021/5 194/539/5
f 173/541/15 193/1022/15 195/542/15
f 178/544/1 177/1023/1 197/545/1
f 174/547/15 176/1024/15 178/548/15
f 196/550/8 197/1025/8 175/551/8
f 172/553/7 180/1026/7 179/554/7
f 198/556/5 176/1027/5 174/557/5
f 177/559/13 198/1028/13 175/560/13
f 176/562/7 198/1029/7 177/563/7
f 237/575/1 238/1030/1 239/576/1
f 241/578/15 237/1031/15 236/579/15
f 242/581/5 243/1032/5 241/582/5
f 238/584/13 243/1033/13 242/585/13
f 237/587/7 241/1034/7 243/588/7
f 245/590/1 246/1035/1 247/591/1
f 251/593/13 248/1036/13 246/594/13
f 249/596/5 250/1037/5 248/597/5
f 244/599/15 247/1038/15 250/600/15
f 249/602/7 251/1039/7 245/603/7
f 256/605/1 257/1040/1 258/606/1
f 260/608/15 256/1041/15 255/609/15
f 261/611/5 262/1042/5 260/612/5
f 258/614/13 257/1043/13 262/615/13
f 256/617/7 260/1044/7 262/618/7
f 255/620/8 258/1045/8 261/621/8
f 274/623/1 264/1046/1 265/624/1
f 275/626/15 274/1047/15 263/627/15
f 268/629/5 275/1048/5 266/630/5
f 264/632/13 268/1049/13 267/633/13
f 275/635/7 268/1050/7 264/636/7
f 277/638/1 269/1051/1 270/639/1
f 276/641/13 271/1052/13 269/642/13
f 272/644/5 273/1053/5 271/645/5
f 272/647/15 278/1054/15 270/648/15
f 276/650/7 277/1055/7 278/651/7
f 280/653/1 281/1056/1 282/654/1
f 284/656/15 280/1057/15 279/657/15
f 286/659/5 284/1058/5 283/660/5
f 281/662/13 286/1059/13 285/663/13
f 284/665/7 286/1060/7 281/666/7
f 283/668/8 279/1061/8 282/669/8
f 209/671/28 216/1062/29 254/672/6
f 235/674/14 234/1063/14 206/675/14
f 252/677/7 230/1064/7 208/678/7
f 205/680/30 209/1065/31 253/681/8
f 232/683/14 229/1066/14 210/684/14
f 227/686/14 252/1067/14 207/687/14
f 210/689/8 229/1068/8 227/690/8
f 206/692/7 234/1069/7 232/693/7
f 214/695/6 213/1070/6 228/696/6
f 208/698/6 230/1071/6 231/699/6
f 215/701/8 231/1072/8 228/702/8
f 214/704/7 233/1073/7 254/705/7
f 309/707/1 288/1074/1 289/708/1
f 310/710/15 309/1075/15 287/711/15
f 291/713/5 292/1076/5 310/714/5
f 288/716/13 292/1077/13 291/717/13
f 309/719/7 310/1078/7 292/720/7
f 293/722/1 294/1079/1 295/723/1
f 305/725/13 296/1080/13 294/726/13
f 297/728/5 298/1081/5 296/729/5
f 307/731/15 295/1082/15 298/732/15
f 304/734/1 300/1083/1 306/735/1
f 302/737/15 304/1084/15 299/738/15
f 299/740/8 306/1085/8 303/741/8
f 297/743/7 305/1086/7 293/744/7
f 308/746/5 302/1087/5 301/747/5
f 300/749/13 308/1088/13 303/750/13
f 304/752/7 302/1089/7 308/753/7
f 218/755/22 317/1090/22 318/756/22
f 320/758/23 318/1091/23 317/759/23
f 321/761/23 322/1092/23 319/760/23
f 324/762/23 325/1093/23 326/763/23
f 327/765/23 328/1094/23 323/764/23
f 319/760/23 324/762/23 323/764/23
f 321/766/24 314/1095/24 316/767/24
f 326/769/7 312/1096/7 217/770/7
f 218/772/8 314/1097/8 321/773/8
f 324/775/24 319/1098/24 220/776/24
f 326/778/24 325/1099/24 219/779/24
f 313/781/8 219/1100/8 325/782/8
f 316/784/7 220/1101/7 319/785/7
f 311/787/22 221/1102/22 320/788/22
f 217/790/22 222/1103/22 328/791/22
f 222/793/8 311/1104/8 323/794/8
f 221/796/7 315/1105/7 318/797/7
f 223/799/24 333/1106/24 338/800/24
f 339/802/23 337/806/23 340/803/23
f 342/805/23 340/803/23 337/806/23
f 344/808/23 345/812/23 346/809/23
f 347/811/23 348/1107/23 345/812/23
f 345/812/23 340/803/23 342/805/23
f 335/813/22 339/1108/22 341/814/22
f 347/816/7 344/1109/7 332/817/7
f 223/819/8 337/1110/8 339/820/8
f 345/822/22 331/1111/22 334/823/22
f 347/825/22 329/1112/22 224/826/22
f 331/828/8 345/1113/8 348/829/8
f 336/831/7 341/1114/7 340/832/7
f 330/834/24 346/1115/24 342/835/24
f 332/837/24 344/1116/24 343/838/24
f 226/840/8 343/1117/8 346/841/8
f 225/843/7 342/1118/7 338/844/7
f 350/846/25 351/1119/25 352/847/25
f 354/849/22 350/1120/22 349/850/22
f 356/852/23 354/1121/23 353/853/23
f 351/855/24 356/1122/24 355/856/24
f 354/858/7 356/1123/7 351/859/7
f 358/861/25 359/1124/25 360/862/25
f 361/864/24 362/1125/24 359/865/24
f 363/867/23 364/1126/23 362/868/23
f 357/870/22 360/1127/22 364/871/22
f 361/873/7 358/1128/7 357/874/7
f 366/876/25 367/1129/25 368/877/25
f 369/879/22 370/1130/22 366/880/22
f 372/882/23 370/1131/23 369/883/23
f 367/885/24 372/1132/24 371/886/24
f 370/888/7 372/1133/7 367/889/7
f 374/891/25 375/1134/25 376/892/25
f 374/894/24 377/1135/24 378/895/24
f 379/897/23 380/1136/23 378/898/23
f 373/900/22 376/1137/22 380/901/22
f 377/903/7 374/1138/7 373/904/7
f 382/906/25 383/1139/25 384/907/25
f 385/909/22 386/1140/22 382/910/22
f 388/912/23 386/1141/23 385/913/23
f 383/915/24 388/1142/24 387/916/24
f 386/918/7 388/1143/7 383/919/7
f 390/921/25 391/1144/25 392/922/25
f 393/924/22 394/1145/22 390/925/22
f 396/927/23 394/1146/23 393/928/23
f 391/930/24 396/1147/24 395/931/24
f 394/933/7 396/1148/7 391/934/7
f 381/936/8 384/1149/8 387/937/8
f 389/939/8 392/1150/8 395/940/8
s 1
f 85/483/13 397/1151/13 398/1152/13
f 400/1153/15 399/1154/15 87/1006/15
f 402/1155/15 401/1156/15 204/1007/15
f 406/1157/5 403/1158/5 404/1159/5
f 407/1160/13 408/1161/13 404/1162/13
f 407/1163/1 409/1164/1 410/1165/1
f 409/1166/15 406/1167/15 405/1168/15
f 405/1169/7 404/1170/7 408/1171/7
f 414/1172/5 411/1173/5 412/1174/5
f 415/1175/13 416/1176/13 412/1177/13
f 415/1178/1 417/1179/1 418/1180/1
f 417/1181/15 414/1182/15 413/1183/15
f 413/1184/7 412/1185/7 416/1186/7
f 422/1187/5 419/1188/5 420/1189/5
f 419/1190/13 423/1191/13 424/1192/13
f 423/1193/1 425/1194/1 426/1195/1
f 425/1196/15 422/1197/15 421/1198/15
f 421/1199/7 420/1200/7 424/1201/7
f 430/1202/5 427/1203/5 428/1204/5
f 431/1205/13 432/1206/13 428/1207/13
f 431/1208/1 433/1209/1 434/1210/1
f 433/1211/15 430/1212/15 429/1213/15
f 429/1214/7 428/1215/7 432/1216/7
f 438/1217/5 435/1218/5 436/1219/5
f 439/1220/13 440/1221/13 436/1222/13
f 439/1223/1 441/1224/1 442/1225/1
f 441/1226/15 438/1227/15 437/1228/15
f 436/1229/7 440/1230/7 442/1231/7
f 446/1232/5 443/1233/5 444/1234/5
f 443/1235/13 447/1236/13 448/1237/13
f 447/1238/1 449/1239/1 450/1240/1
f 446/1241/15 445/1242/15 450/1243/15
f 445/1244/7 444/1245/7 448/1246/7
f 454/1247/5 451/1248/5 452/1249/5
f 455/1250/13 456/1251/13 452/1252/13
f 455/1253/1 457/1254/1 458/1255/1
f 454/1256/15 453/1257/15 458/1258/15
f 453/1259/7 452/1260/7 456/1261/7
f 433/1262/8 431/1263/8 427/1264/8
f 439/1265/8 435/1266/8 438/1267/8
f 449/1268/8 447/1269/8 443/1270/8
f 457/1271/8 455/1272/8 451/1273/8
f 462/1274/5 459/1275/5 460/1276/5
f 463/1277/13 464/1278/13 460/1279/13
f 463/1280/1 465/1281/1 466/1282/1
f 465/1283/15 462/1284/15 461/1285/15
f 460/1286/7 464/1287/7 466/1288/7
f 470/1289/5 467/1290/5 468/1291/5
f 467/1292/13 471/1293/13 472/1294/13
f 471/1295/1 473/1296/1 474/1297/1
f 473/1298/15 470/1299/15 469/1300/15
f 469/1301/7 468/1302/7 472/1303/7
f 478/1304/5 475/1305/5 476/1306/5
f 475/1307/13 479/1308/13 480/1309/13
f 479/1310/1 481/1311/1 482/1312/1
f 481/1313/15 478/1314/15 477/1315/15
f 477/1316/7 476/1317/7 480/1318/7
f 486/1319/5 483/1320/5 484/1321/5
f 485/1322/15 484/1323/15 487/1324/15
f 488/1325/1 487/1326/1 489/1327/1
f 490/1328/13 489/1329/13 483/1330/13
f 483/1331/7 489/1332/7 487/1333/7
f 494/1334/5 491/1335/5 492/1336/5
f 491/1337/13 495/1338/13 496/1339/13
f 495/1340/1 497/1341/1 498/1342/1
f 497/1343/15 494/1344/15 493/1345/15
f 493/1346/7 492/1347/7 496/1348/7
f 502/1349/5 499/1350/5 500/1351/5
f 499/1352/13 503/1353/13 504/1354/13
f 503/1355/1 505/1356/1 506/1357/1
f 505/1358/15 502/1359/15 501/1360/15
f 501/1361/7 500/1362/7 504/1363/7
f 510/1364/5 507/1365/5 508/1366/5
f 511/1367/13 512/1368/13 508/1369/13
f 511/1370/1 513/1371/1 514/1372/1
f 513/1373/15 510/1374/15 509/1375/15
f 508/1376/7 512/1377/7 514/1378/7
f 518/1379/5 515/1380/5 516/1381/5
f 519/1382/13 520/1383/13 516/1384/13
f 519/1385/1 521/1386/1 522/1387/1
f 521/1388/15 518/1389/15 517/1390/15
f 516/1391/7 520/1392/7 522/1393/7
f 526/1394/5 523/1395/5 524/1396/5
f 527/1397/13 528/1398/13 524/1399/13
f 527/1400/1 529/1401/1 530/1402/1
f 529/1403/15 526/1404/15 525/1405/15
f 525/1406/7 524/1407/7 528/1408/7
f 505/1409/8 503/1410/8 499/1411/8
f 511/1412/8 507/1413/8 510/1414/8
f 521/1415/8 519/1416/8 515/1417/8
f 529/1418/8 527/1419/8 523/1420/8
f 534/1421/5 531/1422/5 532/1423/5
f 535/1424/13 536/1425/13 532/1426/13
f 535/1427/1 537/1428/1 538/1429/1
f 537/1430/15 534/1431/15 533/1432/15
f 532/1433/7 536/1434/7 538/1435/7
f 542/1436/5 539/1437/5 540/1438/5
f 540/1439/15 543/1440/15 544/1441/15
f 544/1442/1 543/1443/1 545/1444/1
f 546/1445/13 545/1446/13 539/1447/13
f 545/1448/7 543/1449/7 540/1450/7
f 550/1451/5 547/1452/5 548/1453/5
f 551/1454/13 552/1455/13 548/1456/13
f 551/1457/1 553/1458/1 554/1459/1
f 553/1460/15 550/1461/15 549/1462/15
f 549/1463/7 548/1464/7 552/1465/7
f 558/1466/5 555/1467/5 556/1468/5
f 556/1469/15 559/1470/15 560/1471/15
f 560/1472/1 559/1473/1 561/1474/1
f 562/1475/13 561/1476/13 555/1477/13
f 555/1478/7 561/1479/7 559/1480/7
f 566/1481/5 563/1482/5 564/1483/5
f 567/1484/13 568/1485/13 564/1486/13
f 567/1487/1 569/1488/1 570/1489/1
f 569/1490/15 566/1491/15 565/1492/15
f 565/1493/7 564/1494/7 568/1495/7
f 574/1496/5 571/1497/5 572/1498/5
f 572/1499/15 575/1500/15 576/1501/15
f 576/1502/1 575/1503/1 577/1504/1
f 577/1505/13 571/1506/13 574/1507/13
f 571/1508/7 577/1509/7 575/1510/7
f 582/1511/5 579/1512/5 580/1513/5
f 583/1514/13 584/1515/13 580/1516/13
f 583/1517/1 585/1518/1 586/1519/1
f 585/1520/15 582/1521/15 581/1522/15
f 581/1523/7 580/1524/7 584/1525/7
f 590/1526/5 587/1527/5 588/1528/5
f 589/1529/15 588/1530/15 591/1531/15
f 592/1532/1 591/1533/1 593/1534/1
f 594/1535/13 593/1536/13 587/1537/13
f 587/1538/7 593/1539/7 591/1540/7
f 598/1541/5 595/1542/5 596/1543/5
f 599/1544/13 600/1545/13 596/1546/13
f 599/1547/1 601/1548/1 602/1549/1
f 601/1550/15 598/1551/15 597/1552/15
f 597/1553/7 596/1554/7 600/1555/7
f 606/1556/5 603/1557/5 604/1558/5
f 607/1559/13 608/1560/13 604/1561/13
f 607/1562/1 609/1563/1 610/1564/1
f 609/1565/15 606/1566/15 605/1567/15
f 605/1568/7 604/1569/7 608/1570/7
f 614/1571/5 611/1572/5 612/1573/5
f 615/1574/13 616/1575/13 612/1576/13
f 615/1577/1 617/1578/1 618/1579/1
f 617/1580/15 614/1581/15 613/1582/15
f 612/1583/7 616/1584/7 618/1585/7
f 622/1586/5 619/1587/5 620/1588/5
f 623/1589/13 624/1590/13 620/1591/13
f 623/1592/1 625/1593/1 626/1594/1
f 625/1595/15 622/1596/15 621/1597/15
f 620/1598/7 624/1599/7 626/1600/7
f 601/1601/8 599/1602/8 595/1603/8
f 607/1604/8 603/1605/8 606/1606/8
f 615/1607/8 611/1608/8 614/1609/8
f 625/1610/8 623/1611/8 619/1612/8
f 206/675/32 627/1613/33 628/1614/34
f 629/1615/7 630/1616/7 207/679/7
f 631/1617/8 209/1065/8 205/680/8
f 632/1618/8 210/689/8 211/691/8
f 634/1619/7 627/1620/7 206/692/7
f 635/1621/35 213/1070/35 214/695/35
f 637/1622/36 629/1623/37 208/698/38
f 637/1624/8 215/701/8 213/703/8
f 638/1625/7 636/1626/7 214/704/7
f 642/1627/39 639/1628/39 640/1629/39
f 639/1630/40 643/1631/40 644/1632/40
f 643/1633/41 645/1634/41 646/1635/41
f 645/1636/42 642/1637/42 641/1638/42
f 640/1639/7 644/1640/7 646/1641/7
f 650/1642/39 647/1643/39 648/1644/39
f 648/1645/43 651/1646/43 652/1647/43
f 652/1648/41 651/1649/41 653/1650/41
f 654/1651/44 653/1652/44 647/1653/44
f 647/1654/7 653/1655/7 651/1656/7
f 207/687/32 630/1657/45 633/1658/46
f 212/685/32 210/684/32 632/1659/32
f 638/1660/35 216/1062/35 209/671/35
f 627/1661/47 655/1662/48 656/1663/49
f 657/1664/7 658/1665/7 630/1666/7
f 656/1667/8 659/1668/8 631/1669/8
f 661/1670/8 660/1671/8 632/1672/8
f 662/1673/7 655/1674/7 627/1675/7
f 664/1676/50 663/1677/50 635/1678/50
f 665/1679/51 657/1680/52 629/1681/53
f 663/1682/8 665/1683/8 637/1684/8
f 664/1685/7 636/1686/7 638/1687/7
f 630/1688/54 658/1689/55 661/1690/56
f 634/1691/57 632/1692/57 660/1693/57
f 666/1694/52 638/1695/52 631/1696/52
f 655/1697/58 667/1698/59 668/1699/60
f 669/1700/7 670/1701/7 658/1702/7
f 668/1703/8 671/1704/8 659/1705/8
f 673/1706/8 672/1707/8 660/1708/8
f 674/1709/7 667/1710/7 655/1711/7
f 676/1712/61 675/1713/61 663/1714/61
f 677/1715/61 669/1716/61 657/1717/61
f 675/1718/8 677/1719/8 665/1720/8
f 676/1721/7 664/1722/7 666/1723/7
f 682/1724/62 679/1725/62 680/1726/62
f 681/1727/63 680/1728/63 683/1729/63
f 684/1730/64 683/1731/64 685/1732/64
f 686/1733/65 685/1734/65 679/1735/65
f 685/1736/7 683/1737/7 680/1738/7
f 690/1739/66 687/1740/66 688/1741/66
f 691/1742/67 692/1743/67 688/1744/67
f 691/1745/68 693/1746/68 694/1747/68
f 693/1748/69 690/1749/69 689/1750/69
f 688/1751/7 692/1752/7 694/1753/7
f 693/1754/8 691/1755/8 687/1756/8
f 658/1757/70 670/1758/71 673/1759/72
f 662/1760/73 660/1761/73 672/1762/73
f 678/1763/74 666/1764/74 659/1765/74
f 667/1766/75 695/1767/76 696/1768/77
f 697/1769/7 698/1770/7 670/1771/7
f 696/1772/8 699/1773/8 671/1774/8
f 701/1775/8 700/1776/8 672/1777/8
f 702/1778/7 695/1779/7 667/1780/7
f 704/1781/78 703/1782/78 675/1783/78
f 697/1784/78 669/1785/78 677/1786/78
f 703/1787/8 705/1788/8 677/1789/8
f 704/1790/7 676/1791/7 678/1792/7
f 710/1793/79 707/1794/79 708/1795/79
f 709/1796/80 708/1797/80 711/1798/80
f 712/1799/81 711/1800/81 713/1801/81
f 714/1802/82 713/1803/82 707/1804/82
f 713/1805/7 711/1806/7 708/1807/7
f 718/1808/83 715/1809/83 716/1810/83
f 719/1811/84 720/1812/84 716/1813/84
f 719/1814/85 721/1815/85 722/1816/85
f 718/1817/86 717/1818/86 722/1819/86
f 716/1820/7 720/1821/7 722/1822/7
f 721/1823/8 719/1824/8 715/1825/8
f 670/1826/87 698/1827/88 701/1828/89
f 674/1829/90 672/1830/90 700/1831/91
f 706/1832/92 678/1833/92 671/1834/92
f 695/1835/93 723/1836/94 724/1837/95
f 725/1838/7 726/1839/7 698/1840/7
f 724/1841/8 727/1842/8 699/1843/8
f 729/1844/8 728/1845/8 700/1846/8
f 730/1847/7 723/1848/7 695/1849/7
f 732/1850/96 731/1851/96 703/1852/96
f 733/1853/96 725/1854/96 697/1855/96
f 731/1856/8 733/1857/8 705/1858/8
f 732/1859/7 704/1860/7 706/1861/7
f 735/1862/97 736/1863/97 737/1864/97
f 736/1865/98 739/1866/98 740/1867/98
f 740/1868/99 739/1869/99 741/1870/99
f 742/1871/100 741/1872/101 735/1873/101
f 735/1874/7 741/1875/7 739/1876/7
f 746/1877/102 743/1878/102 744/1879/102
f 743/1880/103 747/1881/103 748/1882/103
f 747/1883/104 749/1884/104 750/1885/104
f 749/1886/105 746/1887/105 745/1888/105
f 745/1889/7 744/1890/7 748/1891/7
f 747/1892/8 743/1893/8 746/1894/8
f 698/1895/106 726/1896/107 729/1897/108
f 700/1898/109 728/1899/109 730/1900/109
f 734/1901/96 706/1902/96 699/1903/96
f 723/1904/110 751/1905/111 752/1906/112
f 753/1907/7 754/1908/7 726/1909/7
f 752/1910/8 755/1911/8 727/1912/8
f 757/1913/8 756/1914/8 728/1915/8
f 758/1916/7 751/1917/7 723/1918/7
f 760/1919/113 759/1920/113 731/1921/113
f 761/1922/114 753/1923/114 725/1924/114
f 759/1925/8 761/1926/8 733/1927/8
f 760/1928/7 732/1929/7 734/1930/7
f 766/1931/115 763/1932/115 764/1933/115
f 765/1934/116 764/1935/116 767/1936/116
f 768/1937/117 767/1938/117 769/1939/117
f 770/1940/118 769/1941/118 763/1942/118
f 763/1943/7 769/1944/7 767/1945/7
f 774/1946/119 771/1947/119 772/1948/119
f 771/1949/120 775/1950/120 776/1951/120
f 775/1952/121 777/1953/121 778/1954/121
f 777/1955/122 774/1956/122 773/1957/122
f 773/1958/7 772/1959/7 776/1960/7
f 775/1961/8 771/1962/8 774/1963/8
f 726/1964/123 754/1965/124 757/1966/125
f 728/1967/126 756/1968/126 758/1969/126
f 762/1970/114 734/1971/114 727/1972/114
f 751/1973/127 779/1974/128 780/1975/129
f 781/1976/7 782/1977/7 754/1978/7
f 780/1979/8 783/1980/8 755/1981/8
f 785/1982/8 784/1983/8 756/1984/8
f 786/1985/7 779/1986/7 751/1987/7
f 788/1988/130 787/1989/130 759/1990/130
f 789/1991/130 781/1992/130 753/1993/130
f 787/1994/8 789/1995/8 761/1996/8
f 788/1997/7 760/1998/7 762/1999/7
f 791/2000/131 792/2001/131 793/2002/131
f 791/2003/132 795/2004/132 796/2005/132
f 795/2006/133 797/2007/133 798/2008/134
f 797/2009/135 794/2010/135 793/2011/135
f 793/2012/7 792/2013/7 796/2014/7
f 802/2015/136 799/2016/136 800/2017/136
f 801/2018/137 800/2019/137 803/2020/137
f 804/2021/133 803/2022/133 805/2023/133
f 806/2024/138 805/2025/138 799/2026/138
f 805/2027/7 803/2028/7 800/2029/7
f 810/2030/139 807/2031/139 808/2032/139
f 811/2033/140 812/2034/140 808/2035/140
f 811/2036/141 813/2037/141 814/2038/141
f 813/2039/142 810/2040/142 809/2041/142
f 808/2042/7 812/2043/7 814/2044/7
f 813/2045/8 811/2046/8 807/2047/8
f 754/2048/127 782/2049/143 785/2050/144
f 758/2051/135 756/2052/135 784/2053/135
f 790/2054/130 762/2055/130 755/2056/130
f 779/2057/145 815/2058/146 816/2059/147
f 817/2060/7 818/2061/7 782/2062/7
f 816/2063/8 819/2064/8 783/2065/8
f 821/2066/8 820/2067/8 784/2068/8
f 822/2069/7 815/2070/7 779/2071/7
f 824/2072/148 823/2073/148 787/2074/148
f 825/2075/148 817/2076/148 781/2077/148
f 823/2078/8 825/2079/8 789/2080/8
f 824/2081/7 788/2082/7 790/2083/7
f 830/2084/149 827/2085/149 828/2086/150
f 831/2087/151 832/2088/151 828/2089/151
f 831/2090/152 833/2091/152 834/2092/152
f 833/2093/153 830/2094/153 829/2095/153
f 829/2096/7 828/2097/7 832/2098/7
f 838/2099/150 835/2100/150 836/2101/150
f 837/2102/154 836/2103/154 839/2104/154
f 840/2105/152 839/2106/152 841/2107/152
f 842/2108/155 841/2109/156 835/2110/157
f 841/2111/7 839/2112/7 836/2113/7
f 846/2114/158 843/2115/158 844/2116/158
f 847/2117/159 848/2118/159 844/2119/159
f 847/2120/160 849/2121/160 850/2122/160
f 849/2123/161 846/2124/161 845/2125/161
f 844/2126/7 848/2127/7 850/2128/7
f 849/2129/8 847/2130/8 843/2131/8
f 782/2132/162 818/2133/163 821/2134/164
f 784/2135/165 820/2136/165 822/2137/165
f 826/2138/166 790/2139/166 783/2140/166
f 815/2141/167 851/2142/168 852/2143/169
f 853/2144/7 854/2145/7 818/2146/7
f 852/2147/8 855/2148/8 819/2149/8
f 857/2150/8 856/2151/8 820/2152/8
f 858/2153/7 851/2154/7 815/2155/7
f 860/2156/170 859/2157/170 823/2158/170
f 861/2159/171 853/2160/171 817/2161/171
f 859/2162/8 861/2163/8 825/2164/8
f 860/2165/7 824/2166/7 826/2167/7
f 863/2168/5 864/2169/5 865/2170/5
f 866/2171/5 867/2172/5 868/2173/5
f 869/2174/5 870/2175/5 871/2176/5
f 870/2175/5 869/2174/5 873/2177/5
f 865/2170/5 873/2177/5 869/2174/5
f 878/2178/172 875/2179/172 876/2180/172
f 876/2181/173 879/2182/173 880/2183/173
f 879/2184/174 881/2185/174 882/2186/174
f 882/2187/175 881/2188/175 875/2189/175
f 875/2190/7 881/2191/7 879/2192/7
f 886/2193/176 883/2194/176 884/2195/176
f 883/2196/177 887/2197/177 888/2198/177
f 887/2199/178 889/2200/178 890/2201/178
f 889/2202/179 886/2203/179 885/2204/179
f 884/2205/7 888/2206/7 890/2207/7
f 889/2208/8 887/2209/8 883/2210/8
f 818/2211/180 854/2212/181 857/2213/182
f 822/2214/183 820/2215/183 856/2216/183
f 862/2217/171 826/2218/171 819/2219/171
f 851/2220/184 891/2221/185 892/2222/186
f 893/2223/7 894/2224/7 854/2225/7
f 892/2226/8 895/2227/8 855/2228/8
f 897/2229/8 896/2230/8 856/2231/8
f 898/2232/7 891/2233/7 851/2234/7
f 900/2235/187 899/2236/187 859/2237/187
f 901/2238/187 893/2239/187 853/2240/187
f 899/2241/8 901/2242/8 861/2243/8
f 900/2244/7 860/2245/7 862/2246/7
f 906/2247/188 903/2248/188 904/2249/188
f 907/2250/189 908/2251/189 909/2252/189
f 914/2253/190 911/2254/191 912/2255/191
f 918/2256/192 915/2257/192 916/2258/192
f 919/2259/193 920/2260/193 916/2261/193
f 919/2262/194 921/2263/194 922/2264/194
f 918/2265/195 917/2266/195 922/2267/195
f 917/2268/7 916/2269/7 920/2270/7
f 926/2271/192 923/2272/192 924/2273/192
f 924/2274/196 927/2275/196 928/2276/196
f 928/2277/194 927/2278/194 929/2279/194
f 930/2280/197 929/2281/197 923/2282/197
f 929/2283/7 927/2284/7 924/2285/7
f 934/2286/198 931/2287/198 932/2288/198
f 935/2289/199 936/2290/199 932/2291/199
f 935/2292/200 937/2293/200 938/2294/200
f 934/2295/201 933/2296/201 938/2297/201
f 933/2298/7 932/2299/7 936/2300/7
f 935/2301/8 931/2302/8 934/2303/8
f 905/2304/7 939/2305/7 940/2306/7
f 941/2307/8 942/2308/8 943/2309/8
f 943/2310/202 942/2311/202 945/2312/202
f 940/2313/202 939/2314/202 941/2315/202
f 907/2316/7 910/2317/7 947/2318/7
f 914/2319/8 909/2320/8 908/2321/8
f 950/2322/8 949/2323/8 904/2324/8
f 913/2325/203 912/2326/204 946/2327/204
f 947/2328/205 949/2329/205 950/2330/205
f 854/2331/206 894/2332/207 897/2333/208
f 856/2334/206 896/2335/206 898/2336/206
f 902/2337/187 862/2338/187 855/2339/187
f 891/2340/209 951/2341/210 952/2342/211
f 953/2343/7 954/2344/7 894/2345/7
f 952/2346/8 955/2347/8 895/2348/8
f 957/2349/8 956/2350/8 896/2351/8
f 958/2352/7 951/2353/7 891/2354/7
f 960/2355/212 959/2356/212 899/2357/212
f 953/2358/212 893/2359/212 901/2360/212
f 959/2361/8 961/2362/8 901/2363/8
f 960/2364/7 900/2365/7 902/2366/7
f 964/2367/213 963/2368/213 903/2369/213
f 965/2370/214 966/2371/214 908/2372/214
f 911/2373/215 967/2374/216 968/2375/216
f 972/2376/217 969/2377/217 970/2378/217
f 969/2379/218 973/2380/218 974/2381/218
f 973/2382/219 975/2383/219 976/2384/219
f 975/2385/220 972/2386/220 971/2387/220
f 970/2388/7 974/2389/7 976/2390/7
f 980/2391/217 977/2392/221 978/2393/221
f 979/2394/222 978/2395/222 981/2396/222
f 982/2397/219 981/2398/219 983/2399/219
f 984/2400/223 983/2401/223 977/2402/223
f 977/2403/7 983/2404/7 981/2405/7
f 988/2406/224 985/2407/224 986/2408/224
f 985/2409/225 989/2410/225 990/2411/225
f 989/2412/226 991/2413/226 992/2414/226
f 991/2415/227 988/2416/227 987/2417/227
f 986/2418/7 990/2419/7 992/2420/7
f 991/2421/8 989/2422/8 985/2423/8
f 906/2424/7 940/2425/7 993/2426/7
f 944/2427/8 943/2428/8 994/2429/8
f 943/2430/213 946/2431/213 996/2432/213
f 993/2433/213 940/2434/213 944/2435/213
f 965/2436/7 907/2437/7 948/2438/7
f 911/2439/8 908/2440/8 966/2441/8
f 998/2442/8 950/2443/8 903/2444/8
f 912/2445/204 968/2446/7 996/2447/7
f 948/2448/214 950/2449/214 998/2450/214
f 894/2451/209 954/2452/228 957/2453/229
f 896/2454/230 956/2455/230 958/2456/230
f 962/2457/212 902/2458/212 895/2459/212
f 951/2460/231 999/2461/232 1000/2462/232
f 1001/2463/7 1002/2464/7 954/2465/7
f 1000/2466/8 1003/2467/8 955/2468/8
f 1005/2469/8 1004/2470/8 956/2471/8
f 1006/2472/7 999/2473/7 951/2474/7
f 1007/2475/233 959/2476/233 960/2477/233
f 1001/2478/233 953/2479/233 961/2480/233
f 1007/2481/8 1009/2482/8 961/2483/8
f 1008/2484/7 960/2485/7 962/2486/7
f 1012/2487/234 1011/2488/234 963/2489/234
f 1013/2490/235 1014/2491/235 966/2492/235
f 967/2493/236 1015/2494/237 1016/2495/237
f 1020/2496/238 1017/2497/238 1018/2498/238
f 1021/2499/239 1022/2500/239 1018/2501/239
f 1021/2502/240 1023/2503/240 1024/2504/240
f 1023/2505/241 1020/2506/241 1019/2507/241
f 1019/2508/7 1018/2509/7 1022/2510/7
f 1028/2511/238 1025/2512/238 1026/2513/238
f 1027/2514/242 1026/2515/242 1029/2516/242
f 1029/2517/240 1031/2518/240 1032/2519/240
f 1032/2520/243 1031/2521/243 1025/2522/243
f 1031/2523/7 1029/2524/7 1026/2525/7
f 1036/2526/244 1033/2527/244 1034/2528/244
f 1037/2529/245 1038/2530/245 1034/2531/245
f 1037/2532/246 1039/2533/246 1040/2534/246
f 1039/2535/247 1036/2536/247 1035/2537/247
f 1035/2538/7 1034/2539/7 1038/2540/7
f 1037/2541/8 1033/2542/8 1036/2543/8
f 964/2544/7 993/2545/7 1041/2546/7
f 995/2547/8 994/2548/8 1042/2549/8
f 1042/2550/248 994/2551/248 996/2552/248
f 1041/2553/249 993/2554/249 995/2555/249
f 1013/2556/7 965/2557/7 997/2558/7
f 967/2559/8 966/2560/8 1014/2561/8
f 1046/2562/8 998/2563/8 963/2564/8
f 968/2565/7 1016/2566/7 1044/2567/7
f 997/2568/250 998/2569/250 1046/2570/250
f 954/2571/251 1002/2572/232 1005/2573/252
f 958/2574/253 956/2575/253 1004/2576/253
f 1010/2577/233 962/2578/233 955/2579/233
f 999/2580/254 1047/2581/255 1048/2582/255
f 1049/2583/7 1050/2584/7 1002/2585/7
f 1048/2586/8 1051/2587/8 1003/2588/8
f 1053/2589/8 1052/2590/8 1004/2591/8
f 1054/2592/7 1047/2593/7 999/2594/7
f 1055/2595/256 1007/2596/256 1008/2597/256
f 1057/2598/256 1049/2599/256 1001/2600/256
f 1055/2601/8 1057/2602/8 1009/2603/8
f 1056/2604/7 1008/2605/7 1010/2606/7
f 1060/2607/257 1059/2608/257 1011/2609/257
f 1061/2610/258 1062/2611/258 1014/2612/258
f 1015/2613/258 1063/2614/259 1064/2615/259
f 1068/2616/260 1065/2617/260 1066/2618/260
f 1065/2619/261 1069/2620/261 1070/2621/261
f 1069/2622/262 1071/2623/262 1072/2624/262
f 1071/2625/263 1068/2626/263 1067/2627/263
f 1066/2628/7 1070/2629/7 1072/2630/7
f 1076/2631/264 1073/2632/260 1074/2633/260
f 1075/2634/265 1074/2635/265 1077/2636/265
f 1078/2637/262 1077/2638/262 1079/2639/262
f 1080/2640/266 1079/2641/266 1073/2642/266
f 1073/2643/7 1079/2644/7 1077/2645/7
f 1084/2646/267 1081/2647/267 1082/2648/267
f 1081/2649/268 1085/2650/268 1086/2651/268
f 1085/2652/269 1087/2653/270 1088/2654/270
f 1087/2655/271 1084/2656/271 1083/2657/271
f 1082/2658/7 1086/2659/7 1088/2660/7
f 1087/2661/8 1085/2662/8 1081/2663/8
f 1012/2664/7 1041/2665/7 1089/2666/7
f 1043/2667/8 1042/2668/8 1090/2669/8
f 1090/2670/257 1042/2671/257 1044/2672/257
f 1089/2673/257 1041/2674/257 1043/2675/257
f 1061/2676/7 1013/2677/7 1045/2678/7
f 1015/2679/8 1014/2680/8 1062/2681/8
f 1094/2682/8 1046/2683/8 1011/2684/8
f 1016/2685/7 1064/2686/7 1092/2687/7
f 1045/2688/258 1046/2689/258 1094/2690/258
f 1002/2691/272 1050/2692/273 1053/2693/274
f 1006/2694/275 1004/2695/275 1052/2696/275
f 1058/2697/256 1010/2698/256 1003/2699/256
f 1047/2700/276 1095/2701/277 1096/2702/278
f 1097/2703/7 1098/2704/7 1050/2705/7
f 1096/2706/8 1099/2707/8 1051/2708/8
f 1101/2709/8 1100/2710/8 1052/2711/8
f 1102/2712/7 1095/2713/7 1047/2714/7
f 1104/2715/279 1103/2716/279 1055/2717/279
f 1097/2718/279 1049/2719/279 1057/2720/279
f 1103/2721/8 1105/2722/8 1057/2723/8
f 1104/2724/7 1056/2725/7 1058/2726/7
f 1107/2727/280 1059/2728/280 1060/2729/280
f 1109/2730/281 1110/2731/281 1062/2732/281
f 1063/2733/282 1111/2734/283 1112/2735/283
f 1116/2736/284 1113/2737/284 1114/2738/284
f 1113/2739/285 1117/2740/285 1118/2741/285
f 1117/2742/286 1119/2743/286 1120/2744/286
f 1119/2745/287 1116/2746/287 1115/2747/287
f 1114/2748/7 1118/2749/7 1120/2750/7
f 1124/2751/284 1121/2752/284 1122/2753/284
f 1123/2754/287 1122/2755/287 1125/2756/287
f 1126/2757/286 1125/2758/286 1127/2759/286
f 1128/2760/288 1127/2761/288 1121/2762/288
f 1121/2763/7 1127/2764/7 1125/2765/7
f 1132/2766/289 1129/2767/289 1130/2768/289
f 1129/2769/288 1133/2770/288 1134/2771/288
f 1135/2772/290 1136/2773/290 1134/2774/290
f 1135/2775/287 1132/2776/287 1131/2777/287
f 1130/2778/7 1134/2779/7 1136/2780/7
f 1135/2781/8 1133/2782/8 1129/2783/8
f 1060/2784/7 1089/2785/7 1137/2786/291
f 1091/2787/8 1090/2788/8 1138/2789/8
f 1138/2790/292 1090/2791/292 1092/2792/292
f 1137/2793/292 1089/2794/292 1091/2795/292
f 1109/2796/291 1061/2797/7 1093/2798/7
f 1063/2799/8 1062/2800/8 1110/2801/8
f 1142/2802/8 1094/2803/8 1059/2804/8
f 1064/2805/7 1112/2806/7 1140/2807/7
f 1093/2808/281 1094/2809/281 1142/2810/281
f 1050/2811/293 1098/2812/294 1101/2813/295
f 1054/2814/296 1052/2815/296 1100/2816/296
f 1106/2817/297 1058/2818/297 1051/2819/297
f 1095/2820/298 316/2821/299 314/2822/299
f 217/2823/7 312/2824/7 1098/2825/7
f 314/2826/8 218/2827/8 1099/2828/8
f 219/2829/8 313/2830/8 1100/2831/8
f 220/2832/7 316/2833/7 1095/2834/7
f 221/2835/300 311/2836/300 1103/2837/300
f 222/2838/300 217/2839/300 1097/2840/301
f 311/2841/8 222/2842/8 1105/2843/8
f 221/2844/7 1104/2845/7 1106/2846/7
f 333/2847/299 223/2848/299 1107/2849/299
f 334/2850/300 331/2851/300 1110/2852/300
f 1111/2853/302 224/2854/300 329/2855/300
f 1143/2856/303 1144/2857/303 1145/2858/303
f 1143/2859/304 1147/2860/304 1148/2861/304
f 1147/2862/305 1149/2863/305 1150/2864/305
f 1149/2865/306 1146/2866/306 1145/2867/306
f 1145/2868/7 1144/2869/7 1148/2870/7
f 1154/2871/303 1151/2872/303 1152/2873/303
f 1153/2874/307 1152/2875/307 1155/2876/307
f 1156/2877/305 1155/2878/305 1157/2879/305
f 1158/2880/308 1157/2881/308 1151/2882/308
f 1157/2883/7 1155/2884/7 1152/2885/7
f 1162/2886/309 1159/2887/309 1160/2888/309
f 1159/2889/310 1163/2890/310 1164/2891/310
f 1165/2892/311 1166/2893/311 1164/2894/311
f 1165/2895/312 1162/2896/312 1161/2897/312
f 1161/2898/7 1160/2899/7 1164/2900/7
f 1163/2901/8 1159/2902/8 1162/2903/8
f 1108/2904/291 1137/2905/291 225/2906/7
f 1139/2907/8 1138/2908/8 226/2909/8
f 226/2910/299 1138/2911/299 1140/2912/299
f 225/2913/299 1137/2914/299 1139/2915/299
f 334/2916/7 1109/2917/291 1141/2918/291
f 1111/2919/8 1110/2920/8 331/2921/8
f 335/2922/8 1142/2923/8 1107/2924/8
f 1112/2925/7 329/2926/7 332/2927/7
f 1141/2928/300 1142/2929/300 335/2930/300
f 1098/2931/313 312/2932/299 219/2933/299
f 1100/2934/299 313/2935/299 220/2936/299
f 1106/2937/300 1099/2938/300 218/2939/300
f 85/515/7 202/1013/7 1167/2940/7
f 86/512/8 1168/2941/8 1169/2942/8
f 86/509/13 182/1011/13 1170/2943/13
f 202/506/13 183/1010/13 1169/2944/13
f 201/504/7 88/503/7 1171/2945/7
f 184/501/8 87/500/8 399/2946/8
f 871/2947/15 401/1156/15 402/1155/15
f 866/2948/15 869/2949/15 399/1154/15
f 181/1005/8 398/2950/8 1172/2951/8
f 1170/2952/7 182/488/7 204/1004/7
f 1171/2953/15 88/1003/15 203/484/15
f 397/1151/13 864/2954/13 863/2955/13
f 867/2956/15 1171/2953/15 1172/2957/15
f 870/2958/7 1170/2952/7 401/2959/7
f 1172/2951/8 398/2950/8 863/2960/8
f 402/2961/8 399/2946/8 869/2962/8
f 400/2963/7 1171/2945/7 867/2964/7
f 1167/2965/13 1169/2944/13 873/2966/13
f 1168/2967/13 1170/2943/13 870/2968/13
f 1169/2942/8 1168/2941/8 874/2969/8
f 397/2970/7 1167/2940/7 865/2971/7
f 1176/2972/5 1173/2973/5 1174/2974/5
f 1175/2975/15 1174/2976/15 1177/2977/15
f 1178/2978/1 1177/2979/1 1179/2980/1
f 1180/2981/13 1179/2982/13 1173/2983/13
f 1173/2984/7 1179/2985/7 1177/2986/7
f 1184/2987/314 1181/2988/314 1182/2989/314
f 1185/2990/315 1186/2991/315 1182/2992/315
f 1185/2993/316 1187/2994/316 1188/2995/316
f 1187/2996/317 1184/2997/317 1183/2998/317
f 1182/2999/7 1186/3000/7 1188/3001/7
f 85/483/13 398/1152/13 181/481/13
f 400/1153/15 87/1006/15 201/493/15
f 402/1155/15 204/1007/15 184/496/15
f 406/1157/5 404/1159/5 405/3002/5
f 407/1160/13 404/1162/13 403/3003/13
f 407/1163/1 410/1165/1 408/3004/1
f 409/1166/15 405/1168/15 410/3005/15
f 405/1169/7 408/1171/7 410/3006/7
f 414/1172/5 412/1174/5 413/3007/5
f 415/1175/13 412/1177/13 411/3008/13
f 415/1178/1 418/1180/1 416/3009/1
f 417/1181/15 413/1183/15 418/3010/15
f 413/1184/7 416/1186/7 418/3011/7
f 422/1187/5 420/1189/5 421/3012/5
f 419/1190/13 424/1192/13 420/3013/13
f 423/1193/1 426/1195/1 424/3014/1
f 425/1196/15 421/1198/15 426/3015/15
f 421/1199/7 424/1201/7 426/3016/7
f 430/1202/5 428/1204/5 429/3017/5
f 431/1205/13 428/1207/13 427/3018/13
f 431/1208/1 434/1210/1 432/3019/1
f 433/1211/15 429/1213/15 434/3020/15
f 429/1214/7 432/1216/7 434/3021/7
f 438/1217/5 436/1219/5 437/3022/5
f 439/1220/13 436/1222/13 435/3023/13
f 439/1223/1 442/1225/1 440/3024/1
f 441/1226/15 437/1228/15 442/3025/15
f 436/1229/7 442/1231/7 437/3026/7
f 446/1232/5 444/1234/5 445/3027/5
f 443/1235/13 448/1237/13 444/3028/13
f 447/1238/1 450/1240/1 448/3029/1
f 446/1241/15 450/1243/15 449/3030/15
f 445/1244/7 448/1246/7 450/3031/7
f 454/1247/5 452/1249/5 453/3032/5
f 455/1250/13 452/1252/13 451/3033/13
f 455/1253/1 458/1255/1 456/3034/1
f 454/1256/15 458/1258/15 457/3035/15
f 453/1259/7 456/1261/7 458/3036/7
f 433/1262/8 427/1264/8 430/3037/8
f 439/1265/8 438/1267/8 441/3038/8
f 449/1268/8 443/1270/8 446/3039/8
f 457/1271/8 451/1273/8 454/3040/8
f 462/1274/5 460/1276/5 461/3041/5
f 463/1277/13 460/1279/13 459/3042/13
f 463/1280/1 466/1282/1 464/3043/1
f 465/1283/15 461/1285/15 466/3044/15
f 460/1286/7 466/1288/7 461/3045/7
f 470/1289/5 468/1291/5 469/3046/5
f 467/1292/13 472/1294/13 468/3047/13
f 471/1295/1 474/1297/1 472/3048/1
f 473/1298/15 469/1300/15 474/3049/15
f 469/1301/7 472/1303/7 474/3050/7
f 478/1304/5 476/1306/5 477/3051/5
f 475/1307/13 480/1309/13 476/3052/13
f 479/1310/1 482/1312/1 480/3053/1
f 481/1313/15 477/1315/15 482/3054/15
f 477/1316/7 480/1318/7 482/3055/7
f 486/1319/5 484/1321/5 485/3056/5
f 485/1322/15 487/1324/15 488/3057/15
f 488/1325/1 489/1327/1 490/3058/1
f 490/1328/13 483/1330/13 486/3059/13
f 483/1331/7 487/1333/7 484/3060/7
f 494/1334/5 492/1336/5 493/3061/5
f 491/1337/13 496/1339/13 492/3062/13
f 495/1340/1 498/1342/1 496/3063/1
f 497/1343/15 493/1345/15 498/3064/15
f 493/1346/7 496/1348/7 498/3065/7
f 502/1349/5 500/1351/5 501/3066/5
f 499/1352/13 504/1354/13 500/3067/13
f 503/1355/1 506/1357/1 504/3068/1
f 505/1358/15 501/1360/15 506/3069/15
f 501/1361/7 504/1363/7 506/3070/7
f 510/1364/5 508/1366/5 509/3071/5
f 511/1367/13 508/1369/13 507/3072/13
f 511/1370/1 514/1372/1 512/3073/1
f 513/1373/15 509/1375/15 514/3074/15
f 508/1376/7 514/1378/7 509/3075/7
f 518/1379/5 516/1381/5 517/3076/5
f 519/1382/13 516/1384/13 515/3077/13
f 519/1385/1 522/1387/1 520/3078/1
f 521/1388/15 517/1390/15 522/3079/15
f 516/1391/7 522/1393/7 517/3080/7
f 526/1394/5 524/1396/5 525/3081/5
f 527/1397/13 524/1399/13 523/3082/13
f 527/1400/1 530/1402/1 528/3083/1
f 529/1403/15 525/1405/15 530/3084/15
f 525/1406/7 528/1408/7 530/3085/7
f 505/1409/8 499/1411/8 502/3086/8
f 511/1412/8 510/1414/8 513/3087/8
f 521/1415/8 515/1417/8 518/3088/8
f 529/1418/8 523/1420/8 526/3089/8
f 534/1421/5 532/1423/5 533/3090/5
f 535/1424/13 532/1426/13 531/3091/13
f 535/1427/1 538/1429/1 536/3092/1
f 537/1430/15 533/1432/15 538/3093/15
f 532/1433/7 538/1435/7 533/3094/7
f 542/1436/5 540/1438/5 541/3095/5
f 540/1439/15 544/1441/15 541/3096/15
f 544/1442/1 545/1444/1 546/3097/1
f 546/1445/13 539/1447/13 542/3098/13
f 545/1448/7 540/1450/7 539/3099/7
f 550/1451/5 548/1453/5 549/3100/5
f 551/1454/13 548/1456/13 547/3101/13
f 551/1457/1 554/1459/1 552/3102/1
f 553/1460/15 549/1462/15 554/3103/15
f 549/1463/7 552/1465/7 554/3104/7
f 558/1466/5 556/1468/5 557/3105/5
f 556/1469/15 560/1471/15 557/3106/15
f 560/1472/1 561/1474/1 562/3107/1
f 562/1475/13 555/1477/13 558/3108/13
f 555/1478/7 559/1480/7 556/3109/7
f 566/1481/5 564/1483/5 565/3110/5
f 567/1484/13 564/1486/13 563/3111/13
f 567/1487/1 570/1489/1 568/3112/1
f 569/1490/15 565/1492/15 570/3113/15
f 565/1493/7 568/1495/7 570/3114/7
f 574/1496/5 572/1498/5 573/3115/5
f 572/1499/15 576/1501/15 573/3116/15
f 576/1502/1 577/1504/1 578/3117/1
f 577/1505/13 574/1507/13 578/3118/13
f 571/1508/7 575/1510/7 572/3119/7
f 582/1511/5 580/1513/5 581/3120/5
f 583/1514/13 580/1516/13 579/3121/13
f 583/1517/1 586/1519/1 584/3122/1
f 585/1520/15 581/1522/15 586/3123/15
f 581/1523/7 584/1525/7 586/3124/7
f 590/1526/5 588/1528/5 589/3125/5
f 589/1529/15 591/1531/15 592/3126/15
f 592/1532/1 593/1534/1 594/3127/1
f 594/1535/13 587/1537/13 590/3128/13
f 587/1538/7 591/1540/7 588/3129/7
f 598/1541/5 596/1543/5 597/3130/5
f 599/1544/13 596/1546/13 595/3131/13
f 599/1547/1 602/1549/1 600/3132/1
f 601/1550/15 597/1552/15 602/3133/15
f 597/1553/7 600/1555/7 602/3134/7
f 606/1556/5 604/1558/5 605/3135/5
f 607/1559/13 604/1561/13 603/3136/13
f 607/1562/1 610/1564/1 608/3137/1
f 609/1565/15 605/1567/15 610/3138/15
f 605/1568/7 608/1570/7 610/3139/7
f 614/1571/5 612/1573/5 613/3140/5
f 615/1574/13 612/1576/13 611/3141/13
f 615/1577/1 618/1579/1 616/3142/1
f 617/1580/15 613/1582/15 618/3143/15
f 612/1583/7 618/1585/7 613/3144/7
f 622/1586/5 620/1588/5 621/3145/5
f 623/1589/13 620/1591/13 619/3146/13
f 623/1592/1 626/1594/1 624/3147/1
f 625/1595/15 621/1597/15 626/3148/15
f 620/1598/7 626/1600/7 621/3149/7
f 601/1601/8 595/1603/8 598/3150/8
f 607/1604/8 606/1606/8 609/3151/8
f 615/1607/8 614/1609/8 617/3152/8
f 625/1610/8 619/1612/8 622/3153/8
f 206/675/32 628/1614/34 205/676/32
f 629/1615/7 207/679/7 208/678/7
f 631/1617/8 205/680/8 628/3154/8
f 632/1618/8 211/691/8 633/3155/8
f 634/1619/7 206/692/7 212/694/7
f 635/1621/35 214/695/35 636/3156/35
f 637/1622/36 208/698/38 215/700/318
f 637/1624/8 213/703/8 635/3157/8
f 638/1625/7 214/704/7 216/706/7
f 642/1627/39 640/1629/39 641/3158/39
f 639/1630/40 644/1632/40 640/3159/40
f 643/1633/41 646/1635/41 644/3160/41
f 645/1636/42 641/1638/42 646/3161/42
f 640/1639/7 646/1641/7 641/3162/7
f 650/1642/39 648/1644/39 649/3163/39
f 648/1645/43 652/1647/43 649/3164/43
f 652/1648/41 653/1650/41 654/3165/41
f 654/1651/44 647/1653/44 650/3166/44
f 647/1654/7 651/1656/7 648/3167/7
f 207/687/32 633/1658/46 211/688/32
f 212/685/32 632/1659/32 634/3168/32
f 638/1660/35 209/671/35 631/3169/35
f 627/1661/47 656/1663/49 628/3170/319
f 657/1664/7 630/1666/7 629/3171/7
f 656/1667/8 631/1669/8 628/3172/8
f 661/1670/8 632/1672/8 633/3173/8
f 662/1673/7 627/1675/7 634/3174/7
f 664/1676/50 635/1678/50 636/3175/50
f 665/1679/51 629/1681/53 637/3176/320
f 663/1682/8 637/1684/8 635/3177/8
f 664/1685/7 638/1687/7 666/3178/7
f 630/1688/54 661/1690/56 633/3179/321
f 634/1691/57 660/1693/57 662/3180/57
f 666/1694/52 631/1696/52 659/3181/52
f 655/1697/58 668/1699/60 656/3182/322
f 669/1700/7 658/1702/7 657/3183/7
f 668/1703/8 659/1705/8 656/3184/8
f 673/1706/8 660/1708/8 661/3185/8
f 674/1709/7 655/1711/7 662/3186/7
f 676/1712/61 663/1714/61 664/3187/61
f 677/1715/61 657/1717/61 665/3188/61
f 675/1718/8 665/1720/8 663/3189/8
f 676/1721/7 666/1723/7 678/3190/7
f 682/1724/62 680/1726/62 681/3191/62
f 681/1727/63 683/1729/63 684/3192/63
f 684/1730/64 685/1732/64 686/3193/64
f 686/1733/65 679/1735/65 682/3194/65
f 685/1736/7 680/1738/7 679/3195/7
f 690/1739/66 688/1741/66 689/3196/66
f 691/1742/67 688/1744/67 687/3197/67
f 691/1745/68 694/1747/68 692/3198/68
f 693/1748/69 689/1750/69 694/3199/69
f 688/1751/7 694/1753/7 689/3200/7
f 693/1754/8 687/1756/8 690/3201/8
f 658/1757/70 673/1759/72 661/3202/323
f 662/1760/73 672/1762/73 674/3203/73
f 678/1763/74 659/1765/74 671/3204/74
f 667/1766/75 696/1768/77 668/3205/324
f 697/1769/7 670/1771/7 669/3206/7
f 696/1772/8 671/1774/8 668/3207/8
f 701/1775/8 672/1777/8 673/3208/8
f 702/1778/7 667/1780/7 674/3209/7
f 704/1781/78 675/1783/78 676/3210/78
f 697/1784/78 677/1786/78 705/3211/78
f 703/1787/8 677/1789/8 675/3212/8
f 704/1790/7 678/1792/7 706/3213/7
f 710/1793/79 708/1795/79 709/3214/79
f 709/1796/80 711/1798/80 712/3215/80
f 712/1799/81 713/1801/81 714/3216/81
f 714/1802/82 707/1804/82 710/3217/82
f 713/1805/7 708/1807/7 707/3218/7
f 718/1808/83 716/1810/83 717/3219/83
f 719/1811/84 716/1813/84 715/3220/84
f 719/1814/85 722/1816/85 720/3221/85
f 718/1817/86 722/1819/86 721/3222/86
f 716/1820/7 722/1822/7 717/3223/7
f 721/1823/8 715/1825/8 718/3224/8
f 670/1826/87 701/1828/89 673/3225/325
f 674/1829/90 700/1831/91 702/3226/91
f 706/1832/92 671/1834/92 699/3227/92
f 695/1835/93 724/1837/95 696/3228/326
f 725/1838/7 698/1840/7 697/3229/7
f 724/1841/8 699/1843/8 696/3230/8
f 729/1844/8 700/1846/8 701/3231/8
f 730/1847/7 695/1849/7 702/3232/7
f 732/1850/96 703/1852/96 704/3233/96
f 733/1853/96 697/1855/96 705/3234/96
f 731/1856/8 705/1858/8 703/3235/8
f 732/1859/7 706/1861/7 734/3236/7
f 735/1862/97 737/1864/97 738/3237/97
f 736/1865/98 740/1867/98 737/3238/98
f 740/1868/99 741/1870/99 742/3239/99
f 742/1871/100 735/1873/101 738/3240/100
f 735/1874/7 739/1876/7 736/3241/7
f 746/1877/102 744/1879/102 745/3242/102
f 743/1880/103 748/1882/103 744/3243/103
f 747/1883/104 750/1885/104 748/3244/104
f 749/1886/105 745/1888/105 750/3245/105
f 745/1889/7 748/1891/7 750/3246/7
f 747/1892/8 746/1894/8 749/3247/8
f 698/1895/106 729/1897/108 701/3248/327
f 700/1898/109 730/1900/109 702/3249/109
f 734/1901/96 699/1903/96 727/3250/96
f 723/1904/110 752/1906/112 724/3251/328
f 753/1907/7 726/1909/7 725/3252/7
f 752/1910/8 727/1912/8 724/3253/8
f 757/1913/8 728/1915/8 729/3254/8
f 758/1916/7 723/1918/7 730/3255/7
f 760/1919/113 731/1921/113 732/3256/113
f 761/1922/114 725/1924/114 733/3257/114
f 759/1925/8 733/1927/8 731/3258/8
f 760/1928/7 734/1930/7 762/3259/7
f 766/1931/115 764/1933/115 765/3260/115
f 765/1934/116 767/1936/116 768/3261/116
f 768/1937/117 769/1939/117 770/3262/117
f 770/1940/118 763/1942/118 766/3263/118
f 763/1943/7 767/1945/7 764/3264/7
f 774/1946/119 772/1948/119 773/3265/119
f 771/1949/120 776/1951/120 772/3266/120
f 775/1952/121 778/1954/121 776/3267/121
f 777/1955/122 773/1957/122 778/3268/122
f 773/1958/7 776/1960/7 778/3269/7
f 775/1961/8 774/1963/8 777/3270/8
f 726/1964/123 757/1966/125 729/3271/329
f 728/1967/126 758/1969/126 730/3272/126
f 762/1970/114 727/1972/114 755/3273/114
f 751/1973/127 780/1975/129 752/3274/330
f 781/1976/7 754/1978/7 753/3275/7
f 780/1979/8 755/1981/8 752/3276/8
f 785/1982/8 756/1984/8 757/3277/8
f 786/1985/7 751/1987/7 758/3278/7
f 788/1988/130 759/1990/130 760/3279/130
f 789/1991/130 753/1993/130 761/3280/130
f 787/1994/8 761/1996/8 759/3281/8
f 788/1997/7 762/1999/7 790/3282/7
f 791/2000/131 793/2002/131 794/3283/131
f 791/2003/132 796/2005/132 792/3284/132
f 795/2006/133 798/2008/134 796/3285/134
f 797/2009/135 793/2011/135 798/3286/135
f 793/2012/7 796/2014/7 798/3287/7
f 802/2015/136 800/2017/136 801/3288/136
f 801/2018/137 803/2020/137 804/3289/137
f 804/2021/133 805/2023/133 806/3290/133
f 806/2024/138 799/2026/138 802/3291/138
f 805/2027/7 800/2029/7 799/3292/7
f 810/2030/139 808/2032/139 809/3293/139
f 811/2033/140 808/2035/140 807/3294/140
f 811/2036/141 814/2038/141 812/3295/141
f 813/2039/142 809/2041/142 814/3296/142
f 808/2042/7 814/2044/7 809/3297/7
f 813/2045/8 807/2047/8 810/3298/8
f 754/2048/127 785/2050/144 757/3299/127
f 758/2051/135 784/2053/135 786/3300/135
f 790/2054/130 755/2056/130 783/3301/130
f 779/2057/145 816/2059/147 780/3302/331
f 817/2060/7 782/2062/7 781/3303/7
f 816/2063/8 783/2065/8 780/3304/8
f 821/2066/8 784/2068/8 785/3305/8
f 822/2069/7 779/2071/7 786/3306/7
f 824/2072/148 787/2074/148 788/3307/148
f 825/2075/148 781/2077/148 789/3308/148
f 823/2078/8 789/2080/8 787/3309/8
f 824/2081/7 790/2083/7 826/3310/7
f 830/2084/149 828/2086/150 829/3311/150
f 831/2087/151 828/2089/151 827/3312/151
f 831/2090/152 834/2092/152 832/3313/152
f 833/2093/153 829/2095/153 834/3314/153
f 829/2096/7 832/2098/7 834/3315/7
f 838/2099/150 836/2101/150 837/3316/149
f 837/2102/154 839/2104/154 840/3317/154
f 840/2105/152 841/2107/152 842/3318/152
f 842/2108/155 835/2110/157 838/3319/155
f 841/2111/7 836/2113/7 835/3320/7
f 846/2114/158 844/2116/158 845/3321/158
f 847/2117/159 844/2119/159 843/3322/159
f 847/2120/160 850/2122/160 848/3323/160
f 849/2123/161 845/2125/161 850/3324/161
f 844/2126/7 850/2128/7 845/3325/7
f 849/2129/8 843/2131/8 846/3326/8
f 782/2132/162 821/2134/164 785/3327/332
f 784/2135/165 822/2137/165 786/3328/165
f 826/2138/166 783/2140/166 819/3329/166
f 815/2141/167 852/2143/169 816/3330/333
f 853/2144/7 818/2146/7 817/3331/7
f 852/2147/8 819/2149/8 816/3332/8
f 857/2150/8 820/2152/8 821/3333/8
f 858/2153/7 815/2155/7 822/3334/7
f 860/2156/170 823/2158/170 824/3335/170
f 861/2159/171 817/2161/171 825/3336/171
f 859/2162/8 825/2164/8 823/3337/8
f 860/2165/7 826/2167/7 862/3338/7
f 863/2168/5 865/2170/5 866/2171/5
f 866/2171/5 868/2173/5 863/2168/5
f 869/2174/5 871/2176/5 872/3339/5
f 870/2175/5 873/2177/5 874/3340/5
f 865/2170/5 869/2174/5 866/2171/5
f 878/2178/172 876/2180/172 877/3341/172
f 876/2181/173 880/2183/173 877/3342/173
f 879/2184/174 882/2186/174 880/3343/174
f 882/2187/175 875/2189/175 878/3344/175
f 875/2190/7 879/2192/7 876/3345/7
f 886/2193/176 884/2195/176 885/3346/176
f 883/2196/177 888/2198/177 884/3347/177
f 887/2199/178 890/2201/178 888/3348/178
f 889/2202/179 885/2204/179 890/3349/179
f 884/2205/7 890/2207/7 885/3350/7
f 889/2208/8 883/2210/8 886/3351/8
f 818/2211/180 857/2213/182 821/3352/334
f 822/2214/183 856/2216/183 858/3353/183
f 862/2217/171 819/2219/171 855/3354/171
f 851/2220/184 892/2222/186 852/3355/335
f 893/2223/7 854/2225/7 853/3356/7
f 892/2226/8 855/2228/8 852/3357/8
f 897/2229/8 856/2231/8 857/3358/8
f 898/2232/7 851/2234/7 858/3359/7
f 900/2235/187 859/2237/187 860/3360/187
f 901/2238/187 853/2240/187 861/3361/187
f 899/2241/8 861/2243/8 859/3362/8
f 900/2244/7 862/2246/7 902/3363/7
f 906/2247/188 904/2249/188 905/3364/188
f 907/2250/189 909/2252/189 910/3365/189
f 914/2253/190 912/2255/191 913/3366/190
f 918/2256/192 916/2258/192 917/3367/192
f 919/2259/193 916/2261/193 915/3368/193
f 919/2262/194 922/2264/194 920/3369/194
f 918/2265/195 922/2267/195 921/3370/195
f 917/2268/7 920/2270/7 922/3371/7
f 926/2271/192 924/2273/192 925/3372/192
f 924/2274/196 928/2276/196 925/3373/196
f 928/2277/194 929/2279/194 930/3374/194
f 930/2280/197 923/2282/197 926/3375/197
f 929/2283/7 924/2285/7 923/3376/7
f 934/2286/198 932/2288/198 933/3377/198
f 935/2289/199 932/2291/199 931/3378/199
f 935/2292/200 938/2294/200 936/3379/200
f 934/2295/201 938/2297/201 937/3380/201
f 933/2298/7 936/2300/7 938/3381/7
f 935/2301/8 934/2303/8 937/3382/8
f 905/2304/7 940/2306/7 906/3383/7
f 941/2307/8 943/2309/8 944/3384/8
f 943/2310/202 945/2312/202 946/3385/202
f 940/2313/202 941/2315/202 944/3386/202
f 907/2316/7 947/2318/7 948/3387/7
f 914/2319/8 908/2321/8 911/3388/8
f 950/2322/8 904/2324/8 903/3389/8
f 913/2325/203 946/2327/204 945/3390/203
f 947/2328/205 950/2330/205 948/3391/205
f 854/2331/206 897/2333/208 857/3392/336
f 856/2334/206 898/2336/206 858/3393/206
f 902/2337/187 855/2339/187 895/3394/187
f 891/2340/209 952/2342/211 892/3395/337
f 953/2343/7 894/2345/7 893/3396/7
f 952/2346/8 895/2348/8 892/3397/8
f 957/2349/8 896/2351/8 897/3398/8
f 958/2352/7 891/2354/7 898/3399/7
f 960/2355/212 899/2357/212 900/3400/212
f 953/2358/212 901/2360/212 961/3401/212
f 959/2361/8 901/2363/8 899/3402/8
f 960/2364/7 902/2366/7 962/3403/7
f 964/2367/213 903/2369/213 906/3404/213
f 965/2370/214 908/2372/214 907/3405/214
f 911/2373/215 968/2375/216 912/3406/215
f 972/2376/217 970/2378/217 971/3407/217
f 969/2379/218 974/2381/218 970/3408/218
f 973/2382/219 976/2384/219 974/3409/219
f 975/2385/220 971/2387/220 976/3410/220
f 970/2388/7 976/2390/7 971/3411/7
f 980/2391/217 978/2393/221 979/3412/217
f 979/2394/222 981/2396/222 982/3413/222
f 982/2397/219 983/2399/219 984/3414/219
f 984/2400/223 977/2402/223 980/3415/223
f 977/2403/7 981/2405/7 978/3416/7
f 988/2406/224 986/2408/224 987/3417/224
f 985/2409/225 990/2411/225 986/3418/225
f 989/2412/226 992/2414/226 990/3419/226
f 991/2415/227 987/2417/227 992/3420/227
f 986/2418/7 992/2420/7 987/3421/7
f 991/2421/8 985/2423/8 988/3422/8
f 906/2424/7 993/2426/7 964/3423/7
f 944/2427/8 994/2429/8 995/3424/8
f 943/2430/213 996/2432/213 994/3425/213
f 993/2433/213 944/2435/213 995/3426/213
f 965/2436/7 948/2438/7 997/3427/7
f 911/2439/8 966/2441/8 967/3428/8
f 998/2442/8 903/2444/8 963/3429/8
f 912/2445/204 996/2447/7 946/3430/204
f 948/2448/214 998/2450/214 997/3431/214
f 894/2451/209 957/2453/229 897/3432/338
f 896/2454/230 958/2456/230 898/3433/230
f 962/2457/212 895/2459/212 955/3434/212
f 951/2460/231 1000/2462/232 952/3435/339
f 1001/2463/7 954/2465/7 953/3436/7
f 1000/2466/8 955/2468/8 952/3437/8
f 1005/2469/8 956/2471/8 957/3438/8
f 1006/2472/7 951/2474/7 958/3439/7
f 1007/2475/233 960/2477/233 1008/3440/233
f 1001/2478/233 961/2480/233 1009/3441/233
f 1007/2481/8 961/2483/8 959/3442/8
f 1008/2484/7 962/2486/7 1010/3443/7
f 1012/2487/234 963/2489/234 964/3444/234
f 1013/2490/235 966/2492/235 965/3445/235
f 967/2493/236 1016/2495/237 968/3446/236
f 1020/2496/238 1018/2498/238 1019/3447/238
f 1021/2499/239 1018/2501/239 1017/3448/239
f 1021/2502/240 1024/2504/240 1022/3449/240
f 1023/2505/241 1019/2507/241 1024/3450/241
f 1019/2508/7 1022/2510/7 1024/3451/7
f 1028/2511/238 1026/2513/238 1027/3452/238
f 1027/2514/242 1029/2516/242 1030/3453/242
f 1029/2517/240 1032/2519/240 1030/3454/240
f 1032/2520/243 1025/2522/243 1028/3455/243
f 1031/2523/7 1026/2525/7 1025/3456/7
f 1036/2526/244 1034/2528/244 1035/3457/244
f 1037/2529/245 1034/2531/245 1033/3458/245
f 1037/2532/246 1040/2534/246 1038/3459/246
f 1039/2535/247 1035/2537/247 1040/3460/247
f 1035/2538/7 1038/2540/7 1040/3461/7
f 1037/2541/8 1036/2543/8 1039/3462/8
f 964/2544/7 1041/2546/7 1012/3463/7
f 995/2547/8 1042/2549/8 1043/3464/8
f 1042/2550/248 996/2552/248 1044/3465/248
f 1041/2553/249 995/2555/249 1043/3466/249
f 1013/2556/7 997/2558/7 1045/3467/7
f 967/2559/8 1014/2561/8 1015/3468/8
f 1046/2562/8 963/2564/8 1011/3469/8
f 968/2565/7 1044/2567/7 996/3470/7
f 997/2568/250 1046/2570/250 1045/3471/250
f 954/2571/251 1005/2573/252 957/3472/253
f 958/2574/253 1004/2576/253 1006/3473/253
f 1010/2577/233 955/2579/233 1003/3474/233
f 999/2580/254 1048/2582/255 1000/3475/340
f 1049/2583/7 1002/2585/7 1001/3476/7
f 1048/2586/8 1003/2588/8 1000/3477/8
f 1053/2589/8 1004/2591/8 1005/3478/8
f 1054/2592/7 999/2594/7 1006/3479/7
f 1055/2595/256 1008/2597/256 1056/3480/256
f 1057/2598/256 1001/2600/256 1009/3481/256
f 1055/2601/8 1009/2603/8 1007/3482/8
f 1056/2604/7 1010/2606/7 1058/3483/7
f 1060/2607/257 1011/2609/257 1012/3484/257
f 1061/2610/258 1014/2612/258 1013/3485/258
f 1015/2613/258 1064/2615/259 1016/3486/258
f 1068/2616/260 1066/2618/260 1067/3487/260
f 1065/2619/261 1070/2621/261 1066/3488/261
f 1069/2622/262 1072/2624/262 1070/3489/262
f 1071/2625/263 1067/2627/263 1072/3490/263
f 1066/2628/7 1072/2630/7 1067/3491/7
f 1076/2631/264 1074/2633/260 1075/3492/264
f 1075/2634/265 1077/2636/265 1078/3493/265
f 1078/2637/262 1079/2639/262 1080/3494/262
f 1080/2640/266 1073/2642/266 1076/3495/266
f 1073/2643/7 1077/2645/7 1074/3496/7
f 1084/2646/267 1082/2648/267 1083/3497/267
f 1081/2649/268 1086/2651/268 1082/3498/268
f 1085/2652/269 1088/2654/270 1086/3499/269
f 1087/2655/271 1083/2657/271 1088/3500/271
f 1082/2658/7 1088/2660/7 1083/3501/7
f 1087/2661/8 1081/2663/8 1084/3502/8
f 1012/2664/7 1089/2666/7 1060/3503/7
f 1043/2667/8 1090/2669/8 1091/3504/8
f 1090/2670/257 1044/2672/257 1092/3505/257
f 1089/2673/257 1043/2675/257 1091/3506/257
f 1061/2676/7 1045/2678/7 1093/3507/7
f 1015/2679/8 1062/2681/8 1063/3508/8
f 1094/2682/8 1011/2684/8 1059/3509/8
f 1016/2685/7 1092/2687/7 1044/3510/7
f 1045/2688/258 1094/2690/258 1093/3511/258
f 1002/2691/272 1053/2693/274 1005/3512/341
f 1006/2694/275 1052/2696/275 1054/3513/275
f 1058/2697/256 1003/2699/256 1051/3514/256
f 1047/2700/276 1096/2702/278 1048/3515/342
f 1097/2703/7 1050/2705/7 1049/3516/7
f 1096/2706/8 1051/2708/8 1048/3517/8
f 1101/2709/8 1052/2711/8 1053/3518/8
f 1102/2712/7 1047/2714/7 1054/3519/7
f 1104/2715/279 1055/2717/279 1056/3520/279
f 1097/2718/279 1057/2720/279 1105/3521/279
f 1103/2721/8 1057/2723/8 1055/3522/8
f 1104/2724/7 1058/2726/7 1106/3523/7
f 1107/2727/280 1060/2729/280 1108/3524/280
f 1109/2730/281 1062/2732/281 1061/3525/281
f 1063/2733/282 1112/2735/283 1064/3526/282
f 1116/2736/284 1114/2738/284 1115/3527/284
f 1113/2739/285 1118/2741/285 1114/3528/285
f 1117/2742/286 1120/2744/286 1118/3529/286
f 1119/2745/287 1115/2747/287 1120/3530/287
f 1114/2748/7 1120/2750/7 1115/3531/7
f 1124/2751/284 1122/2753/284 1123/3532/284
f 1123/2754/287 1125/2756/287 1126/3533/287
f 1126/2757/286 1127/2759/286 1128/3534/286
f 1128/2760/288 1121/2762/288 1124/3535/288
f 1121/2763/7 1125/2765/7 1122/3536/7
f 1132/2766/289 1130/2768/289 1131/3537/289
f 1129/2769/288 1134/2771/288 1130/3538/288
f 1135/2772/290 1134/2774/290 1133/3539/290
f 1135/2775/287 1131/2777/287 1136/3540/287
f 1130/2778/7 1136/2780/7 1131/3541/7
f 1135/2781/8 1129/2783/8 1132/3542/8
f 1060/2784/7 1137/2786/291 1108/3543/291
f 1091/2787/8 1138/2789/8 1139/3544/8
f 1138/2790/292 1092/2792/292 1140/3545/292
f 1137/2793/292 1091/2795/292 1139/3546/292
f 1109/2796/291 1093/2798/7 1141/3547/291
f 1063/2799/8 1110/2801/8 1111/3548/8
f 1142/2802/8 1059/2804/8 1107/3549/8
f 1064/2805/7 1140/2807/7 1092/3550/7
f 1093/2808/281 1142/2810/281 1141/3551/281
f 1050/2811/293 1101/2813/295 1053/3552/343
f 1054/2814/296 1100/2816/296 1102/3553/296
f 1106/2817/297 1051/2819/297 1099/3554/297
f 1095/2820/298 314/2822/299 1096/3555/298
f 217/2823/7 1098/2825/7 1097/3556/7
f 314/2826/8 1099/2828/8 1096/3557/8
f 219/2829/8 1100/2831/8 1101/3558/8
f 220/2832/7 1095/2834/7 1102/3559/7
f 221/2835/300 1103/2837/300 1104/3560/300
f 222/2838/300 1097/2840/301 1105/3561/301
f 311/2841/8 1105/2843/8 1103/3562/8
f 221/2844/7 1106/2846/7 315/3563/7
f 333/2847/299 1107/2849/299 1108/3564/299
f 334/2850/300 1110/2852/300 1109/3565/300
f 1111/2853/302 329/2855/300 1112/3566/302
f 1143/2856/303 1145/2858/303 1146/3567/303
f 1143/2859/304 1148/2861/304 1144/3568/304
f 1147/2862/305 1150/2864/305 1148/3569/305
f 1149/2865/306 1145/2867/306 1150/3570/306
f 1145/2868/7 1148/2870/7 1150/3571/7
f 1154/2871/303 1152/2873/303 1153/3572/303
f 1153/2874/307 1155/2876/307 1156/3573/307
f 1156/2877/305 1157/2879/305 1158/3574/305
f 1158/2880/308 1151/2882/308 1154/3575/308
f 1157/2883/7 1152/2885/7 1151/3576/7
f 1162/2886/309 1160/2888/309 1161/3577/309
f 1159/2889/310 1164/2891/310 1160/3578/310
f 1165/2892/311 1164/2894/311 1163/3579/311
f 1165/2895/312 1161/2897/312 1166/3580/312
f 1161/2898/7 1164/2900/7 1166/3581/7
f 1163/2901/8 1162/2903/8 1165/3582/8
f 1108/2904/291 225/2906/7 333/3583/7
f 1139/2907/8 226/2909/8 330/3584/8
f 226/2910/299 1140/2912/299 332/3585/299
f 225/2913/299 1139/2915/299 330/3586/299
f 334/2916/7 1141/2918/291 336/3587/7
f 1111/2919/8 331/2921/8 224/3588/8
f 335/2922/8 1107/2924/8 223/3589/8
f 1112/2925/7 332/2927/7 1140/3590/7
f 1141/2928/300 335/2930/300 336/3591/300
f 1098/2931/313 219/2933/299 1101/3592/313
f 1100/2934/299 220/2936/299 1102/3593/299
f 1106/2937/300 218/2939/300 315/3594/300
f 85/515/7 1167/2940/7 397/2970/7
f 86/512/8 1169/2942/8 183/513/8
f 86/509/13 1170/2943/13 1168/2967/13
f 202/506/13 1169/2944/13 1167/2965/13
f 201/504/7 1171/2945/7 400/2963/7
f 184/501/8 399/2946/8 402/2961/8
f 871/2947/15 402/1155/15 872/3595/15
f 866/2948/15 399/1154/15 400/1153/15
f 181/1005/8 1172/2951/8 203/491/8
f 1170/2952/7 204/1004/7 401/2959/7
f 1171/2953/15 203/484/15 1172/2957/15
f 397/1151/13 863/2955/13 398/1152/13
f 867/2956/15 1172/2957/15 868/3596/15
f 870/2958/7 401/2959/7 871/3597/7
f 1172/2951/8 863/2960/8 868/3598/8
f 402/2961/8 869/2962/8 872/3599/8
f 400/2963/7 867/2964/7 866/3600/7
f 1167/2965/13 873/2966/13 865/3601/13
f 1168/2967/13 870/2968/13 874/3602/13
f 1169/2942/8 874/2969/8 873/3603/8
f 397/2970/7 865/2971/7 864/3604/7
f 1176/2972/5 1174/2974/5 1175/3605/5
f 1175/2975/15 1177/2977/15 1178/3606/15
f 1178/2978/1 1179/2980/1 1180/3607/1
f 1180/2981/13 1173/2983/13 1176/3608/13
f 1173/2984/7 1177/2986/7 1174/3609/7
f 1184/2987/314 1182/2989/314 1183/3610/314
f 1185/2990/315 1182/2992/315 1181/3611/315
f 1185/2993/316 1188/2995/316 1186/3612/316
f 1187/2996/317 1183/2998/317 1188/3613/317
f 1182/2999/7 1188/3001/7 1183/3614/7
usemtl Default_OBJ.001
s off
f 1190/3615/344 1192/3616/344 1189/3617/344
f 1193/3618/345 1195/3619/345 1196/3620/345
f 1198/3621/346 1200/3622/346 1197/3623/347
f 1191/3624/7 1202/3625/7 1192/3626/7
f 1204/3627/8 1206/3628/8 1203/3629/8
f 1204/3630/348 1208/3631/349 1205/3632/350
f 1203/3633/351 1202/3634/351 1201/3635/351
f 1196/3636/7 1210/3637/7 1193/3638/7
f 1195/3639/8 1197/3640/8 1200/3641/8
f 1190/3642/8 1212/3643/8 1211/3644/8
f 1198/3645/7 1207/3646/7 1199/3647/7
f 1212/3648/352 1209/3649/352 1211/3650/352
f 1189/3651/353 1214/3652/353 1213/3653/353
f 1216/3654/354 1193/3655/355 1215/3656/356
f 1218/3657/357 1197/3658/357 1217/3659/357
f 1192/3660/7 1219/3661/7 1214/3662/7
f 1205/3663/8 1221/3664/8 1206/3665/8
f 1208/3666/358 1220/3667/358 1205/3668/358
f 1202/3669/359 1221/3670/359 1219/3671/359
f 1193/3672/7 1223/3673/7 1215/3674/7
f 1194/3675/8 1217/3676/8 1197/3677/8
f 1189/3678/8 1224/3679/8 1212/3680/8
f 1218/3681/7 1208/3682/7 1198/3683/7
f 1224/3684/360 1210/3685/360 1212/3686/360
f 1213/3687/361 1226/3688/361 1225/3689/361
f 1228/3690/362 1215/3691/362 1227/3692/362
f 1230/3693/363 1217/3694/364 1229/3695/365
f 1214/3696/7 1231/3697/7 1226/3698/7
f 1220/3699/8 1233/3700/8 1221/3701/8
f 1222/3702/366 1232/3703/366 1220/3704/366
f 1219/3705/367 1233/3706/367 1231/3707/367
f 1215/3708/7 1235/3709/7 1227/3710/7
f 1216/3711/8 1229/3712/8 1217/3713/8
f 1213/3714/8 1236/3715/8 1224/3716/8
f 1230/3717/7 1222/3718/7 1218/3719/7
f 1236/3720/368 1223/3721/368 1224/3722/368
f 1237/3723/369 1226/3724/369 1238/3725/369
f 1240/3726/370 1227/3727/370 1239/3728/370
f 1242/3729/371 1229/3730/371 1241/3731/371
f 1226/3732/7 1243/3733/7 1238/3734/7
f 1233/3735/8 1244/3736/8 1245/3737/8
f 1234/3738/372 1244/3739/372 1232/3740/372
f 1233/3741/372 1243/3742/372 1231/3743/372
f 1235/3744/7 1239/3745/7 1227/3746/7
f 1229/3747/8 1240/3748/8 1241/3749/8
f 1225/3750/8 1248/3751/8 1236/3752/8
f 1230/3753/7 1246/3754/7 1234/3755/7
f 1248/3756/373 1235/3757/373 1236/3758/373
f 1249/3759/374 1238/3760/374 1250/3761/374
f 1251/3762/375 1240/3763/375 1239/3764/375
f 1254/3765/376 1241/3766/377 1253/3767/376
f 1238/3768/7 1255/3769/7 1250/3770/7
f 1245/3771/8 1256/3772/8 1257/3773/8
f 1246/3774/378 1256/3775/378 1244/3776/378
f 1243/3777/378 1257/3778/378 1255/3779/378
f 1247/3780/7 1251/3781/7 1239/3782/7
f 1241/3783/8 1252/3784/8 1253/3785/8
f 1237/3786/8 1260/3787/8 1248/3788/8
f 1242/3789/7 1258/3790/7 1246/3791/7
f 1260/3792/375 1247/3793/375 1248/3794/375
f 1262/3795/7 1264/3796/7 1261/3797/7
f 1262/3795/7 1266/3798/7 1263/3799/7
f 1267/3800/8 1269/3801/8 1270/3802/8
f 1268/3803/8 1272/3804/8 1269/3801/8
f 1274/3805/13 1267/3806/13 1273/3807/13
f 1275/3808/13 1268/3809/13 1274/3805/13
f 1270/3810/13 1262/3811/13 1261/3812/13
f 1272/3813/13 1262/3811/13 1269/3814/13
f 1277/3815/7 1279/3816/7 1276/3817/7
f 1277/3815/7 1281/3818/7 1278/3819/7
f 1282/3820/8 1284/3821/8 1285/3822/8
f 1283/3823/8 1287/3824/8 1284/3821/8
f 1289/3825/15 1287/3826/15 1288/3827/15
f 1283/3828/15 1281/3829/15 1286/3830/15
f 1291/3831/8 1293/3832/8 1290/3833/8
f 1291/3831/8 1295/3834/8 1292/3835/8
f 1273/3836/7 1289/3837/7 1274/3838/7
f 1289/3837/7 1275/3839/7 1274/3838/7
f 1293/3840/15 1277/3841/15 1276/3842/15
f 1292/3843/15 1280/3844/15 1277/3841/15
f 1294/3845/13 1263/3846/13 1266/3847/13
f 1291/3848/13 1264/3849/13 1263/3846/13
f 1290/3850/13 1298/3851/13 1264/3849/13
f 1300/3852/15 1276/3842/15 1299/3853/15
f 1302/3854/7 1273/3836/7 1301/3855/7
f 1290/3833/8 1300/3856/8 1297/3857/8
f 1282/3858/15 1278/3859/15 1283/3828/15
f 1303/3860/15 1279/3861/15 1282/3858/15
f 1289/3825/15 1285/3862/15 1284/3863/15
f 1302/3864/15 1285/3862/15 1296/3865/15
f 1303/3866/8 1285/3822/8 1305/3867/8
f 1299/3868/7 1279/3816/7 1304/3869/7
f 1270/3810/13 1307/3870/13 1306/3871/13
f 1273/3807/13 1308/3872/13 1301/3873/13
f 1308/3874/8 1270/3802/8 1306/3875/8
f 1261/3797/7 1298/3876/7 1307/3877/7
f 1301/3878/1 1306/3879/1 1302/3880/1
f 1302/3880/1 1303/3881/1 1305/3882/1
f 1297/3883/1 1307/3884/1 1298/3885/1
f 1300/3886/1 1304/3887/1 1297/3883/1
f 1303/3881/1 1307/3884/1 1304/3887/1
f 1255/3888/379 1249/3889/379 1250/3890/379
f 1260/3891/380 1251/3892/380 1259/3893/380
f 1251/3892/381 1257/3894/382 1252/3895/383
f 1252/3895/384 1254/3896/385 1253/3897/386
f 1258/3898/387 1257/3894/388 1256/3899/387
f 1190/3900/389 1201/3901/389 1191/3902/389
f 1196/3903/390 1211/3904/390 1209/3905/390
f 1201/3901/391 1195/3906/392 1203/3907/393
f 1195/3906/394 1199/3908/395 1203/3907/396
f 1203/3907/397 1207/3909/398 1204/3910/399
f 1265/3911/5 1294/3912/5 1266/3913/5
f 1295/3914/5 1281/3915/5 1280/3916/5
f 1265/3911/5 1286/3917/5 1281/3915/5
f 1286/3917/5 1288/3918/5 1287/3919/5
f 1275/3920/5 1272/3921/5 1271/3922/5
f 1190/3615/344 1191/3923/344 1192/3616/344
f 1193/3618/400 1194/3924/400 1195/3619/400
f 1198/3621/401 1199/3925/402 1200/3622/403
f 1191/3624/7 1201/3926/7 1202/3625/7
f 1204/3627/8 1205/3927/8 1206/3628/8
f 1204/3630/404 1207/3928/404 1208/3631/349
f 1203/3633/351 1206/3929/351 1202/3634/351
f 1196/3636/7 1209/3930/7 1210/3637/7
f 1195/3639/8 1194/3931/8 1197/3640/8
f 1190/3642/8 1189/3932/8 1212/3643/8
f 1198/3645/7 1208/3933/7 1207/3646/7
f 1212/3648/352 1210/3934/352 1209/3649/352
f 1189/3651/405 1192/3935/405 1214/3652/405
f 1216/3654/355 1194/3936/355 1193/3655/355
f 1218/3657/406 1198/3937/406 1197/3658/406
f 1192/3660/7 1202/3938/7 1219/3661/7
f 1205/3663/8 1220/3939/8 1221/3664/8
f 1208/3666/358 1222/3940/358 1220/3667/358
f 1202/3669/359 1206/3941/359 1221/3670/359
f 1193/3672/7 1210/3942/7 1223/3673/7
f 1194/3675/8 1216/3943/8 1217/3676/8
f 1189/3678/8 1213/3944/8 1224/3679/8
f 1218/3681/7 1222/3945/7 1208/3682/7
f 1224/3684/360 1223/3946/360 1210/3685/360
f 1213/3687/361 1214/3947/361 1226/3688/361
f 1228/3690/407 1216/3948/407 1215/3691/407
f 1230/3693/408 1218/3949/408 1217/3694/409
f 1214/3696/7 1219/3950/7 1231/3697/7
f 1220/3699/8 1232/3951/8 1233/3700/8
f 1222/3702/410 1234/3952/410 1232/3703/410
f 1219/3705/367 1221/3953/367 1233/3706/367
f 1215/3708/7 1223/3954/7 1235/3709/7
f 1216/3711/8 1228/3955/8 1229/3712/8
f 1213/3714/8 1225/3956/8 1236/3715/8
f 1230/3717/7 1234/3957/7 1222/3718/7
f 1236/3720/368 1235/3958/368 1223/3721/368
f 1237/3723/369 1225/3959/369 1226/3724/369
f 1240/3726/370 1228/3960/370 1227/3727/370
f 1242/3729/411 1230/3961/411 1229/3730/411
f 1226/3732/7 1231/3962/7 1243/3733/7
f 1233/3735/8 1232/3963/8 1244/3736/8
f 1234/3738/372 1246/3964/372 1244/3739/372
f 1233/3741/372 1245/3965/372 1243/3742/372
f 1235/3744/7 1247/3966/7 1239/3745/7
f 1229/3747/8 1228/3967/8 1240/3748/8
f 1225/3750/8 1237/3968/8 1248/3751/8
f 1230/3753/7 1242/3969/7 1246/3754/7
f 1248/3756/373 1247/3970/373 1235/3757/373
f 1249/3759/374 1237/3971/374 1238/3760/374
f 1251/3762/375 1252/3972/375 1240/3763/375
f 1254/3765/412 1242/3973/412 1241/3766/412
f 1238/3768/7 1243/3974/7 1255/3769/7
f 1245/3771/8 1244/3975/8 1256/3772/8
f 1246/3774/378 1258/3976/378 1256/3775/378
f 1243/3777/378 1245/3977/378 1257/3778/378
f 1247/3780/7 1259/3978/7 1251/3781/7
f 1241/3783/8 1240/3979/8 1252/3784/8
f 1237/3786/8 1249/3980/8 1260/3787/8
f 1242/3789/7 1254/3981/7 1258/3790/7
f 1260/3792/375 1259/3982/375 1247/3793/375
f 1262/3795/7 1263/3799/7 1264/3796/7
f 1262/3795/7 1265/3983/7 1266/3798/7
f 1267/3800/8 1268/3803/8 1269/3801/8
f 1268/3803/8 1271/3984/8 1272/3804/8
f 1274/3805/13 1268/3809/13 1267/3806/13
f 1275/3808/13 1271/3985/13 1268/3809/13
f 1270/3810/13 1269/3814/13 1262/3811/13
f 1272/3813/13 1265/3986/13 1262/3811/13
f 1277/3815/7 1278/3819/7 1279/3816/7
f 1277/3815/7 1280/3987/7 1281/3818/7
f 1282/3820/8 1283/3823/8 1284/3821/8
f 1283/3823/8 1286/3988/8 1287/3824/8
f 1289/3825/15 1284/3863/15 1287/3826/15
f 1283/3828/15 1278/3859/15 1281/3829/15
f 1291/3831/8 1292/3835/8 1293/3832/8
f 1291/3831/8 1294/3989/8 1295/3834/8
f 1273/3836/7 1296/3990/7 1289/3837/7
f 1289/3837/7 1288/3991/7 1275/3839/7
f 1293/3840/15 1292/3843/15 1277/3841/15
f 1292/3843/15 1295/3992/15 1280/3844/15
f 1294/3845/13 1291/3848/13 1263/3846/13
f 1291/3848/13 1290/3850/13 1264/3849/13
f 1290/3850/13 1297/3993/13 1298/3851/13
f 1300/3852/15 1293/3840/15 1276/3842/15
f 1302/3854/7 1296/3990/7 1273/3836/7
f 1290/3833/8 1293/3832/8 1300/3856/8
f 1282/3858/15 1279/3861/15 1278/3859/15
f 1303/3860/15 1304/3994/15 1279/3861/15
f 1289/3825/15 1296/3865/15 1285/3862/15
f 1302/3864/15 1305/3995/15 1285/3862/15
f 1303/3866/8 1282/3820/8 1285/3822/8
f 1299/3868/7 1276/3817/7 1279/3816/7
f 1270/3810/13 1261/3812/13 1307/3870/13
f 1273/3807/13 1267/3806/13 1308/3872/13
f 1308/3874/8 1267/3800/8 1270/3802/8
f 1261/3797/7 1264/3796/7 1298/3876/7
f 1301/3878/1 1308/3996/1 1306/3879/1
f 1302/3880/1 1306/3879/1 1303/3881/1
f 1297/3883/1 1304/3887/1 1307/3884/1
f 1300/3886/1 1299/3997/1 1304/3887/1
f 1303/3881/1 1306/3879/1 1307/3884/1
f 1255/3888/379 1260/3891/379 1249/3889/379
f 1260/3891/413 1255/3888/413 1251/3892/413
f 1251/3892/381 1255/3888/381 1257/3894/382
f 1252/3895/384 1257/3894/414 1254/3896/385
f 1258/3898/415 1254/3896/416 1257/3894/388
f 1190/3900/417 1211/3904/417 1201/3901/417
f 1196/3903/418 1201/3901/418 1211/3904/418
f 1201/3901/391 1196/3903/391 1195/3906/392
f 1195/3906/419 1200/3998/420 1199/3908/395
f 1203/3907/397 1199/3908/421 1207/3909/422
f 1265/3911/5 1295/3914/5 1294/3912/5
f 1295/3914/5 1265/3911/5 1281/3915/5
f 1265/3911/5 1272/3921/5 1286/3917/5
f 1286/3917/5 1275/3920/5 1288/3918/5
f 1275/3920/5 1286/3917/5 1272/3921/5
